{
  "executionMode": "USER",
  "globalCss": ".app-MyPreps-LabelSupView\n{\n  color: white;\n  font-size: 30px;\n  font-weight: normal;\n  margin: none;\n  font-weight: lighter;\n}\n\n.app-MyPreps-LabelSupPage {\n  color: black;\n  font-size: 30px;\n  margin: none;\n  font-weight: lighter;\n}\n\n/* CSS for menus */\n\n.PanelMenu,  {\nbackground-color: #bbdefb;\nbox-shadow: 0px 5px 8px 0px rgba(0, 0, 0, 0.14),\n              0px 1px 14px 0px rgba(0, 0, 0, 0.12),\n              0px 3px 5px -1px rgba(0, 0, 0, 0.2);\n}\n\n\n.BackgroundMenu{\n  background-color: #bbdefb;\n}\n\n\n/* CSS for buttons by timeframes */\n\n.TimeButton {\nbackground-color: #ffeb3b;\n}\n\n\n\n/* Button CSS */\n\n.titleView {\n  color: white;\n  font-size: 30px;\n  font-weight: lighter;\n  margin: none;\n  letter-spacing: 4\n}\n\n/* Style for Sub Texts */\n\n.subText{\n   \n  font-size: 35px;\n  font-weight: lighter;\n\n}\n\n\n.z-depth-1, nav, .card-panel, .card, .toast, .btn, .btn-large, .btn-floating, .dropdown-content, .collapsible, .side-nav {\n  -webkit-box-shadow: 0 2px 2px 0 rgba(0, 0, 0, 0.14), 0 1px 5px 0 rgba(0, 0, 0, 0.12), 0 3px 1px -2px rgba(0, 0, 0, 0.2);\n          box-shadow: 0 2px 2px 0 rgba(0, 0, 0, 0.14), 0 1px 5px 0 rgba(0, 0, 0, 0.12), 0 3px 1px -2px rgba(0, 0, 0, 0.2);\n}\n\n.z-depth-1-half, .btn:hover, .btn-large:hover, .btn-floating:hover {\n  -webkit-box-shadow: 0 3px 3px 0 rgba(0, 0, 0, 0.14), 0 1px 7px 0 rgba(0, 0, 0, 0.12), 0 3px 1px -1px rgba(0, 0, 0, 0.2);\n          box-shadow: 0 3px 3px 0 rgba(0, 0, 0, 0.14), 0 1px 7px 0 rgba(0, 0, 0, 0.12), 0 3px 1px -1px rgba(0, 0, 0, 0.2);\n}\n\n.btn:hover, .btn-large:hover {\n  background-color: #ffff72;\n}\n\n\n.app-Header-Header {\n  background-color: #2196F3;\n  padding: 0 24px;\n  transition: padding .22s ease-in;\n  box-shadow: 0px 5px 8px 0px rgba(0, 0, 0, 0.14),\n              0px 1px 14px 0px rgba(0, 0, 0, 0.12),\n              0px 3px 5px -1px rgba(0, 0, 0, 0.2);\n}\n\n.header {\n  z-index: 5;\n  width: 100% !important;\n}\n\n.app-Header-Label1 {\n  color: white;\n  font-size: 30px;\n  font-weight: ;\n  margin: none;\n  letter-spacing: 1px;\n}\n\n.materialBtn {\n  position: relative;\n\n  display: block;\n  padding: 0;\n\n  overflow: hidden;\n\n  border-width: 0;\n  outline: none;\n  border-radius: 2px;\n  box-shadow: 0 1px 4px rgba(0, 0, 0, .6);\n  \n  background-color: #01579B;\n  color: #ecf0f1;\n  \n  transition: background-color .3s;\n}\n\n.materialBtn:hover, .materialBtn:focus {\n  background-color: #0277BD;\n}\n\n.materialBtn \u003e * {\n  position: relative;\n}\n\n.materialBtn span {\n  display: block;\n  padding: 12px 24px;\n}\n\n.materialBtn:before {\n  content: \"\";\n  \n  position: absolute;\n  top: 50%;\n  left: 50%;\n  \n  display: block;\n  width: 0;\n  padding-top: 0;\n    \n  border-radius: 100%;\n  \n  background-color: rgba(236, 240, 241, .3);\n  \n  -webkit-transform: translate(-50%, -50%);\n  -moz-transform: translate(-50%, -50%);\n  -ms-transform: translate(-50%, -50%);\n  -o-transform: translate(-50%, -50%);\n  transform: translate(-50%, -50%);\n}\n\n.app-MyPreps-Button1,\n.app-PrepForm-Button1 {\n  font-weight: lighter;\n}\n\n\n.materialBtn:active:before {\n  width: 120%;\n  padding-top: 120%;\n  \n  transition: width .2s ease-out, padding-top .2s ease-out;\n  \n}\n",
  "groups": [],
  "initialViewKey": "WUQtOvH9awk8YYBHh53vGblXXPBWZqYh",
  "libraries": [
    "https://canvasjs.com/assets/script/canvasjs.min.js",
    "https://www.gstatic.com/charts/loader.js",
    "https://cdnjs.cloudflare.com/ajax/libs/materialize/0.100.2/js/materialize.min.js"
  ],
  "templateKey": "sqlTemplate.blank"
}