{
  "class": "Panel",
  "key": "mW9CsiDIpaHKvl6tJChACeTRKGiva2lp",
  "permission": {
    "name": "canRead",
    "type": "compoundEveryone"
  },
  "propList": [
    {
      "k": "styleMap",
      "v": {
        "name": "styleMap",
        "properties": [],
        "type": "PropertyMap[styleMap]"
      }
    },
    {
      "k": "width",
      "v": 960
    },
    {
      "k": "height",
      "v": 960
    },
    {
      "k": "name",
      "v": "BackupStuff"
    },
    {
      "k": "variant",
      "v": "Background"
    },
    {
      "k": "top",
      "v": 4
    },
    {
      "k": "left",
      "v": 4
    },
    {
      "k": "children",
      "v": {
        "list": [
          {
            "class": "TextField",
            "key": "0_968572749",
            "propList": [
              {
                "k": "styleMap",
                "v": {
                  "name": "styleMap",
                  "properties": [],
                  "type": "PropertyMap[styleMap]"
                }
              },
              {
                "k": "width",
                "v": 500
              },
              {
                "k": "height",
                "v": 33
              },
              {
                "k": "name",
                "v": "Time1"
              },
              {
                "k": "left",
                "v": 38
              },
              {
                "k": "top",
                "v": 78
              },
              {
                "k": "autoHeight",
                "v": true
              },
              {
                "k": "right",
                "v": 422
              },
              {
                "k": "bottom",
                "v": 849
              },
              {
                "k": "bindings",
                "v": {
                  "list": [{
                    "sourceExpression": "value",
                    "targetExpression": "getTimestamp1();",
                    "targetLiteralExpression": "getTimestamp1();",
                    "type": "BindingInfo"
                  }],
                  "type": "List[BindingInfo]"
                }
              },
              {
                "k": "constrain_left",
                "v": true
              },
              {
                "k": "constrain_right",
                "v": false
              },
              {
                "k": "constrain_width",
                "v": true
              },
              {
                "k": "constrain_minWidth",
                "v": false
              },
              {
                "k": "constrain_maxWidth",
                "v": false
              },
              {
                "k": "constrain_top",
                "v": true
              },
              {
                "k": "constrain_bottom",
                "v": false
              },
              {
                "k": "constrain_height",
                "v": true
              },
              {
                "k": "constrain_minHeight",
                "v": false
              },
              {
                "k": "constrain_maxHeight",
                "v": false
              }
            ],
            "type": "ComponentInfo"
          },
          {
            "class": "TextField",
            "key": "0_1562636227",
            "propList": [
              {
                "k": "styleMap",
                "v": {
                  "name": "styleMap",
                  "properties": [],
                  "type": "PropertyMap[styleMap]"
                }
              },
              {
                "k": "width",
                "v": 500
              },
              {
                "k": "height",
                "v": 33
              },
              {
                "k": "name",
                "v": "Time"
              },
              {
                "k": "left",
                "v": 38
              },
              {
                "k": "top",
                "v": 32
              },
              {
                "k": "autoHeight",
                "v": true
              },
              {
                "k": "right",
                "v": 422
              },
              {
                "k": "bottom",
                "v": 895
              },
              {
                "k": "bindings",
                "v": {
                  "list": [{
                    "sourceExpression": "value",
                    "targetExpression": "getTimestamp();",
                    "targetLiteralExpression": "getTimestamp();",
                    "type": "BindingInfo"
                  }],
                  "type": "List[BindingInfo]"
                }
              },
              {
                "k": "constrain_right",
                "v": false
              },
              {
                "k": "constrain_width",
                "v": true
              },
              {
                "k": "constrain_left",
                "v": true
              },
              {
                "k": "constrain_minWidth",
                "v": false
              },
              {
                "k": "constrain_maxWidth",
                "v": false
              },
              {
                "k": "constrain_top",
                "v": true
              },
              {
                "k": "constrain_bottom",
                "v": false
              },
              {
                "k": "constrain_height",
                "v": true
              },
              {
                "k": "constrain_minHeight",
                "v": false
              },
              {
                "k": "constrain_maxHeight",
                "v": false
              }
            ],
            "type": "ComponentInfo"
          },
          {
            "class": "TextField",
            "key": "6_26799519",
            "propList": [
              {
                "k": "styleMap",
                "v": {
                  "name": "styleMap",
                  "properties": [],
                  "type": "PropertyMap[styleMap]"
                }
              },
              {
                "k": "width",
                "v": 500
              },
              {
                "k": "height",
                "v": 33
              },
              {
                "k": "name",
                "v": "Time7"
              },
              {
                "k": "left",
                "v": 54
              },
              {
                "k": "top",
                "v": 150
              },
              {
                "k": "autoHeight",
                "v": true
              },
              {
                "k": "right",
                "v": 406
              },
              {
                "k": "bottom",
                "v": 777
              },
              {
                "k": "bindings",
                "v": {
                  "list": [{
                    "sourceExpression": "value",
                    "targetExpression": "getTimestamp7();",
                    "targetLiteralExpression": "getTimestamp7();",
                    "type": "BindingInfo"
                  }],
                  "type": "List[BindingInfo]"
                }
              },
              {
                "k": "constrain_left",
                "v": true
              },
              {
                "k": "constrain_right",
                "v": false
              },
              {
                "k": "constrain_width",
                "v": true
              },
              {
                "k": "constrain_minWidth",
                "v": false
              },
              {
                "k": "constrain_maxWidth",
                "v": false
              },
              {
                "k": "constrain_top",
                "v": true
              },
              {
                "k": "constrain_bottom",
                "v": false
              },
              {
                "k": "constrain_height",
                "v": true
              },
              {
                "k": "constrain_minHeight",
                "v": false
              },
              {
                "k": "constrain_maxHeight",
                "v": false
              }
            ],
            "type": "ComponentInfo"
          },
          {
            "class": "TextField",
            "key": "5_1688896143",
            "propList": [
              {
                "k": "styleMap",
                "v": {
                  "name": "styleMap",
                  "properties": [],
                  "type": "PropertyMap[styleMap]"
                }
              },
              {
                "k": "width",
                "v": 500
              },
              {
                "k": "height",
                "v": 33
              },
              {
                "k": "name",
                "v": "Time6"
              },
              {
                "k": "left",
                "v": 54
              },
              {
                "k": "top",
                "v": 105
              },
              {
                "k": "autoHeight",
                "v": true
              },
              {
                "k": "right",
                "v": 406
              },
              {
                "k": "bottom",
                "v": 822
              },
              {
                "k": "bindings",
                "v": {
                  "list": [{
                    "sourceExpression": "value",
                    "targetExpression": "getTimestamp6();",
                    "targetLiteralExpression": "getTimestamp6();",
                    "type": "BindingInfo"
                  }],
                  "type": "List[BindingInfo]"
                }
              },
              {
                "k": "constrain_left",
                "v": true
              },
              {
                "k": "constrain_right",
                "v": false
              },
              {
                "k": "constrain_width",
                "v": true
              },
              {
                "k": "constrain_minWidth",
                "v": false
              },
              {
                "k": "constrain_maxWidth",
                "v": false
              },
              {
                "k": "constrain_top",
                "v": true
              },
              {
                "k": "constrain_bottom",
                "v": false
              },
              {
                "k": "constrain_height",
                "v": true
              },
              {
                "k": "constrain_minHeight",
                "v": false
              },
              {
                "k": "constrain_maxHeight",
                "v": false
              }
            ],
            "type": "ComponentInfo"
          },
          {
            "class": "TextField",
            "key": "4_620289296",
            "propList": [
              {
                "k": "styleMap",
                "v": {
                  "name": "styleMap",
                  "properties": [],
                  "type": "PropertyMap[styleMap]"
                }
              },
              {
                "k": "width",
                "v": 500
              },
              {
                "k": "height",
                "v": 33
              },
              {
                "k": "name",
                "v": "Time5"
              },
              {
                "k": "left",
                "v": 120
              },
              {
                "k": "top",
                "v": 49
              },
              {
                "k": "autoHeight",
                "v": true
              },
              {
                "k": "right",
                "v": 340
              },
              {
                "k": "bottom",
                "v": 878
              },
              {
                "k": "bindings",
                "v": {
                  "list": [{
                    "sourceExpression": "value",
                    "targetExpression": "getTimestamp5();",
                    "targetLiteralExpression": "getTimestamp5();",
                    "type": "BindingInfo"
                  }],
                  "type": "List[BindingInfo]"
                }
              },
              {
                "k": "constrain_left",
                "v": true
              },
              {
                "k": "constrain_right",
                "v": false
              },
              {
                "k": "constrain_width",
                "v": true
              },
              {
                "k": "constrain_minWidth",
                "v": false
              },
              {
                "k": "constrain_maxWidth",
                "v": false
              },
              {
                "k": "constrain_top",
                "v": true
              },
              {
                "k": "constrain_bottom",
                "v": false
              },
              {
                "k": "constrain_height",
                "v": true
              },
              {
                "k": "constrain_minHeight",
                "v": false
              },
              {
                "k": "constrain_maxHeight",
                "v": false
              }
            ],
            "type": "ComponentInfo"
          },
          {
            "class": "TextField",
            "key": "3_900799135",
            "propList": [
              {
                "k": "styleMap",
                "v": {
                  "name": "styleMap",
                  "properties": [],
                  "type": "PropertyMap[styleMap]"
                }
              },
              {
                "k": "width",
                "v": 500
              },
              {
                "k": "height",
                "v": 33
              },
              {
                "k": "name",
                "v": "Time4"
              },
              {
                "k": "left",
                "v": 38
              },
              {
                "k": "top",
                "v": 216
              },
              {
                "k": "autoHeight",
                "v": true
              },
              {
                "k": "right",
                "v": 422
              },
              {
                "k": "bottom",
                "v": 711
              },
              {
                "k": "bindings",
                "v": {
                  "list": [{
                    "sourceExpression": "value",
                    "targetExpression": "getTimestamp4();",
                    "targetLiteralExpression": "getTimestamp4();",
                    "type": "BindingInfo"
                  }],
                  "type": "List[BindingInfo]"
                }
              },
              {
                "k": "constrain_left",
                "v": true
              },
              {
                "k": "constrain_right",
                "v": false
              },
              {
                "k": "constrain_width",
                "v": true
              },
              {
                "k": "constrain_minWidth",
                "v": false
              },
              {
                "k": "constrain_maxWidth",
                "v": false
              },
              {
                "k": "constrain_top",
                "v": true
              },
              {
                "k": "constrain_bottom",
                "v": false
              },
              {
                "k": "constrain_height",
                "v": true
              },
              {
                "k": "constrain_minHeight",
                "v": false
              },
              {
                "k": "constrain_maxHeight",
                "v": false
              }
            ],
            "type": "ComponentInfo"
          },
          {
            "class": "TextField",
            "key": "2_447262108",
            "propList": [
              {
                "k": "styleMap",
                "v": {
                  "name": "styleMap",
                  "properties": [],
                  "type": "PropertyMap[styleMap]"
                }
              },
              {
                "k": "width",
                "v": 500
              },
              {
                "k": "height",
                "v": 33
              },
              {
                "k": "name",
                "v": "GoodTime"
              },
              {
                "k": "left",
                "v": 38
              },
              {
                "k": "top",
                "v": 168
              },
              {
                "k": "autoHeight",
                "v": true
              },
              {
                "k": "right",
                "v": 422
              },
              {
                "k": "bottom",
                "v": 759
              },
              {
                "k": "bindings",
                "v": {
                  "list": [{
                    "sourceExpression": "value",
                    "targetExpression": "getTimestamp3();",
                    "targetLiteralExpression": "getTimestamp3();",
                    "type": "BindingInfo"
                  }],
                  "type": "List[BindingInfo]"
                }
              },
              {
                "k": "constrain_left",
                "v": true
              },
              {
                "k": "constrain_right",
                "v": false
              },
              {
                "k": "constrain_width",
                "v": true
              },
              {
                "k": "constrain_minWidth",
                "v": false
              },
              {
                "k": "constrain_maxWidth",
                "v": false
              },
              {
                "k": "constrain_top",
                "v": true
              },
              {
                "k": "constrain_bottom",
                "v": false
              },
              {
                "k": "constrain_height",
                "v": true
              },
              {
                "k": "constrain_minHeight",
                "v": false
              },
              {
                "k": "constrain_maxHeight",
                "v": false
              }
            ],
            "type": "ComponentInfo"
          },
          {
            "class": "TextField",
            "key": "1_1256125126",
            "propList": [
              {
                "k": "styleMap",
                "v": {
                  "name": "styleMap",
                  "properties": [],
                  "type": "PropertyMap[styleMap]"
                }
              },
              {
                "k": "width",
                "v": 500
              },
              {
                "k": "height",
                "v": 33
              },
              {
                "k": "name",
                "v": "Time2"
              },
              {
                "k": "left",
                "v": 38
              },
              {
                "k": "top",
                "v": 123
              },
              {
                "k": "autoHeight",
                "v": true
              },
              {
                "k": "right",
                "v": 422
              },
              {
                "k": "bottom",
                "v": 804
              },
              {
                "k": "bindings",
                "v": {
                  "list": [{
                    "sourceExpression": "value",
                    "targetExpression": "getTimestamp2();",
                    "targetLiteralExpression": "getTimestamp2();",
                    "type": "BindingInfo"
                  }],
                  "type": "List[BindingInfo]"
                }
              },
              {
                "k": "constrain_left",
                "v": true
              },
              {
                "k": "constrain_right",
                "v": false
              },
              {
                "k": "constrain_width",
                "v": true
              },
              {
                "k": "constrain_minWidth",
                "v": false
              },
              {
                "k": "constrain_maxWidth",
                "v": false
              },
              {
                "k": "constrain_top",
                "v": true
              },
              {
                "k": "constrain_bottom",
                "v": false
              },
              {
                "k": "constrain_height",
                "v": true
              },
              {
                "k": "constrain_minHeight",
                "v": false
              },
              {
                "k": "constrain_maxHeight",
                "v": false
              }
            ],
            "type": "ComponentInfo"
          },
          {
            "class": "TextField",
            "key": "13_1429245325",
            "propList": [
              {
                "k": "styleMap",
                "v": {
                  "name": "styleMap",
                  "properties": [],
                  "type": "PropertyMap[styleMap]"
                }
              },
              {
                "k": "width",
                "v": 200
              },
              {
                "k": "height",
                "v": 33
              },
              {
                "k": "name",
                "v": "TextBox8"
              },
              {
                "k": "left",
                "v": 607
              },
              {
                "k": "top",
                "v": 150
              },
              {
                "k": "autoHeight",
                "v": true
              },
              {
                "k": "right",
                "v": 153
              },
              {
                "k": "bottom",
                "v": 777
              },
              {
                "k": "constrain_left",
                "v": true
              },
              {
                "k": "constrain_right",
                "v": false
              },
              {
                "k": "constrain_width",
                "v": true
              },
              {
                "k": "constrain_minWidth",
                "v": false
              },
              {
                "k": "constrain_maxWidth",
                "v": false
              },
              {
                "k": "constrain_top",
                "v": true
              },
              {
                "k": "constrain_bottom",
                "v": false
              },
              {
                "k": "constrain_height",
                "v": true
              },
              {
                "k": "constrain_minHeight",
                "v": false
              },
              {
                "k": "constrain_maxHeight",
                "v": false
              },
              {
                "k": "value",
                "v": "toUTCString();"
              }
            ],
            "type": "ComponentInfo"
          },
          {
            "class": "TextField",
            "key": "12_128543060",
            "propList": [
              {
                "k": "styleMap",
                "v": {
                  "name": "styleMap",
                  "properties": [],
                  "type": "PropertyMap[styleMap]"
                }
              },
              {
                "k": "width",
                "v": 200
              },
              {
                "k": "height",
                "v": 33
              },
              {
                "k": "name",
                "v": "TextBox7"
              },
              {
                "k": "left",
                "v": 607
              },
              {
                "k": "top",
                "v": 104
              },
              {
                "k": "autoHeight",
                "v": true
              },
              {
                "k": "right",
                "v": 153
              },
              {
                "k": "bottom",
                "v": 823
              },
              {
                "k": "constrain_left",
                "v": true
              },
              {
                "k": "constrain_right",
                "v": false
              },
              {
                "k": "constrain_width",
                "v": true
              },
              {
                "k": "constrain_minWidth",
                "v": false
              },
              {
                "k": "constrain_maxWidth",
                "v": false
              },
              {
                "k": "constrain_top",
                "v": true
              },
              {
                "k": "constrain_bottom",
                "v": false
              },
              {
                "k": "constrain_height",
                "v": true
              },
              {
                "k": "constrain_minHeight",
                "v": false
              },
              {
                "k": "constrain_maxHeight",
                "v": false
              },
              {
                "k": "value",
                "v": "toTimeString();"
              }
            ],
            "type": "ComponentInfo"
          },
          {
            "class": "TextField",
            "key": "11_1773902552",
            "propList": [
              {
                "k": "styleMap",
                "v": {
                  "name": "styleMap",
                  "properties": [],
                  "type": "PropertyMap[styleMap]"
                }
              },
              {
                "k": "width",
                "v": 200
              },
              {
                "k": "height",
                "v": 33
              },
              {
                "k": "name",
                "v": "TextBox6"
              },
              {
                "k": "left",
                "v": 607
              },
              {
                "k": "top",
                "v": 60
              },
              {
                "k": "autoHeight",
                "v": true
              },
              {
                "k": "right",
                "v": 153
              },
              {
                "k": "bottom",
                "v": 867
              },
              {
                "k": "constrain_left",
                "v": true
              },
              {
                "k": "constrain_right",
                "v": false
              },
              {
                "k": "constrain_width",
                "v": true
              },
              {
                "k": "constrain_minWidth",
                "v": false
              },
              {
                "k": "constrain_maxWidth",
                "v": false
              },
              {
                "k": "constrain_top",
                "v": true
              },
              {
                "k": "constrain_bottom",
                "v": false
              },
              {
                "k": "constrain_height",
                "v": true
              },
              {
                "k": "constrain_minHeight",
                "v": false
              },
              {
                "k": "constrain_maxHeight",
                "v": false
              },
              {
                "k": "value",
                "v": "toString();"
              }
            ],
            "type": "ComponentInfo"
          },
          {
            "class": "TextField",
            "key": "10_1403588127",
            "propList": [
              {
                "k": "styleMap",
                "v": {
                  "name": "styleMap",
                  "properties": [],
                  "type": "PropertyMap[styleMap]"
                }
              },
              {
                "k": "width",
                "v": 200
              },
              {
                "k": "height",
                "v": 33
              },
              {
                "k": "name",
                "v": "TextBox5"
              },
              {
                "k": "left",
                "v": 591
              },
              {
                "k": "top",
                "v": 216
              },
              {
                "k": "autoHeight",
                "v": true
              },
              {
                "k": "right",
                "v": 169
              },
              {
                "k": "bottom",
                "v": 711
              },
              {
                "k": "constrain_left",
                "v": true
              },
              {
                "k": "constrain_right",
                "v": false
              },
              {
                "k": "constrain_width",
                "v": true
              },
              {
                "k": "constrain_minWidth",
                "v": false
              },
              {
                "k": "constrain_maxWidth",
                "v": false
              },
              {
                "k": "constrain_top",
                "v": true
              },
              {
                "k": "constrain_bottom",
                "v": false
              },
              {
                "k": "constrain_height",
                "v": true
              },
              {
                "k": "constrain_minHeight",
                "v": false
              },
              {
                "k": "constrain_maxHeight",
                "v": false
              },
              {
                "k": "value",
                "v": "toLocaleTimeString();"
              }
            ],
            "type": "ComponentInfo"
          },
          {
            "class": "TextField",
            "key": "9_2079130535",
            "propList": [
              {
                "k": "styleMap",
                "v": {
                  "name": "styleMap",
                  "properties": [],
                  "type": "PropertyMap[styleMap]"
                }
              },
              {
                "k": "width",
                "v": 200
              },
              {
                "k": "height",
                "v": 33
              },
              {
                "k": "name",
                "v": "TextBox4"
              },
              {
                "k": "left",
                "v": 591
              },
              {
                "k": "top",
                "v": 168
              },
              {
                "k": "autoHeight",
                "v": true
              },
              {
                "k": "right",
                "v": 169
              },
              {
                "k": "bottom",
                "v": 759
              },
              {
                "k": "constrain_left",
                "v": true
              },
              {
                "k": "constrain_right",
                "v": false
              },
              {
                "k": "constrain_width",
                "v": true
              },
              {
                "k": "constrain_minWidth",
                "v": false
              },
              {
                "k": "constrain_maxWidth",
                "v": false
              },
              {
                "k": "constrain_top",
                "v": true
              },
              {
                "k": "constrain_bottom",
                "v": false
              },
              {
                "k": "constrain_height",
                "v": true
              },
              {
                "k": "constrain_minHeight",
                "v": false
              },
              {
                "k": "constrain_maxHeight",
                "v": false
              },
              {
                "k": "value",
                "v": "toLocaleString();"
              }
            ],
            "type": "ComponentInfo"
          },
          {
            "class": "TextField",
            "key": "8_1559991490",
            "propList": [
              {
                "k": "styleMap",
                "v": {
                  "name": "styleMap",
                  "properties": [],
                  "type": "PropertyMap[styleMap]"
                }
              },
              {
                "k": "width",
                "v": 200
              },
              {
                "k": "height",
                "v": 33
              },
              {
                "k": "name",
                "v": "TextBox3"
              },
              {
                "k": "left",
                "v": 591
              },
              {
                "k": "top",
                "v": 122
              },
              {
                "k": "autoHeight",
                "v": true
              },
              {
                "k": "right",
                "v": 169
              },
              {
                "k": "bottom",
                "v": 805
              },
              {
                "k": "constrain_left",
                "v": true
              },
              {
                "k": "constrain_right",
                "v": false
              },
              {
                "k": "constrain_width",
                "v": true
              },
              {
                "k": "constrain_minWidth",
                "v": false
              },
              {
                "k": "constrain_maxWidth",
                "v": false
              },
              {
                "k": "constrain_top",
                "v": true
              },
              {
                "k": "constrain_bottom",
                "v": false
              },
              {
                "k": "constrain_height",
                "v": true
              },
              {
                "k": "constrain_minHeight",
                "v": false
              },
              {
                "k": "constrain_maxHeight",
                "v": false
              },
              {
                "k": "value",
                "v": "toLocaleDateString();"
              }
            ],
            "type": "ComponentInfo"
          },
          {
            "class": "TextField",
            "key": "7_2142577181",
            "propList": [
              {
                "k": "styleMap",
                "v": {
                  "name": "styleMap",
                  "properties": [],
                  "type": "PropertyMap[styleMap]"
                }
              },
              {
                "k": "width",
                "v": 200
              },
              {
                "k": "height",
                "v": 33
              },
              {
                "k": "name",
                "v": "TextBox2"
              },
              {
                "k": "left",
                "v": 591
              },
              {
                "k": "top",
                "v": 78
              },
              {
                "k": "autoHeight",
                "v": true
              },
              {
                "k": "right",
                "v": 169
              },
              {
                "k": "bottom",
                "v": 849
              },
              {
                "k": "constrain_left",
                "v": true
              },
              {
                "k": "constrain_right",
                "v": false
              },
              {
                "k": "constrain_width",
                "v": true
              },
              {
                "k": "constrain_minWidth",
                "v": false
              },
              {
                "k": "constrain_maxWidth",
                "v": false
              },
              {
                "k": "constrain_top",
                "v": true
              },
              {
                "k": "constrain_bottom",
                "v": false
              },
              {
                "k": "constrain_height",
                "v": true
              },
              {
                "k": "constrain_minHeight",
                "v": false
              },
              {
                "k": "constrain_maxHeight",
                "v": false
              },
              {
                "k": "value",
                "v": "toISOString();"
              }
            ],
            "type": "ComponentInfo"
          },
          {
            "class": "TextField",
            "key": "0_1556502182",
            "propList": [
              {
                "k": "styleMap",
                "v": {
                  "name": "styleMap",
                  "properties": [],
                  "type": "PropertyMap[styleMap]"
                }
              },
              {
                "k": "width",
                "v": 200
              },
              {
                "k": "height",
                "v": 33
              },
              {
                "k": "name",
                "v": "TextBox1"
              },
              {
                "k": "left",
                "v": 591
              },
              {
                "k": "top",
                "v": 32
              },
              {
                "k": "autoHeight",
                "v": true
              },
              {
                "k": "right",
                "v": 169
              },
              {
                "k": "bottom",
                "v": 895
              },
              {
                "k": "value",
                "v": "toDateString();"
              },
              {
                "k": "constrain_left",
                "v": true
              },
              {
                "k": "constrain_right",
                "v": false
              },
              {
                "k": "constrain_width",
                "v": true
              },
              {
                "k": "constrain_minWidth",
                "v": false
              },
              {
                "k": "constrain_maxWidth",
                "v": false
              },
              {
                "k": "constrain_top",
                "v": true
              },
              {
                "k": "constrain_bottom",
                "v": false
              },
              {
                "k": "constrain_height",
                "v": true
              },
              {
                "k": "constrain_minHeight",
                "v": false
              },
              {
                "k": "constrain_maxHeight",
                "v": false
              }
            ],
            "type": "ComponentInfo"
          }
        ],
        "type": "List[ComponentInfo]"
      }
    }
  ],
  "type": "ComponentInfo"
}