{
  "class": "Panel",
  "key": "WUQtOvH9awk8YYBHh53vGblXXPBWZqYh",
  "permission": {
    "name": "canRead",
    "permissions": [
      {"type": "everyone"},
      {
        "groupKeys": ["Admins"],
        "type": "groups"
      }
    ],
    "type": "compound"
  },
  "propList": [
    {
      "k": "styleMap",
      "v": {
        "name": "styleMap",
        "properties": [],
        "type": "PropertyMap[styleMap]"
      }
    },
    {
      "k": "name",
      "v": "EditVendor"
    },
    {
      "k": "styles",
      "v": {
        "list": [],
        "type": "List[String]"
      }
    },
    {
      "k": "constrain_left",
      "v": true
    },
    {
      "k": "left",
      "v": 25
    },
    {
      "k": "constrain_right",
      "v": false
    },
    {
      "k": "right",
      "v": 0
    },
    {
      "k": "constrain_width",
      "v": true
    },
    {
      "k": "width",
      "v": 960
    },
    {
      "k": "constrain_minWidth",
      "v": false
    },
    {
      "k": "minWidth",
      "v": 0
    },
    {
      "k": "constrain_maxWidth",
      "v": false
    },
    {
      "k": "maxWidth",
      "v": 0
    },
    {
      "k": "constrain_top",
      "v": true
    },
    {
      "k": "top",
      "v": 5
    },
    {
      "k": "constrain_bottom",
      "v": false
    },
    {
      "k": "bottom",
      "v": 0
    },
    {
      "k": "constrain_height",
      "v": true
    },
    {
      "k": "height",
      "v": 960
    },
    {
      "k": "constrain_minHeight",
      "v": false
    },
    {
      "k": "minHeight",
      "v": 0
    },
    {
      "k": "constrain_maxHeight",
      "v": false
    },
    {
      "k": "maxHeight",
      "v": 0
    },
    {
      "k": "autoHeight",
      "v": false
    },
    {
      "k": "autoWidth",
      "v": false
    },
    {
      "k": "align",
      "v": "inherited"
    },
    {
      "k": "grow",
      "v": 0
    },
    {
      "k": "validationDisplay",
      "v": false
    },
    {
      "k": "variant",
      "v": "Background"
    },
    {
      "k": "createChildrenOnInit",
      "v": "ON_INIT"
    },
    {
      "k": "layout",
      "v": "fixed"
    },
    {
      "k": "wrap",
      "v": "nowrap"
    },
    {
      "k": "justify",
      "v": "start"
    },
    {
      "k": "alignChildren",
      "v": "baseline"
    },
    {
      "k": "wrapAlign",
      "v": "stretch"
    },
    {
      "k": "title",
      "v": ""
    },
    {
      "k": "visible",
      "v": true
    },
    {
      "k": "bindings",
      "v": {
        "list": [{
          "sourceExpression": "_dataSource",
          "targetExpression": "@datasources.XB8pGwB9a42JUZqxE0JbHq8b91OOSnP2_default",
          "targetLiteralExpression": "@datasources.Department",
          "type": "BindingInfo"
        }],
        "type": "List[BindingInfo]"
      }
    },
    {
      "k": "children",
      "v": {
        "list": [
          {
            "class": "Pager",
            "key": "0_2097641633",
            "propList": [
              {
                "k": "styleMap",
                "v": {
                  "name": "styleMap",
                  "properties": [],
                  "type": "PropertyMap[styleMap]"
                }
              },
              {
                "k": "autoHeight",
                "v": true
              },
              {
                "k": "width",
                "v": 80
              },
              {
                "k": "height",
                "v": 32
              },
              {
                "k": "onPreviousClick",
                "v": "app.showPage(app.pages.EditTimes);"
              },
              {
                "k": "onNextClick",
                "v": "app.showPage(app.pages.RelationDatasource);"
              },
              {
                "k": "bindings",
                "v": {
                  "list": [],
                  "type": "List[BindingInfo]"
                }
              },
              {
                "k": "name",
                "v": "Pager1"
              },
              {
                "k": "left",
                "v": 132
              },
              {
                "k": "top",
                "v": 34
              },
              {
                "k": "autoWidth",
                "v": true
              },
              {
                "k": "right",
                "v": 748
              },
              {
                "k": "bottom",
                "v": 894
              },
              {
                "k": "text",
                "v": "Es un pager"
              }
            ],
            "type": "ComponentInfo"
          },
          {
            "class": "Panel",
            "key": "0_1437086117",
            "propList": [
              {
                "k": "styleMap",
                "v": {
                  "name": "styleMap",
                  "properties": [],
                  "type": "PropertyMap[styleMap]"
                }
              },
              {
                "k": "width",
                "v": 440
              },
              {
                "k": "height",
                "v": 500
              },
              {
                "k": "name",
                "v": "Form1"
              },
              {
                "k": "layout",
                "v": "vertical"
              },
              {
                "k": "autoHeight",
                "v": true
              },
              {
                "k": "variant",
                "v": "Paper"
              },
              {
                "k": "styles",
                "v": {
                  "list": ["app-Form"],
                  "type": "List[String]"
                }
              },
              {
                "k": "children",
                "v": {
                  "list": [
                    {
                      "class": "Panel",
                      "key": "0_1731529302",
                      "propList": [
                        {
                          "k": "styleMap",
                          "v": {
                            "name": "styleMap",
                            "properties": [],
                            "type": "PropertyMap[styleMap]"
                          }
                        },
                        {
                          "k": "width",
                          "v": 200
                        },
                        {
                          "k": "height",
                          "v": 200
                        },
                        {
                          "k": "name",
                          "v": "Form1Header"
                        },
                        {
                          "k": "suffixName",
                          "v": "Header"
                        },
                        {
                          "k": "layout",
                          "v": "horizontal"
                        },
                        {
                          "k": "variant",
                          "v": "Transparent"
                        },
                        {
                          "k": "styles",
                          "v": {
                            "list": ["app-FormHeader"],
                            "type": "List[String]"
                          }
                        },
                        {
                          "k": "autoWidth",
                          "v": true
                        },
                        {
                          "k": "align",
                          "v": "stretch"
                        },
                        {
                          "k": "autoHeight",
                          "v": true
                        },
                        {
                          "k": "children",
                          "v": {
                            "list": [
                              {
                                "class": "SimpleLabel",
                                "key": "0_184063669",
                                "propList": [
                                  {
                                    "k": "styleMap",
                                    "v": {
                                      "name": "styleMap",
                                      "properties": [],
                                      "type": "PropertyMap[styleMap]"
                                    }
                                  },
                                  {
                                    "k": "width",
                                    "v": 100
                                  },
                                  {
                                    "k": "height",
                                    "v": 20
                                  },
                                  {
                                    "k": "name",
                                    "v": "Title"
                                  },
                                  {
                                    "k": "text",
                                    "v": "Edit Vendor"
                                  },
                                  {
                                    "k": "autoWidth",
                                    "v": true
                                  },
                                  {
                                    "k": "autoHeight",
                                    "v": true
                                  },
                                  {
                                    "k": "variant",
                                    "v": "Title"
                                  },
                                  {
                                    "k": "grow",
                                    "v": 1
                                  }
                                ],
                                "type": "ComponentInfo"
                              },
                              {
                                "class": "LoadingIndicator",
                                "key": "0_1572479333",
                                "propList": [
                                  {
                                    "k": "styleMap",
                                    "v": {
                                      "name": "styleMap",
                                      "properties": [],
                                      "type": "PropertyMap[styleMap]"
                                    }
                                  },
                                  {
                                    "k": "bindings",
                                    "v": {
                                      "list": [{
                                        "sourceExpression": "visible",
                                        "targetExpression": "@datasource.loading || @datasource.creating || @datasource.deleting",
                                        "targetLiteralExpression": "@datasource.loading || @datasource.creating || @datasource.deleting",
                                        "type": "BindingInfo"
                                      }],
                                      "type": "List[BindingInfo]"
                                    }
                                  },
                                  {
                                    "k": "width",
                                    "v": 22
                                  },
                                  {
                                    "k": "height",
                                    "v": 22
                                  },
                                  {
                                    "k": "name",
                                    "v": "Form1Spinner"
                                  },
                                  {
                                    "k": "suffixName",
                                    "v": "Spinner"
                                  },
                                  {
                                    "k": "align",
                                    "v": "center"
                                  }
                                ],
                                "type": "ComponentInfo"
                              },
                              {
                                "class": "SimpleButton",
                                "key": "0_540495515",
                                "propList": [
                                  {
                                    "k": "styleMap",
                                    "v": {
                                      "name": "styleMap",
                                      "properties": [],
                                      "type": "PropertyMap[styleMap]"
                                    }
                                  },
                                  {
                                    "k": "width",
                                    "v": 92
                                  },
                                  {
                                    "k": "height",
                                    "v": 36
                                  },
                                  {
                                    "k": "name",
                                    "v": "Form1CreateButton"
                                  },
                                  {
                                    "k": "suffixName",
                                    "v": "CreateButton"
                                  },
                                  {
                                    "k": "variant",
                                    "v": "FlatColor"
                                  },
                                  {
                                    "k": "text",
                                    "v": "Create"
                                  },
                                  {
                                    "k": "action",
                                    "v": "// GENERATED CODE: modify at your own risk\nwidget.datasource.createItem(function() {\n  var formName \u003d widget.name.slice(0, -12);\n  widget.root.descendants[formName + \"Body\"].focusFirstWidget();\n});"
                                  },
                                  {
                                    "k": "bindings",
                                    "v": {
                                      "list": [{
                                        "sourceExpression": "enabled",
                                        "targetExpression": "!@datasource.loading \u0026\u0026 !@datasource.creating",
                                        "targetLiteralExpression": "!@datasource.loading \u0026\u0026 !@datasource.creating",
                                        "type": "BindingInfo"
                                      }],
                                      "type": "List[BindingInfo]"
                                    }
                                  },
                                  {
                                    "k": "title",
                                    "v": "Create new item"
                                  },
                                  {
                                    "k": "autoWidth",
                                    "v": true
                                  },
                                  {
                                    "k": "autoHeight",
                                    "v": true
                                  }
                                ],
                                "type": "ComponentInfo"
                              }
                            ],
                            "type": "List[ComponentInfo]"
                          }
                        },
                        {
                          "k": "justify",
                          "v": "spaceBetween"
                        },
                        {
                          "k": "editorNonInheritedLocked",
                          "v": true
                        }
                      ],
                      "type": "ComponentInfo"
                    },
                    {
                      "class": "Panel",
                      "key": "0_201519878",
                      "propList": [
                        {
                          "k": "styleMap",
                          "v": {
                            "name": "styleMap",
                            "properties": [],
                            "type": "PropertyMap[styleMap]"
                          }
                        },
                        {
                          "k": "width",
                          "v": 200
                        },
                        {
                          "k": "height",
                          "v": 200
                        },
                        {
                          "k": "name",
                          "v": "Form1Body"
                        },
                        {
                          "k": "suffixName",
                          "v": "Body"
                        },
                        {
                          "k": "layout",
                          "v": "vertical"
                        },
                        {
                          "k": "variant",
                          "v": "Transparent"
                        },
                        {
                          "k": "styles",
                          "v": {
                            "list": ["app-FormBody"],
                            "type": "List[String]"
                          }
                        },
                        {
                          "k": "autoWidth",
                          "v": true
                        },
                        {
                          "k": "align",
                          "v": "stretch"
                        },
                        {
                          "k": "autoHeight",
                          "v": true
                        },
                        {
                          "k": "editorNonInheritedLocked",
                          "v": true
                        },
                        {
                          "k": "children",
                          "v": {
                            "list": [
                              {
                                "class": "TextField",
                                "key": "0_1633306822",
                                "propList": [
                                  {
                                    "k": "styleMap",
                                    "v": {
                                      "name": "styleMap",
                                      "properties": [],
                                      "type": "PropertyMap[styleMap]"
                                    }
                                  },
                                  {
                                    "k": "width",
                                    "v": 100
                                  },
                                  {
                                    "k": "height",
                                    "v": 32
                                  },
                                  {
                                    "k": "name",
                                    "v": "Field2"
                                  },
                                  {
                                    "k": "bindings",
                                    "v": {
                                      "list": [
                                        {
                                          "sourceExpression": "value",
                                          "targetExpression": "@datasource.item.bKPPKY7PYN5Hpx0Y",
                                          "targetLiteralExpression": "@datasource.item.Vendor",
                                          "type": "BindingInfo"
                                        },
                                        {
                                          "sourceExpression": "label",
                                          "targetExpression": "@models.XB8pGwB9a42JUZqxE0JbHq8b91OOSnP2.fields.bKPPKY7PYN5Hpx0Y.displayName",
                                          "targetLiteralExpression": "@models.Vendor.fields.Vendor.displayName",
                                          "type": "BindingInfo"
                                        }
                                      ],
                                      "type": "List[BindingInfo]"
                                    }
                                  },
                                  {
                                    "k": "autoWidth",
                                    "v": true
                                  },
                                  {
                                    "k": "align",
                                    "v": "stretch"
                                  },
                                  {
                                    "k": "autoHeight",
                                    "v": true
                                  }
                                ],
                                "type": "ComponentInfo"
                              },
                              {
                                "class": "TextField",
                                "key": "0_527672218",
                                "propList": [
                                  {
                                    "k": "styleMap",
                                    "v": {
                                      "name": "styleMap",
                                      "properties": [],
                                      "type": "PropertyMap[styleMap]"
                                    }
                                  },
                                  {
                                    "k": "width",
                                    "v": 100
                                  },
                                  {
                                    "k": "height",
                                    "v": 32
                                  },
                                  {
                                    "k": "name",
                                    "v": "Field1"
                                  },
                                  {
                                    "k": "bindings",
                                    "v": {
                                      "list": [
                                        {
                                          "sourceExpression": "value",
                                          "targetExpression": "@datasource.item.u8VEKWJL1gFOSJAB",
                                          "targetLiteralExpression": "@datasource.item.Location",
                                          "type": "BindingInfo"
                                        },
                                        {
                                          "sourceExpression": "label",
                                          "targetExpression": "@models.XB8pGwB9a42JUZqxE0JbHq8b91OOSnP2.fields.u8VEKWJL1gFOSJAB.displayName",
                                          "targetLiteralExpression": "@models.Vendor.fields.Location.displayName",
                                          "type": "BindingInfo"
                                        }
                                      ],
                                      "type": "List[BindingInfo]"
                                    }
                                  },
                                  {
                                    "k": "autoWidth",
                                    "v": true
                                  },
                                  {
                                    "k": "align",
                                    "v": "stretch"
                                  },
                                  {
                                    "k": "autoHeight",
                                    "v": true
                                  }
                                ],
                                "type": "ComponentInfo"
                              },
                              {
                                "class": "Dropdown",
                                "key": "0_251383083",
                                "propList": [
                                  {
                                    "k": "styleMap",
                                    "v": {
                                      "name": "styleMap",
                                      "properties": [],
                                      "type": "PropertyMap[styleMap]"
                                    }
                                  },
                                  {
                                    "k": "width",
                                    "v": 150
                                  },
                                  {
                                    "k": "height",
                                    "v": 32
                                  },
                                  {
                                    "k": "name",
                                    "v": "Field"
                                  },
                                  {
                                    "k": "bindings",
                                    "v": {
                                      "list": [
                                        {
                                          "sourceExpression": "value",
                                          "targetExpression": "@datasource.item._jueYM86K6XN1mir9TM6k7SKKxg7Ci8Aj",
                                          "targetLiteralExpression": "@datasource.item.relationTime",
                                          "type": "BindingInfo"
                                        },
                                        {
                                          "sourceExpression": "options",
                                          "targetExpression": "@datasources.uMxgeY3KGVnK9K6H2opDdnbrBxCjBORo_default.items",
                                          "targetLiteralExpression": "@datasources.Times.items",
                                          "type": "BindingInfo"
                                        }
                                      ],
                                      "type": "List[BindingInfo]"
                                    }
                                  },
                                  {
                                    "k": "label",
                                    "v": "RelationTime"
                                  },
                                  {
                                    "k": "autoWidth",
                                    "v": true
                                  },
                                  {
                                    "k": "align",
                                    "v": "stretch"
                                  },
                                  {
                                    "k": "autoHeight",
                                    "v": true
                                  }
                                ],
                                "type": "ComponentInfo"
                              }
                            ],
                            "type": "List[ComponentInfo]"
                          }
                        }
                      ],
                      "type": "ComponentInfo"
                    },
                    {
                      "class": "Panel",
                      "key": "0_12952549",
                      "propList": [
                        {
                          "k": "styleMap",
                          "v": {
                            "name": "styleMap",
                            "properties": [],
                            "type": "PropertyMap[styleMap]"
                          }
                        },
                        {
                          "k": "width",
                          "v": 200
                        },
                        {
                          "k": "height",
                          "v": 200
                        },
                        {
                          "k": "name",
                          "v": "Spring"
                        },
                        {
                          "k": "layout",
                          "v": "horizontal"
                        },
                        {
                          "k": "variant",
                          "v": "Transparent"
                        },
                        {
                          "k": "autoWidth",
                          "v": true
                        },
                        {
                          "k": "align",
                          "v": "stretch"
                        },
                        {
                          "k": "autoHeight",
                          "v": true
                        },
                        {
                          "k": "editorNonInheritedLocked",
                          "v": true
                        },
                        {
                          "k": "minHeight",
                          "v": 16
                        },
                        {
                          "k": "grow",
                          "v": 1
                        }
                      ],
                      "type": "ComponentInfo"
                    },
                    {
                      "class": "Panel",
                      "key": "0_1267049905",
                      "propList": [
                        {
                          "k": "styleMap",
                          "v": {
                            "name": "styleMap",
                            "properties": [],
                            "type": "PropertyMap[styleMap]"
                          }
                        },
                        {
                          "k": "width",
                          "v": 200
                        },
                        {
                          "k": "height",
                          "v": 200
                        },
                        {
                          "k": "name",
                          "v": "Form1Footer"
                        },
                        {
                          "k": "suffixName",
                          "v": "Footer"
                        },
                        {
                          "k": "layout",
                          "v": "horizontal"
                        },
                        {
                          "k": "variant",
                          "v": "Transparent"
                        },
                        {
                          "k": "styles",
                          "v": {
                            "list": ["app-FormFooter"],
                            "type": "List[String]"
                          }
                        },
                        {
                          "k": "autoWidth",
                          "v": true
                        },
                        {
                          "k": "align",
                          "v": "stretch"
                        },
                        {
                          "k": "autoHeight",
                          "v": true
                        },
                        {
                          "k": "justify",
                          "v": "spaceBetween"
                        },
                        {
                          "k": "alignChildren",
                          "v": "center"
                        },
                        {
                          "k": "editorNonInheritedLocked",
                          "v": true
                        },
                        {
                          "k": "children",
                          "v": {
                            "list": [
                              {
                                "class": "SimpleButton",
                                "key": "0_466312926",
                                "propList": [
                                  {
                                    "k": "styleMap",
                                    "v": {
                                      "name": "styleMap",
                                      "properties": [],
                                      "type": "PropertyMap[styleMap]"
                                    }
                                  },
                                  {
                                    "k": "width",
                                    "v": 92
                                  },
                                  {
                                    "k": "height",
                                    "v": 36
                                  },
                                  {
                                    "k": "name",
                                    "v": "Form1DeleteButton"
                                  },
                                  {
                                    "k": "suffixName",
                                    "v": "DeleteButton"
                                  },
                                  {
                                    "k": "variant",
                                    "v": "Icon"
                                  },
                                  {
                                    "k": "text",
                                    "v": "Delete"
                                  },
                                  {
                                    "k": "action",
                                    "v": "// GENERATED CODE: modify at your own risk\nwidget.datasource.deleteItem(function() {\n  if (document.activeElement \u003d\u003d\u003d null || document.activeElement.tagName \u003d\u003d \"BODY\") {\n    widget.focus();\n  }\n});"
                                  },
                                  {
                                    "k": "bindings",
                                    "v": {
                                      "list": [{
                                        "sourceExpression": "enabled",
                                        "targetExpression": "@datasource.item !\u003d null \u0026\u0026 !@datasource.loading \u0026\u0026 !@datasource.creating",
                                        "targetLiteralExpression": "@datasource.item !\u003d null \u0026\u0026 !@datasource.loading \u0026\u0026 !@datasource.creating",
                                        "type": "BindingInfo"
                                      }],
                                      "type": "List[BindingInfo]"
                                    }
                                  },
                                  {
                                    "k": "title",
                                    "v": "Delete item"
                                  },
                                  {
                                    "k": "autoWidth",
                                    "v": true
                                  },
                                  {
                                    "k": "autoHeight",
                                    "v": true
                                  }
                                ],
                                "type": "ComponentInfo"
                              },
                              {
                                "class": "Pager",
                                "key": "0_1358376218",
                                "propList": [
                                  {
                                    "k": "styleMap",
                                    "v": {
                                      "name": "styleMap",
                                      "properties": [],
                                      "type": "PropertyMap[styleMap]"
                                    }
                                  },
                                  {
                                    "k": "autoHeight",
                                    "v": true
                                  },
                                  {
                                    "k": "width",
                                    "v": 160
                                  },
                                  {
                                    "k": "height",
                                    "v": 32
                                  },
                                  {
                                    "k": "onPreviousClick",
                                    "v": "widget.datasource.prevItem();"
                                  },
                                  {
                                    "k": "onNextClick",
                                    "v": "widget.datasource.nextItem();"
                                  },
                                  {
                                    "k": "bindings",
                                    "v": {
                                      "list": [
                                        {
                                          "sourceExpression": "previousEnabled",
                                          "targetExpression": "(!@datasource.firstPage || @datasource.itemIndex \u003e 0) \u0026\u0026 !@datasource.loading \u0026\u0026 !@datasource.creating",
                                          "targetLiteralExpression": "(!@datasource.firstPage || @datasource.itemIndex \u003e 0) \u0026\u0026 !@datasource.loading \u0026\u0026 !@datasource.creating",
                                          "type": "BindingInfo"
                                        },
                                        {
                                          "sourceExpression": "nextEnabled",
                                          "targetExpression": "(!@datasource.lastPage || (@datasource.itemIndex \u003c @datasource.items.length - 1)) \u0026\u0026 !@datasource.loading \u0026\u0026 !@datasource.creating",
                                          "targetLiteralExpression": "(!@datasource.lastPage || (@datasource.itemIndex \u003c @datasource.items.length - 1)) \u0026\u0026 !@datasource.loading \u0026\u0026 !@datasource.creating",
                                          "type": "BindingInfo"
                                        },
                                        {
                                          "sourceExpression": "text",
                                          "targetExpression": "@datasource.loading || @datasource.items.length \u003d\u003d 0 ? \"\" : ((@widget.datasource.itemIndex + 1) + (@datasource.query.pageIndex - 1) * @datasource.query.pageSize + \" of \" + (@widget.datasource.lastPage ? @datasource.items.length + (@datasource.query.pageIndex - 1) * @datasource.query.pageSize : \"many\"))",
                                          "targetLiteralExpression": "@datasource.loading || @datasource.items.length \u003d\u003d 0 ? \"\" : ((@widget.datasource.itemIndex + 1) + (@datasource.query.pageIndex - 1) * @datasource.query.pageSize + \" of \" + (@widget.datasource.lastPage ? @datasource.items.length + (@datasource.query.pageIndex - 1) * @datasource.query.pageSize : \"many\"))",
                                          "type": "BindingInfo"
                                        }
                                      ],
                                      "type": "List[BindingInfo]"
                                    }
                                  },
                                  {
                                    "k": "name",
                                    "v": "Form1Pager"
                                  },
                                  {
                                    "k": "suffixName",
                                    "v": "Pager"
                                  },
                                  {
                                    "k": "text",
                                    "v": "@expr"
                                  }
                                ],
                                "type": "ComponentInfo"
                              }
                            ],
                            "type": "List[ComponentInfo]"
                          }
                        }
                      ],
                      "type": "ComponentInfo"
                    }
                  ],
                  "type": "List[ComponentInfo]"
                }
              },
              {
                "k": "top",
                "v": 109
              },
              {
                "k": "left",
                "v": 132
              }
            ],
            "type": "ComponentInfo"
          }
        ],
        "type": "List[ComponentInfo]"
      }
    }
  ],
  "type": "ComponentInfo"
}