{
  "class": "Panel",
  "key": "SMXYz08fk4YWBAD6arNFPNYczLMhKrLF",
  "permission": {
    "name": "canRead",
    "type": "compoundEveryone"
  },
  "propList": [
    {
      "k": "styleMap",
      "v": {
        "name": "styleMap",
        "properties": [],
        "type": "PropertyMap[styleMap]"
      }
    },
    {
      "k": "width",
      "v": 960
    },
    {
      "k": "height",
      "v": 960
    },
    {
      "k": "name",
      "v": "EditTimes"
    },
    {
      "k": "variant",
      "v": "Background"
    },
    {
      "k": "top",
      "v": 4
    },
    {
      "k": "left",
      "v": 4
    },
    {
      "k": "bindings",
      "v": {
        "list": [{
          "sourceExpression": "_dataSource",
          "targetExpression": "@datasources.uMxgeY3KGVnK9K6H2opDdnbrBxCjBORo_default",
          "targetLiteralExpression": "@datasources.Employee",
          "type": "BindingInfo"
        }],
        "type": "List[BindingInfo]"
      }
    },
    {
      "k": "children",
      "v": {
        "list": [
          {
            "class": "Panel",
            "key": "0_1668102714",
            "propList": [
              {
                "k": "styleMap",
                "v": {
                  "name": "styleMap",
                  "properties": [],
                  "type": "PropertyMap[styleMap]"
                }
              },
              {
                "k": "width",
                "v": 440
              },
              {
                "k": "height",
                "v": 500
              },
              {
                "k": "name",
                "v": "Form1"
              },
              {
                "k": "layout",
                "v": "vertical"
              },
              {
                "k": "autoHeight",
                "v": true
              },
              {
                "k": "bindings",
                "v": {
                  "list": [{
                    "sourceExpression": "_dataSource",
                    "targetExpression": "@widget.parent.datasource.modes.create",
                    "targetLiteralExpression": "@widget.parent.datasource.modes.create",
                    "type": "BindingInfo"
                  }],
                  "type": "List[BindingInfo]"
                }
              },
              {
                "k": "variant",
                "v": "Paper"
              },
              {
                "k": "styles",
                "v": {
                  "list": ["app-Form"],
                  "type": "List[String]"
                }
              },
              {
                "k": "children",
                "v": {
                  "list": [
                    {
                      "class": "Panel",
                      "key": "0_664778505",
                      "propList": [
                        {
                          "k": "styleMap",
                          "v": {
                            "name": "styleMap",
                            "properties": [],
                            "type": "PropertyMap[styleMap]"
                          }
                        },
                        {
                          "k": "width",
                          "v": 200
                        },
                        {
                          "k": "height",
                          "v": 200
                        },
                        {
                          "k": "name",
                          "v": "Form1Header"
                        },
                        {
                          "k": "suffixName",
                          "v": "Header"
                        },
                        {
                          "k": "layout",
                          "v": "horizontal"
                        },
                        {
                          "k": "variant",
                          "v": "Transparent"
                        },
                        {
                          "k": "styles",
                          "v": {
                            "list": ["app-FormHeader"],
                            "type": "List[String]"
                          }
                        },
                        {
                          "k": "autoWidth",
                          "v": true
                        },
                        {
                          "k": "align",
                          "v": "stretch"
                        },
                        {
                          "k": "autoHeight",
                          "v": true
                        },
                        {
                          "k": "children",
                          "v": {
                            "list": [
                              {
                                "class": "SimpleLabel",
                                "key": "0_1019523982",
                                "propList": [
                                  {
                                    "k": "styleMap",
                                    "v": {
                                      "name": "styleMap",
                                      "properties": [],
                                      "type": "PropertyMap[styleMap]"
                                    }
                                  },
                                  {
                                    "k": "width",
                                    "v": 100
                                  },
                                  {
                                    "k": "height",
                                    "v": 20
                                  },
                                  {
                                    "k": "name",
                                    "v": "Title"
                                  },
                                  {
                                    "k": "text",
                                    "v": "Time"
                                  },
                                  {
                                    "k": "autoWidth",
                                    "v": true
                                  },
                                  {
                                    "k": "autoHeight",
                                    "v": true
                                  },
                                  {
                                    "k": "variant",
                                    "v": "Title"
                                  },
                                  {
                                    "k": "grow",
                                    "v": 1
                                  }
                                ],
                                "type": "ComponentInfo"
                              },
                              {
                                "class": "LoadingIndicator",
                                "key": "0_2072028415",
                                "propList": [
                                  {
                                    "k": "styleMap",
                                    "v": {
                                      "name": "styleMap",
                                      "properties": [],
                                      "type": "PropertyMap[styleMap]"
                                    }
                                  },
                                  {
                                    "k": "bindings",
                                    "v": {
                                      "list": [{
                                        "sourceExpression": "visible",
                                        "targetExpression": "@datasource.loading || @datasource.creating || @datasource.deleting",
                                        "targetLiteralExpression": "@datasource.loading || @datasource.creating || @datasource.deleting",
                                        "type": "BindingInfo"
                                      }],
                                      "type": "List[BindingInfo]"
                                    }
                                  },
                                  {
                                    "k": "width",
                                    "v": 22
                                  },
                                  {
                                    "k": "height",
                                    "v": 22
                                  },
                                  {
                                    "k": "name",
                                    "v": "Form1Spinner"
                                  },
                                  {
                                    "k": "suffixName",
                                    "v": "Spinner"
                                  },
                                  {
                                    "k": "align",
                                    "v": "center"
                                  }
                                ],
                                "type": "ComponentInfo"
                              }
                            ],
                            "type": "List[ComponentInfo]"
                          }
                        },
                        {
                          "k": "justify",
                          "v": "spaceBetween"
                        },
                        {
                          "k": "editorNonInheritedLocked",
                          "v": true
                        }
                      ],
                      "type": "ComponentInfo"
                    },
                    {
                      "class": "Panel",
                      "key": "0_1302176273",
                      "propList": [
                        {
                          "k": "styleMap",
                          "v": {
                            "name": "styleMap",
                            "properties": [],
                            "type": "PropertyMap[styleMap]"
                          }
                        },
                        {
                          "k": "width",
                          "v": 200
                        },
                        {
                          "k": "height",
                          "v": 200
                        },
                        {
                          "k": "name",
                          "v": "Form1Body"
                        },
                        {
                          "k": "suffixName",
                          "v": "Body"
                        },
                        {
                          "k": "layout",
                          "v": "vertical"
                        },
                        {
                          "k": "variant",
                          "v": "Transparent"
                        },
                        {
                          "k": "styles",
                          "v": {
                            "list": ["app-FormBody"],
                            "type": "List[String]"
                          }
                        },
                        {
                          "k": "autoWidth",
                          "v": true
                        },
                        {
                          "k": "align",
                          "v": "stretch"
                        },
                        {
                          "k": "autoHeight",
                          "v": true
                        },
                        {
                          "k": "editorNonInheritedLocked",
                          "v": true
                        },
                        {
                          "k": "children",
                          "v": {
                            "list": [
                              {
                                "class": "Dropdown",
                                "key": "0_760244164",
                                "propList": [
                                  {
                                    "k": "styleMap",
                                    "v": {
                                      "name": "styleMap",
                                      "properties": [],
                                      "type": "PropertyMap[styleMap]"
                                    }
                                  },
                                  {
                                    "k": "width",
                                    "v": 150
                                  },
                                  {
                                    "k": "height",
                                    "v": 32
                                  },
                                  {
                                    "k": "name",
                                    "v": "Dropdown1"
                                  },
                                  {
                                    "k": "left",
                                    "v": 0
                                  },
                                  {
                                    "k": "top",
                                    "v": 0
                                  },
                                  {
                                    "k": "autoHeight",
                                    "v": true
                                  },
                                  {
                                    "k": "right",
                                    "v": 0
                                  },
                                  {
                                    "k": "bottom",
                                    "v": 0
                                  },
                                  {
                                    "k": "bindings",
                                    "v": {
                                      "list": [
                                        {
                                          "sourceExpression": "options",
                                          "targetExpression": "@models.uMxgeY3KGVnK9K6H2opDdnbrBxCjBORo.fields.cnTrh3wV2jT7BHaR.possibleValues",
                                          "targetLiteralExpression": "@models.Times.fields.Time.possibleValues",
                                          "type": "BindingInfo"
                                        },
                                        {
                                          "sourceExpression": "value",
                                          "targetExpression": "@datasource.item.cnTrh3wV2jT7BHaR",
                                          "targetLiteralExpression": "@datasource.item.Time",
                                          "type": "BindingInfo"
                                        },
                                        {
                                          "sourceExpression": "label",
                                          "targetExpression": "@datasource.item.cnTrh3wV2jT7BHaR",
                                          "targetLiteralExpression": "@datasource.item.Time",
                                          "type": "BindingInfo"
                                        }
                                      ],
                                      "type": "List[BindingInfo]"
                                    }
                                  },
                                  {
                                    "k": "label",
                                    "v": "@models.Times.fields.Time.displayName"
                                  }
                                ],
                                "type": "ComponentInfo"
                              },
                              {
                                "class": "Dropdown",
                                "key": "0_1125854503",
                                "propList": [
                                  {
                                    "k": "styleMap",
                                    "v": {
                                      "name": "styleMap",
                                      "properties": [],
                                      "type": "PropertyMap[styleMap]"
                                    }
                                  },
                                  {
                                    "k": "width",
                                    "v": 150
                                  },
                                  {
                                    "k": "height",
                                    "v": 32
                                  },
                                  {
                                    "k": "name",
                                    "v": "Field"
                                  },
                                  {
                                    "k": "bindings",
                                    "v": {
                                      "list": [
                                        {
                                          "sourceExpression": "value",
                                          "targetExpression": "@datasource.item._xf4YO9u5Wacs5FJNv8AQu8C6X0qV8fJn",
                                          "targetLiteralExpression": "@datasource.item.Department",
                                          "type": "BindingInfo"
                                        },
                                        {
                                          "sourceExpression": "options",
                                          "targetExpression": "@datasources.XB8pGwB9a42JUZqxE0JbHq8b91OOSnP2_default.items",
                                          "targetLiteralExpression": "@datasources.Department.items",
                                          "type": "BindingInfo"
                                        }
                                      ],
                                      "type": "List[BindingInfo]"
                                    }
                                  },
                                  {
                                    "k": "label",
                                    "v": "Vendor"
                                  },
                                  {
                                    "k": "autoWidth",
                                    "v": true
                                  },
                                  {
                                    "k": "align",
                                    "v": "stretch"
                                  },
                                  {
                                    "k": "autoHeight",
                                    "v": true
                                  }
                                ],
                                "type": "ComponentInfo"
                              }
                            ],
                            "type": "List[ComponentInfo]"
                          }
                        }
                      ],
                      "type": "ComponentInfo"
                    },
                    {
                      "class": "Panel",
                      "key": "0_1891692430",
                      "propList": [
                        {
                          "k": "styleMap",
                          "v": {
                            "name": "styleMap",
                            "properties": [],
                            "type": "PropertyMap[styleMap]"
                          }
                        },
                        {
                          "k": "width",
                          "v": 200
                        },
                        {
                          "k": "height",
                          "v": 200
                        },
                        {
                          "k": "name",
                          "v": "Spring"
                        },
                        {
                          "k": "layout",
                          "v": "horizontal"
                        },
                        {
                          "k": "variant",
                          "v": "Transparent"
                        },
                        {
                          "k": "autoWidth",
                          "v": true
                        },
                        {
                          "k": "align",
                          "v": "stretch"
                        },
                        {
                          "k": "autoHeight",
                          "v": true
                        },
                        {
                          "k": "editorNonInheritedLocked",
                          "v": true
                        },
                        {
                          "k": "minHeight",
                          "v": 16
                        },
                        {
                          "k": "grow",
                          "v": 1
                        }
                      ],
                      "type": "ComponentInfo"
                    },
                    {
                      "class": "Panel",
                      "key": "0_1795232461",
                      "propList": [
                        {
                          "k": "styleMap",
                          "v": {
                            "name": "styleMap",
                            "properties": [],
                            "type": "PropertyMap[styleMap]"
                          }
                        },
                        {
                          "k": "width",
                          "v": 200
                        },
                        {
                          "k": "height",
                          "v": 200
                        },
                        {
                          "k": "name",
                          "v": "Form1Footer"
                        },
                        {
                          "k": "suffixName",
                          "v": "Footer"
                        },
                        {
                          "k": "layout",
                          "v": "horizontal"
                        },
                        {
                          "k": "variant",
                          "v": "Transparent"
                        },
                        {
                          "k": "styles",
                          "v": {
                            "list": ["app-FormFooter"],
                            "type": "List[String]"
                          }
                        },
                        {
                          "k": "autoWidth",
                          "v": true
                        },
                        {
                          "k": "align",
                          "v": "stretch"
                        },
                        {
                          "k": "autoHeight",
                          "v": true
                        },
                        {
                          "k": "justify",
                          "v": "end"
                        },
                        {
                          "k": "alignChildren",
                          "v": "center"
                        },
                        {
                          "k": "editorNonInheritedLocked",
                          "v": true
                        },
                        {
                          "k": "children",
                          "v": {
                            "list": [
                              {
                                "class": "SimpleButton",
                                "key": "0_1875595520",
                                "propList": [
                                  {
                                    "k": "styleMap",
                                    "v": {
                                      "name": "styleMap",
                                      "properties": [],
                                      "type": "PropertyMap[styleMap]"
                                    }
                                  },
                                  {
                                    "k": "width",
                                    "v": 92
                                  },
                                  {
                                    "k": "height",
                                    "v": 36
                                  },
                                  {
                                    "k": "name",
                                    "v": "Form1ClearButton"
                                  },
                                  {
                                    "k": "suffixName",
                                    "v": "ClearButton"
                                  },
                                  {
                                    "k": "text",
                                    "v": "Clear"
                                  },
                                  {
                                    "k": "action",
                                    "v": "widget.datasource.clearChanges();"
                                  },
                                  {
                                    "k": "title",
                                    "v": "Reset all changes"
                                  },
                                  {
                                    "k": "autoWidth",
                                    "v": true
                                  },
                                  {
                                    "k": "autoHeight",
                                    "v": true
                                  }
                                ],
                                "type": "ComponentInfo"
                              },
                              {
                                "class": "SimpleButton",
                                "key": "0_1740685698",
                                "propList": [
                                  {
                                    "k": "styleMap",
                                    "v": {
                                      "name": "styleMap",
                                      "properties": [],
                                      "type": "PropertyMap[styleMap]"
                                    }
                                  },
                                  {
                                    "k": "width",
                                    "v": 92
                                  },
                                  {
                                    "k": "height",
                                    "v": 36
                                  },
                                  {
                                    "k": "name",
                                    "v": "Form1SubmitButton"
                                  },
                                  {
                                    "k": "suffixName",
                                    "v": "SubmitButton"
                                  },
                                  {
                                    "k": "variant",
                                    "v": "FlatColor"
                                  },
                                  {
                                    "k": "text",
                                    "v": "Submit"
                                  },
                                  {
                                    "k": "action",
                                    "v": "widget.datasource.createItem();"
                                  },
                                  {
                                    "k": "bindings",
                                    "v": {
                                      "list": [{
                                        "sourceExpression": "enabled",
                                        "targetExpression": "@widget.parent.parent.valid",
                                        "targetLiteralExpression": "@widget.parent.parent.valid",
                                        "type": "BindingInfo"
                                      }],
                                      "type": "List[BindingInfo]"
                                    }
                                  },
                                  {
                                    "k": "title",
                                    "v": "Submit item"
                                  },
                                  {
                                    "k": "autoWidth",
                                    "v": true
                                  },
                                  {
                                    "k": "autoHeight",
                                    "v": true
                                  }
                                ],
                                "type": "ComponentInfo"
                              }
                            ],
                            "type": "List[ComponentInfo]"
                          }
                        }
                      ],
                      "type": "ComponentInfo"
                    }
                  ],
                  "type": "List[ComponentInfo]"
                }
              },
              {
                "k": "top",
                "v": 28
              },
              {
                "k": "left",
                "v": 34
              },
              {
                "k": "right",
                "v": 486
              },
              {
                "k": "bottom",
                "v": 432
              }
            ],
            "type": "ComponentInfo"
          },
          {
            "class": "Panel",
            "key": "0_1606723168",
            "propList": [
              {
                "k": "styleMap",
                "v": {
                  "name": "styleMap",
                  "properties": [],
                  "type": "PropertyMap[styleMap]"
                }
              },
              {
                "k": "width",
                "v": 452
              },
              {
                "k": "height",
                "v": 582
              },
              {
                "k": "name",
                "v": "Table1Panel"
              },
              {
                "k": "layout",
                "v": "vertical"
              },
              {
                "k": "suffixName",
                "v": "Panel"
              },
              {
                "k": "variant",
                "v": "Paper"
              },
              {
                "k": "children",
                "v": {
                  "list": [
                    {
                      "class": "Panel",
                      "key": "0_1695570145",
                      "propList": [
                        {
                          "k": "styleMap",
                          "v": {
                            "name": "styleMap",
                            "properties": [],
                            "type": "PropertyMap[styleMap]"
                          }
                        },
                        {
                          "k": "width",
                          "v": 432
                        },
                        {
                          "k": "height",
                          "v": 530
                        },
                        {
                          "k": "name",
                          "v": "Table1"
                        },
                        {
                          "k": "layout",
                          "v": "vertical"
                        },
                        {
                          "k": "onLoad",
                          "v": "// GENERATED CODE: modify at your own risk\nwindow._am \u003d window._am || {};\nif (!window._am.TableState) {\n  window._am.TableState \u003d {};\n  window._am.inFlight \u003d false;\n}\nif (!window._am.sortTableBy) {\n  window._am.sortTableBy \u003d function(datasource, fieldPathSegments, fieldHeader, tableState) {\n    if (!(fieldPathSegments instanceof Array) || (fieldPathSegments.length \u003d\u003d 0)) {\n      throw \"Can\u0027t sort the table because specified field was not found.\";\n    }\n    tableState.inFlight \u003d true;\n    var sortingQuery \u003d datasource.query.sorting;\n    var fieldName \u003d \"\";\n    for (var i \u003d 0, len \u003d fieldPathSegments.length; i \u003c len; i++) {\n      if (fieldPathSegments[i] \u0026\u0026 fieldPathSegments[i].name) {\n        if (sortingQuery[fieldPathSegments[i].name]) {\n          sortingQuery \u003d sortingQuery[fieldPathSegments[i].name];\n          fieldName +\u003d i \u003d\u003d 0 ? fieldPathSegments[i].name : \".\" + fieldPathSegments[i].name;\n        } else {\n          throw \"Can\u0027t sort the table because specified field was not found.\";\n        }\n      } else {\n        throw \"Can\u0027t sort the table because specified field was not found.\";\n      }\n    }\n    if (tableState.sortByField \u003d\u003d\u003d fieldName) {\n      tableState.ascending \u003d !tableState.ascending;\n    } else {\n      if (tableState.fieldHeader) {\n        tableState.fieldHeader.text \u003d tableState.fieldHeaderText;\n        tableState.fieldHeader.ariaLabel \u003d \"\";\n      }\n      tableState.sortByField \u003d fieldName;\n      tableState.ascending \u003d true;\n      tableState.fieldHeader \u003d fieldHeader;\n      tableState.fieldHeaderText \u003d fieldHeader.text;\n    }\n    datasource.query.clearSorting();\n    var sortDirection \u003d tableState.ascending ? \"ascending\" : \"descending\";\n    sortingQuery[\"_\" + sortDirection]();\n    datasource.query.pageIndex \u003d 1;\n    datasource.load(function() {\n      tableState.inFlight \u003d false;\n      fieldHeader.text \u003d fieldHeader.text.replace(/ (\\u25B2|\\u25BC)/g, \"\");\n      if (tableState.sortByField \u003d\u003d\u003d fieldName) {\n        fieldHeader.ariaLabel \u003d fieldHeader.text + \" sort \" + sortDirection;\n        fieldHeader.text \u003d fieldHeader.text + (tableState.ascending ? \" \\u25B2\" : \" \\u25BC\");\n        app.accessibility.announce(fieldHeader.ariaLabel);\n      }\n    });\n  };\n}\n"
                        },
                        {
                          "k": "styles",
                          "v": {
                            "list": ["app-ListTable"],
                            "type": "List[String]"
                          }
                        },
                        {
                          "k": "children",
                          "v": {
                            "list": [
                              {
                                "class": "Panel",
                                "key": "0_2012472917",
                                "propList": [
                                  {
                                    "k": "styleMap",
                                    "v": {
                                      "name": "styleMap",
                                      "properties": [],
                                      "type": "PropertyMap[styleMap]"
                                    }
                                  },
                                  {
                                    "k": "width",
                                    "v": 200
                                  },
                                  {
                                    "k": "height",
                                    "v": 200
                                  },
                                  {
                                    "k": "name",
                                    "v": "Table1Header"
                                  },
                                  {
                                    "k": "layout",
                                    "v": "horizontal"
                                  },
                                  {
                                    "k": "autoWidth",
                                    "v": true
                                  },
                                  {
                                    "k": "align",
                                    "v": "stretch"
                                  },
                                  {
                                    "k": "autoHeight",
                                    "v": true
                                  },
                                  {
                                    "k": "alignChildren",
                                    "v": "center"
                                  },
                                  {
                                    "k": "suffixName",
                                    "v": "Header"
                                  },
                                  {
                                    "k": "styles",
                                    "v": {
                                      "list": ["app-ListTableHeaderPanel"],
                                      "type": "List[String]"
                                    }
                                  },
                                  {
                                    "k": "children",
                                    "v": {
                                      "list": [
                                        {
                                          "class": "Anchor",
                                          "key": "0_489347897",
                                          "propList": [
                                            {
                                              "k": "styleMap",
                                              "v": {
                                                "name": "styleMap",
                                                "properties": [
                                                  {
                                                    "name": "margin-left",
                                                    "value": "24px"
                                                  },
                                                  {
                                                    "name": "margin-right",
                                                    "value": "18px"
                                                  },
                                                  {
                                                    "name": "margin-top",
                                                    "value": "16px"
                                                  },
                                                  {
                                                    "name": "margin-bottom",
                                                    "value": "16px"
                                                  }
                                                ],
                                                "type": "PropertyMap[styleMap]"
                                              }
                                            },
                                            {
                                              "k": "width",
                                              "v": 150
                                            },
                                            {
                                              "k": "height",
                                              "v": 20
                                            },
                                            {
                                              "k": "name",
                                              "v": "Table1TimeHeader"
                                            },
                                            {
                                              "k": "suffixName",
                                              "v": "TimeHeader"
                                            },
                                            {
                                              "k": "action",
                                              "v": "// GENERATED CODE: modify at your own risk\nwindow._am.sortTableBy(widget.datasource, [widget.datasource.model.fields.Time], widget, window._am.TableState);"
                                            },
                                            {
                                              "k": "text",
                                              "v": "Time"
                                            },
                                            {
                                              "k": "bindings",
                                              "v": {
                                                "list": [{
                                                  "sourceExpression": "text",
                                                  "targetExpression": "@models.uMxgeY3KGVnK9K6H2opDdnbrBxCjBORo.fields.cnTrh3wV2jT7BHaR.displayName",
                                                  "targetLiteralExpression": "@models.Times.fields.Time.displayName",
                                                  "type": "BindingInfo"
                                                }],
                                                "type": "List[BindingInfo]"
                                              }
                                            },
                                            {
                                              "k": "autoHeight",
                                              "v": true
                                            },
                                            {
                                              "k": "styles",
                                              "v": {
                                                "list": ["app-ListTableHeader"],
                                                "type": "List[String]"
                                              }
                                            }
                                          ],
                                          "type": "ComponentInfo"
                                        },
                                        {
                                          "class": "Anchor",
                                          "key": "0_225586846",
                                          "propList": [
                                            {
                                              "k": "styleMap",
                                              "v": {
                                                "name": "styleMap",
                                                "properties": [
                                                  {
                                                    "name": "margin-left",
                                                    "value": "18px"
                                                  },
                                                  {
                                                    "name": "margin-right",
                                                    "value": "18px"
                                                  },
                                                  {
                                                    "name": "margin-top",
                                                    "value": "16px"
                                                  },
                                                  {
                                                    "name": "margin-bottom",
                                                    "value": "16px"
                                                  }
                                                ],
                                                "type": "PropertyMap[styleMap]"
                                              }
                                            },
                                            {
                                              "k": "width",
                                              "v": 100
                                            },
                                            {
                                              "k": "height",
                                              "v": 20
                                            },
                                            {
                                              "k": "name",
                                              "v": "Table1relVendorHeader"
                                            },
                                            {
                                              "k": "suffixName",
                                              "v": "relVendorHeader"
                                            },
                                            {
                                              "k": "action",
                                              "v": "// GENERATED CODE: modify at your own risk\nwindow._am.sortTableBy(widget.datasource, [widget.datasource.relations.relVendor, widget.datasource.relations.relVendor.model.fields.Vendor], widget, window._am.TableState);"
                                            },
                                            {
                                              "k": "text",
                                              "v": "relVendor"
                                            },
                                            {
                                              "k": "autoWidth",
                                              "v": true
                                            },
                                            {
                                              "k": "autoHeight",
                                              "v": true
                                            },
                                            {
                                              "k": "grow",
                                              "v": 1
                                            },
                                            {
                                              "k": "styles",
                                              "v": {
                                                "list": ["app-ListTableHeader"],
                                                "type": "List[String]"
                                              }
                                            }
                                          ],
                                          "type": "ComponentInfo"
                                        },
                                        {
                                          "class": "LoadingIndicator",
                                          "key": "0_1953086325",
                                          "propList": [
                                            {
                                              "k": "styleMap",
                                              "v": {
                                                "name": "styleMap",
                                                "properties": [],
                                                "type": "PropertyMap[styleMap]"
                                              }
                                            },
                                            {
                                              "k": "bindings",
                                              "v": {
                                                "list": [{
                                                  "sourceExpression": "visible",
                                                  "targetExpression": "@datasource.loading || @datasource.creating || @datasource.deleting",
                                                  "targetLiteralExpression": "@datasource.loading || @datasource.creating || @datasource.deleting",
                                                  "type": "BindingInfo"
                                                }],
                                                "type": "List[BindingInfo]"
                                              }
                                            },
                                            {
                                              "k": "width",
                                              "v": 22
                                            },
                                            {
                                              "k": "height",
                                              "v": 22
                                            },
                                            {
                                              "k": "name",
                                              "v": "Table1Spinner"
                                            },
                                            {
                                              "k": "invisibilityType",
                                              "v": "hidden"
                                            },
                                            {
                                              "k": "suffixName",
                                              "v": "Spinner"
                                            }
                                          ],
                                          "type": "ComponentInfo"
                                        }
                                      ],
                                      "type": "List[ComponentInfo]"
                                    }
                                  }
                                ],
                                "type": "ComponentInfo"
                              },
                              {
                                "class": "ListPanel",
                                "key": "0_1437316371",
                                "propList": [
                                  {
                                    "k": "styleMap",
                                    "v": {
                                      "name": "styleMap",
                                      "properties": [],
                                      "type": "PropertyMap[styleMap]"
                                    }
                                  },
                                  {
                                    "k": "prototype",
                                    "v": {
                                      "appKey": "1_2135563640",
                                      "type": "AppChildKey"
                                    }
                                  },
                                  {
                                    "k": "children",
                                    "v": {
                                      "list": [{
                                        "class": "Panel",
                                        "key": "1_2135563640",
                                        "propList": [
                                          {
                                            "k": "styleMap",
                                            "v": {
                                              "name": "styleMap",
                                              "properties": [],
                                              "type": "PropertyMap[styleMap]"
                                            }
                                          },
                                          {
                                            "k": "height",
                                            "v": 40
                                          },
                                          {
                                            "k": "autoWidth",
                                            "v": true
                                          },
                                          {
                                            "k": "align",
                                            "v": "stretch"
                                          },
                                          {
                                            "k": "name",
                                            "v": "Table1Row"
                                          },
                                          {
                                            "k": "styleDescriptorName",
                                            "v": "ListPanelRow"
                                          },
                                          {
                                            "k": "suffixName",
                                            "v": "Row"
                                          },
                                          {
                                            "k": "layout",
                                            "v": "horizontal"
                                          },
                                          {
                                            "k": "autoHeight",
                                            "v": true
                                          },
                                          {
                                            "k": "alignChildren",
                                            "v": "center"
                                          },
                                          {
                                            "k": "styles",
                                            "v": {
                                              "list": [
                                                "app-ListTableRow",
                                                "hoverAncestor"
                                              ],
                                              "type": "List[String]"
                                            }
                                          },
                                          {
                                            "k": "children",
                                            "v": {
                                              "list": [
                                                {
                                                  "class": "Dropdown",
                                                  "key": "0_1898628054",
                                                  "propList": [
                                                    {
                                                      "k": "styleMap",
                                                      "v": {
                                                        "name": "styleMap",
                                                        "properties": [
                                                          {
                                                            "name": "margin-left",
                                                            "value": "24px"
                                                          },
                                                          {
                                                            "name": "margin-right",
                                                            "value": "18px"
                                                          },
                                                          {
                                                            "name": "margin-top",
                                                            "value": "16px"
                                                          },
                                                          {
                                                            "name": "margin-bottom",
                                                            "value": "16px"
                                                          }
                                                        ],
                                                        "type": "PropertyMap[styleMap]"
                                                      }
                                                    },
                                                    {
                                                      "k": "width",
                                                      "v": 150
                                                    },
                                                    {
                                                      "k": "height",
                                                      "v": 32
                                                    },
                                                    {
                                                      "k": "name",
                                                      "v": "Field2"
                                                    },
                                                    {
                                                      "k": "bindings",
                                                      "v": {
                                                        "list": [
                                                          {
                                                            "sourceExpression": "value",
                                                            "targetExpression": "@datasource.item.cnTrh3wV2jT7BHaR",
                                                            "targetLiteralExpression": "@datasource.item.Time",
                                                            "type": "BindingInfo"
                                                          },
                                                          {
                                                            "sourceExpression": "options",
                                                            "targetExpression": "@datasource.model.fields.cnTrh3wV2jT7BHaR.possibleValues",
                                                            "targetLiteralExpression": "@datasource.model.fields.Time.possibleValues",
                                                            "type": "BindingInfo"
                                                          }
                                                        ],
                                                        "type": "List[BindingInfo]"
                                                      }
                                                    },
                                                    {
                                                      "k": "label",
                                                      "v": ""
                                                    },
                                                    {
                                                      "k": "autoHeight",
                                                      "v": true
                                                    }
                                                  ],
                                                  "type": "ComponentInfo"
                                                },
                                                {
                                                  "class": "Dropdown",
                                                  "key": "0_566222243",
                                                  "propList": [
                                                    {
                                                      "k": "styleMap",
                                                      "v": {
                                                        "name": "styleMap",
                                                        "properties": [
                                                          {
                                                            "name": "margin-left",
                                                            "value": "18px"
                                                          },
                                                          {
                                                            "name": "margin-right",
                                                            "value": "18px"
                                                          },
                                                          {
                                                            "name": "margin-top",
                                                            "value": "16px"
                                                          },
                                                          {
                                                            "name": "margin-bottom",
                                                            "value": "16px"
                                                          }
                                                        ],
                                                        "type": "PropertyMap[styleMap]"
                                                      }
                                                    },
                                                    {
                                                      "k": "width",
                                                      "v": 150
                                                    },
                                                    {
                                                      "k": "height",
                                                      "v": 32
                                                    },
                                                    {
                                                      "k": "name",
                                                      "v": "Field1"
                                                    },
                                                    {
                                                      "k": "bindings",
                                                      "v": {
                                                        "list": [
                                                          {
                                                            "sourceExpression": "value",
                                                            "targetExpression": "@datasource.item._xf4YO9u5Wacs5FJNv8AQu8C6X0qV8fJn",
                                                            "targetLiteralExpression": "@datasource.item.relVendor",
                                                            "type": "BindingInfo"
                                                          },
                                                          {
                                                            "sourceExpression": "options",
                                                            "targetExpression": "@datasources.XB8pGwB9a42JUZqxE0JbHq8b91OOSnP2_default.items",
                                                            "targetLiteralExpression": "@datasources.Vendor.items",
                                                            "type": "BindingInfo"
                                                          }
                                                        ],
                                                        "type": "List[BindingInfo]"
                                                      }
                                                    },
                                                    {
                                                      "k": "autoWidth",
                                                      "v": true
                                                    },
                                                    {
                                                      "k": "autoHeight",
                                                      "v": true
                                                    },
                                                    {
                                                      "k": "grow",
                                                      "v": 1
                                                    }
                                                  ],
                                                  "type": "ComponentInfo"
                                                },
                                                {
                                                  "class": "SimpleButton",
                                                  "key": "0_1669276136",
                                                  "propList": [
                                                    {
                                                      "k": "styleMap",
                                                      "v": {
                                                        "name": "styleMap",
                                                        "properties": [{
                                                          "name": "margin-right",
                                                          "value": "24px"
                                                        }],
                                                        "type": "PropertyMap[styleMap]"
                                                      }
                                                    },
                                                    {
                                                      "k": "width",
                                                      "v": 92
                                                    },
                                                    {
                                                      "k": "height",
                                                      "v": 36
                                                    },
                                                    {
                                                      "k": "name",
                                                      "v": "DeleteButton"
                                                    },
                                                    {
                                                      "k": "variant",
                                                      "v": "Icon"
                                                    },
                                                    {
                                                      "k": "text",
                                                      "v": "Delete"
                                                    },
                                                    {
                                                      "k": "title",
                                                      "v": "Delete"
                                                    },
                                                    {
                                                      "k": "ariaLabel",
                                                      "v": "Delete table row"
                                                    },
                                                    {
                                                      "k": "action",
                                                      "v": "widget.datasource.deleteItem();"
                                                    },
                                                    {
                                                      "k": "constrain_right",
                                                      "v": true
                                                    },
                                                    {
                                                      "k": "constrain_left",
                                                      "v": false
                                                    },
                                                    {
                                                      "k": "right",
                                                      "v": 8
                                                    },
                                                    {
                                                      "k": "top",
                                                      "v": 6
                                                    },
                                                    {
                                                      "k": "left",
                                                      "v": 388
                                                    },
                                                    {
                                                      "k": "autoHeight",
                                                      "v": true
                                                    },
                                                    {
                                                      "k": "autoWidth",
                                                      "v": true
                                                    },
                                                    {
                                                      "k": "styles",
                                                      "v": {
                                                        "list": ["visibleOnAncestorHover"],
                                                        "type": "List[String]"
                                                      }
                                                    }
                                                  ],
                                                  "type": "ComponentInfo"
                                                }
                                              ],
                                              "type": "List[ComponentInfo]"
                                            }
                                          }
                                        ],
                                        "type": "ComponentInfo"
                                      }],
                                      "type": "List[ComponentInfo]"
                                    }
                                  },
                                  {
                                    "k": "width",
                                    "v": 400
                                  },
                                  {
                                    "k": "height",
                                    "v": 200
                                  },
                                  {
                                    "k": "name",
                                    "v": "Table1Body"
                                  },
                                  {
                                    "k": "suffixName",
                                    "v": "Body"
                                  },
                                  {
                                    "k": "autoWidth",
                                    "v": true
                                  },
                                  {
                                    "k": "align",
                                    "v": "stretch"
                                  },
                                  {
                                    "k": "autoHeight",
                                    "v": true
                                  },
                                  {
                                    "k": "grow",
                                    "v": 1
                                  },
                                  {
                                    "k": "editorNonInheritedLocked",
                                    "v": true
                                  },
                                  {
                                    "k": "constrain_width",
                                    "v": false
                                  },
                                  {
                                    "k": "constrain_right",
                                    "v": true
                                  }
                                ],
                                "type": "ComponentInfo"
                              }
                            ],
                            "type": "List[ComponentInfo]"
                          }
                        },
                        {
                          "k": "autoWidth",
                          "v": true
                        },
                        {
                          "k": "align",
                          "v": "stretch"
                        },
                        {
                          "k": "autoHeight",
                          "v": true
                        },
                        {
                          "k": "grow",
                          "v": 1
                        },
                        {
                          "k": "editorNonInheritedLocked",
                          "v": true
                        },
                        {
                          "k": "constrain_width",
                          "v": false
                        },
                        {
                          "k": "constrain_right",
                          "v": true
                        }
                      ],
                      "type": "ComponentInfo"
                    },
                    {
                      "class": "Pager",
                      "key": "0_1457947027",
                      "propList": [
                        {
                          "k": "styleMap",
                          "v": {
                            "name": "styleMap",
                            "properties": [
                              {
                                "name": "margin-right",
                                "value": "14px"
                              },
                              {
                                "name": "margin-bottom",
                                "value": "14px"
                              }
                            ],
                            "type": "PropertyMap[styleMap]"
                          }
                        },
                        {
                          "k": "autoHeight",
                          "v": true
                        },
                        {
                          "k": "width",
                          "v": 140
                        },
                        {
                          "k": "height",
                          "v": 32
                        },
                        {
                          "k": "onPreviousClick",
                          "v": "widget.datasource.prevPage();"
                        },
                        {
                          "k": "onNextClick",
                          "v": "widget.datasource.nextPage();"
                        },
                        {
                          "k": "bindings",
                          "v": {
                            "list": [
                              {
                                "sourceExpression": "visible",
                                "targetExpression": "@datasource.loaded \u0026\u0026 !(@datasource.firstPage \u0026\u0026 @datasource.lastPage)",
                                "targetLiteralExpression": "@datasource.loaded \u0026\u0026 !(@datasource.firstPage \u0026\u0026 @datasource.lastPage)",
                                "type": "BindingInfo"
                              },
                              {
                                "sourceExpression": "previousEnabled",
                                "targetExpression": "!@datasource.firstPage \u0026\u0026 !@datasource.loading \u0026\u0026 !@datasource.creating",
                                "targetLiteralExpression": "!@datasource.firstPage \u0026\u0026 !@datasource.loading \u0026\u0026 !@datasource.creating",
                                "type": "BindingInfo"
                              },
                              {
                                "sourceExpression": "nextEnabled",
                                "targetExpression": "!@datasource.lastPage \u0026\u0026 !@datasource.loading \u0026\u0026 !@datasource.creating",
                                "targetLiteralExpression": "!@datasource.lastPage \u0026\u0026 !@datasource.loading \u0026\u0026 !@datasource.creating",
                                "type": "BindingInfo"
                              },
                              {
                                "sourceExpression": "text",
                                "targetExpression": "\"Page \" + @datasource.query.pageIndex",
                                "targetLiteralExpression": "\"Page \" + @datasource.query.pageIndex",
                                "type": "BindingInfo"
                              }
                            ],
                            "type": "List[BindingInfo]"
                          }
                        },
                        {
                          "k": "name",
                          "v": "Table1Pager"
                        },
                        {
                          "k": "suffixName",
                          "v": "Pager"
                        },
                        {
                          "k": "constrain_top",
                          "v": false
                        },
                        {
                          "k": "constrain_bottom",
                          "v": true
                        },
                        {
                          "k": "bottom",
                          "v": 10
                        },
                        {
                          "k": "constrain_left",
                          "v": false
                        },
                        {
                          "k": "constrain_right",
                          "v": true
                        },
                        {
                          "k": "right",
                          "v": 10
                        },
                        {
                          "k": "text",
                          "v": "@expr"
                        },
                        {
                          "k": "align",
                          "v": "end"
                        }
                      ],
                      "type": "ComponentInfo"
                    }
                  ],
                  "type": "List[ComponentInfo]"
                }
              },
              {
                "k": "top",
                "v": 34
              },
              {
                "k": "left",
                "v": 522
              }
            ],
            "type": "ComponentInfo"
          },
          {
            "class": "Pager",
            "key": "3_23762794",
            "propList": [
              {
                "k": "styleMap",
                "v": {
                  "name": "styleMap",
                  "properties": [],
                  "type": "PropertyMap[styleMap]"
                }
              },
              {
                "k": "autoHeight",
                "v": true
              },
              {
                "k": "width",
                "v": 132
              },
              {
                "k": "height",
                "v": 32
              },
              {
                "k": "onPreviousClick",
                "v": "app.showPage(app.pages.RelationDatasource);"
              },
              {
                "k": "onNextClick",
                "v": "app.showPage(app.pages.EditVendor);"
              },
              {
                "k": "bindings",
                "v": {
                  "list": [],
                  "type": "List[BindingInfo]"
                }
              },
              {
                "k": "name",
                "v": "Pager1"
              },
              {
                "k": "left",
                "v": 58
              },
              {
                "k": "top",
                "v": 400
              },
              {
                "k": "autoWidth",
                "v": true
              },
              {
                "k": "right",
                "v": 770
              },
              {
                "k": "bottom",
                "v": 511
              },
              {
                "k": "text",
                "v": "Es un pager"
              },
              {
                "k": "constrain_left",
                "v": true
              },
              {
                "k": "constrain_right",
                "v": false
              },
              {
                "k": "constrain_width",
                "v": true
              },
              {
                "k": "constrain_minWidth",
                "v": false
              },
              {
                "k": "constrain_maxWidth",
                "v": false
              },
              {
                "k": "constrain_top",
                "v": true
              },
              {
                "k": "constrain_bottom",
                "v": false
              },
              {
                "k": "constrain_height",
                "v": true
              },
              {
                "k": "constrain_minHeight",
                "v": false
              },
              {
                "k": "constrain_maxHeight",
                "v": false
              },
              {
                "k": "previousEnabled",
                "v": false
              }
            ],
            "type": "ComponentInfo"
          }
        ],
        "type": "List[ComponentInfo]"
      }
    }
  ],
  "type": "ComponentInfo"
}