{
  "class": "Panel",
  "key": "mYnUD6pojiSLYSLRkORklCQ1cyS8DaIu",
  "permission": {
    "name": "canRead",
    "type": "compoundEveryone"
  },
  "propList": [
    {
      "k": "styleMap",
      "v": {
        "name": "styleMap",
        "properties": [],
        "type": "PropertyMap[styleMap]"
      }
    },
    {
      "k": "width",
      "v": 960
    },
    {
      "k": "height",
      "v": 960
    },
    {
      "k": "name",
      "v": "RelationDatasource"
    },
    {
      "k": "variant",
      "v": "Background"
    },
    {
      "k": "top",
      "v": 4
    },
    {
      "k": "left",
      "v": 4
    },
    {
      "k": "bindings",
      "v": {
        "list": [{
          "sourceExpression": "_dataSource",
          "targetExpression": "@datasources.XB8pGwB9a42JUZqxE0JbHq8b91OOSnP2_default",
          "targetLiteralExpression": "@datasources.Department",
          "type": "BindingInfo"
        }],
        "type": "List[BindingInfo]"
      }
    },
    {
      "k": "children",
      "v": {
        "list": [
          {
            "class": "Dropdown",
            "key": "0_2134010202",
            "propList": [
              {
                "k": "styleMap",
                "v": {
                  "name": "styleMap",
                  "properties": [],
                  "type": "PropertyMap[styleMap]"
                }
              },
              {
                "k": "width",
                "v": 150
              },
              {
                "k": "height",
                "v": 32
              },
              {
                "k": "name",
                "v": "Dropdown1"
              },
              {
                "k": "left",
                "v": 45
              },
              {
                "k": "top",
                "v": 63
              },
              {
                "k": "autoHeight",
                "v": true
              },
              {
                "k": "right",
                "v": 765
              },
              {
                "k": "bottom",
                "v": 865
              },
              {
                "k": "bindings",
                "v": {
                  "list": [
                    {
                      "sourceExpression": "value",
                      "targetExpression": "@datasource.item",
                      "targetLiteralExpression": "@datasource.item",
                      "type": "BindingInfo"
                    },
                    {
                      "sourceExpression": "options",
                      "targetExpression": "@datasource.items",
                      "targetLiteralExpression": "@datasource.items",
                      "type": "BindingInfo"
                    }
                  ],
                  "type": "List[BindingInfo]"
                }
              },
              {
                "k": "label",
                "v": "Select a Vendor"
              }
            ],
            "type": "ComponentInfo"
          },
          {
            "class": "Panel",
            "key": "0_1828780013",
            "propList": [
              {
                "k": "styleMap",
                "v": {
                  "name": "styleMap",
                  "properties": [],
                  "type": "PropertyMap[styleMap]"
                }
              },
              {
                "k": "width",
                "v": 915
              },
              {
                "k": "height",
                "v": 530
              },
              {
                "k": "name",
                "v": "Table1"
              },
              {
                "k": "layout",
                "v": "vertical"
              },
              {
                "k": "styles",
                "v": {
                  "list": ["app-ListTable"],
                  "type": "List[String]"
                }
              },
              {
                "k": "children",
                "v": {
                  "list": [
                    {
                      "class": "Panel",
                      "key": "0_175564844",
                      "propList": [
                        {
                          "k": "styleMap",
                          "v": {
                            "name": "styleMap",
                            "properties": [],
                            "type": "PropertyMap[styleMap]"
                          }
                        },
                        {
                          "k": "width",
                          "v": 200
                        },
                        {
                          "k": "height",
                          "v": 200
                        },
                        {
                          "k": "name",
                          "v": "Table1Header"
                        },
                        {
                          "k": "layout",
                          "v": "horizontal"
                        },
                        {
                          "k": "autoWidth",
                          "v": true
                        },
                        {
                          "k": "align",
                          "v": "stretch"
                        },
                        {
                          "k": "autoHeight",
                          "v": true
                        },
                        {
                          "k": "alignChildren",
                          "v": "center"
                        },
                        {
                          "k": "suffixName",
                          "v": "Header"
                        },
                        {
                          "k": "styles",
                          "v": {
                            "list": ["app-ListTableHeaderPanel"],
                            "type": "List[String]"
                          }
                        },
                        {
                          "k": "children",
                          "v": {
                            "list": [
                              {
                                "class": "SimpleLabel",
                                "key": "0_196334918",
                                "propList": [
                                  {
                                    "k": "styleMap",
                                    "v": {
                                      "name": "styleMap",
                                      "properties": [
                                        {
                                          "name": "margin-left",
                                          "value": "24px"
                                        },
                                        {
                                          "name": "margin-right",
                                          "value": "18px"
                                        },
                                        {
                                          "name": "margin-top",
                                          "value": "16px"
                                        },
                                        {
                                          "name": "margin-bottom",
                                          "value": "16px"
                                        }
                                      ],
                                      "type": "PropertyMap[styleMap]"
                                    }
                                  },
                                  {
                                    "k": "width",
                                    "v": 100
                                  },
                                  {
                                    "k": "height",
                                    "v": 20
                                  },
                                  {
                                    "k": "name",
                                    "v": "Table1FirstNameHeader"
                                  },
                                  {
                                    "k": "suffixName",
                                    "v": "FirstNameHeader"
                                  },
                                  {
                                    "k": "text",
                                    "v": "First Name"
                                  },
                                  {
                                    "k": "bindings",
                                    "v": {
                                      "list": [{
                                        "sourceExpression": "text",
                                        "targetExpression": "@models.uMxgeY3KGVnK9K6H2opDdnbrBxCjBORo.fields.cnTrh3wV2jT7BHaR.displayName",
                                        "targetLiteralExpression": "@models.Employee.fields.FirstName.displayName",
                                        "type": "BindingInfo"
                                      }],
                                      "type": "List[BindingInfo]"
                                    }
                                  },
                                  {
                                    "k": "autoWidth",
                                    "v": true
                                  },
                                  {
                                    "k": "autoHeight",
                                    "v": true
                                  },
                                  {
                                    "k": "grow",
                                    "v": 1
                                  },
                                  {
                                    "k": "styles",
                                    "v": {
                                      "list": ["app-ListTableHeader"],
                                      "type": "List[String]"
                                    }
                                  }
                                ],
                                "type": "ComponentInfo"
                              },
                              {
                                "class": "LoadingIndicator",
                                "key": "0_405909206",
                                "propList": [
                                  {
                                    "k": "styleMap",
                                    "v": {
                                      "name": "styleMap",
                                      "properties": [],
                                      "type": "PropertyMap[styleMap]"
                                    }
                                  },
                                  {
                                    "k": "bindings",
                                    "v": {
                                      "list": [{
                                        "sourceExpression": "visible",
                                        "targetExpression": "@datasource.loading || @datasource.creating || @datasource.deleting",
                                        "targetLiteralExpression": "@datasource.loading || @datasource.creating || @datasource.deleting",
                                        "type": "BindingInfo"
                                      }],
                                      "type": "List[BindingInfo]"
                                    }
                                  },
                                  {
                                    "k": "width",
                                    "v": 22
                                  },
                                  {
                                    "k": "height",
                                    "v": 22
                                  },
                                  {
                                    "k": "name",
                                    "v": "Table1Spinner"
                                  },
                                  {
                                    "k": "invisibilityType",
                                    "v": "hidden"
                                  },
                                  {
                                    "k": "suffixName",
                                    "v": "Spinner"
                                  }
                                ],
                                "type": "ComponentInfo"
                              }
                            ],
                            "type": "List[ComponentInfo]"
                          }
                        }
                      ],
                      "type": "ComponentInfo"
                    },
                    {
                      "class": "ListPanel",
                      "key": "0_96424453",
                      "propList": [
                        {
                          "k": "styleMap",
                          "v": {
                            "name": "styleMap",
                            "properties": [],
                            "type": "PropertyMap[styleMap]"
                          }
                        },
                        {
                          "k": "prototype",
                          "v": {
                            "appKey": "1_443800730",
                            "type": "AppChildKey"
                          }
                        },
                        {
                          "k": "children",
                          "v": {
                            "list": [{
                              "class": "Panel",
                              "key": "1_443800730",
                              "propList": [
                                {
                                  "k": "styleMap",
                                  "v": {
                                    "name": "styleMap",
                                    "properties": [],
                                    "type": "PropertyMap[styleMap]"
                                  }
                                },
                                {
                                  "k": "height",
                                  "v": 40
                                },
                                {
                                  "k": "autoWidth",
                                  "v": true
                                },
                                {
                                  "k": "align",
                                  "v": "stretch"
                                },
                                {
                                  "k": "name",
                                  "v": "Table1Row"
                                },
                                {
                                  "k": "styleDescriptorName",
                                  "v": "ListPanelRow"
                                },
                                {
                                  "k": "suffixName",
                                  "v": "Row"
                                },
                                {
                                  "k": "layout",
                                  "v": "horizontal"
                                },
                                {
                                  "k": "autoHeight",
                                  "v": true
                                },
                                {
                                  "k": "alignChildren",
                                  "v": "center"
                                },
                                {
                                  "k": "styles",
                                  "v": {
                                    "list": [
                                      "app-ListTableRow",
                                      "hoverAncestor"
                                    ],
                                    "type": "List[String]"
                                  }
                                },
                                {
                                  "k": "children",
                                  "v": {
                                    "list": [{
                                      "class": "SimpleLabel",
                                      "key": "0_1397914328",
                                      "propList": [
                                        {
                                          "k": "styleMap",
                                          "v": {
                                            "name": "styleMap",
                                            "properties": [
                                              {
                                                "name": "margin-left",
                                                "value": "24px"
                                              },
                                              {
                                                "name": "margin-right",
                                                "value": "18px"
                                              },
                                              {
                                                "name": "margin-top",
                                                "value": "16px"
                                              },
                                              {
                                                "name": "margin-bottom",
                                                "value": "16px"
                                              }
                                            ],
                                            "type": "PropertyMap[styleMap]"
                                          }
                                        },
                                        {
                                          "k": "width",
                                          "v": 100
                                        },
                                        {
                                          "k": "height",
                                          "v": 20
                                        },
                                        {
                                          "k": "name",
                                          "v": "Field4"
                                        },
                                        {
                                          "k": "bindings",
                                          "v": {
                                            "list": [{
                                              "sourceExpression": "text",
                                              "targetExpression": "@datasource.item.cnTrh3wV2jT7BHaR",
                                              "targetLiteralExpression": "@datasource.item.FirstName",
                                              "type": "BindingInfo"
                                            }],
                                            "type": "List[BindingInfo]"
                                          }
                                        },
                                        {
                                          "k": "text",
                                          "v": "Label"
                                        },
                                        {
                                          "k": "label",
                                          "v": ""
                                        },
                                        {
                                          "k": "autoWidth",
                                          "v": true
                                        },
                                        {
                                          "k": "autoHeight",
                                          "v": true
                                        },
                                        {
                                          "k": "grow",
                                          "v": 1
                                        }
                                      ],
                                      "type": "ComponentInfo"
                                    }],
                                    "type": "List[ComponentInfo]"
                                  }
                                }
                              ],
                              "type": "ComponentInfo"
                            }],
                            "type": "List[ComponentInfo]"
                          }
                        },
                        {
                          "k": "width",
                          "v": 400
                        },
                        {
                          "k": "height",
                          "v": 200
                        },
                        {
                          "k": "name",
                          "v": "Table1Body"
                        },
                        {
                          "k": "suffixName",
                          "v": "Body"
                        },
                        {
                          "k": "autoWidth",
                          "v": true
                        },
                        {
                          "k": "align",
                          "v": "stretch"
                        },
                        {
                          "k": "autoHeight",
                          "v": true
                        },
                        {
                          "k": "grow",
                          "v": 1
                        },
                        {
                          "k": "editorNonInheritedLocked",
                          "v": true
                        },
                        {
                          "k": "constrain_width",
                          "v": false
                        },
                        {
                          "k": "constrain_right",
                          "v": true
                        }
                      ],
                      "type": "ComponentInfo"
                    }
                  ],
                  "type": "List[ComponentInfo]"
                }
              },
              {
                "k": "bindings",
                "v": {
                  "list": [{
                    "sourceExpression": "_dataSource",
                    "targetExpression": "@widget.parent.datasource.relations.xf4YO9u5Wacs5FJNv8AQu8C6X0qV8fJn",
                    "targetLiteralExpression": "@widget.parent.datasource.relations.Employee",
                    "type": "BindingInfo"
                  }],
                  "type": "List[BindingInfo]"
                }
              },
              {
                "k": "variant",
                "v": "Transparent"
              },
              {
                "k": "top",
                "v": 132
              },
              {
                "k": "left",
                "v": 45
              },
              {
                "k": "right",
                "v": 0
              },
              {
                "k": "bottom",
                "v": 298
              }
            ],
            "type": "ComponentInfo"
          },
          {
            "class": "Pager",
            "key": "4_1497511562",
            "propList": [
              {
                "k": "styleMap",
                "v": {
                  "name": "styleMap",
                  "properties": [],
                  "type": "PropertyMap[styleMap]"
                }
              },
              {
                "k": "autoHeight",
                "v": true
              },
              {
                "k": "width",
                "v": 132
              },
              {
                "k": "height",
                "v": 32
              },
              {
                "k": "onPreviousClick",
                "v": "app.showPage(app.pages.EditVendor);"
              },
              {
                "k": "onNextClick",
                "v": "app.showPage(app.pages.RelationDatasource);"
              },
              {
                "k": "bindings",
                "v": {
                  "list": [],
                  "type": "List[BindingInfo]"
                }
              },
              {
                "k": "name",
                "v": "Pager1"
              },
              {
                "k": "left",
                "v": 310
              },
              {
                "k": "top",
                "v": 76
              },
              {
                "k": "autoWidth",
                "v": true
              },
              {
                "k": "right",
                "v": 518
              },
              {
                "k": "bottom",
                "v": 852
              },
              {
                "k": "text",
                "v": "Es un pager"
              },
              {
                "k": "constrain_left",
                "v": true
              },
              {
                "k": "constrain_right",
                "v": false
              },
              {
                "k": "constrain_width",
                "v": true
              },
              {
                "k": "constrain_minWidth",
                "v": false
              },
              {
                "k": "constrain_maxWidth",
                "v": false
              },
              {
                "k": "constrain_top",
                "v": true
              },
              {
                "k": "constrain_bottom",
                "v": false
              },
              {
                "k": "constrain_height",
                "v": true
              },
              {
                "k": "constrain_minHeight",
                "v": false
              },
              {
                "k": "constrain_maxHeight",
                "v": false
              },
              {
                "k": "nextEnabled",
                "v": false
              }
            ],
            "type": "ComponentInfo"
          }
        ],
        "type": "List[ComponentInfo]"
      }
    }
  ],
  "type": "ComponentInfo"
}