{
  "class": "Panel",
  "key": "LyCvjt8VBs7uaWuI53tlwgGHkUGzjLyA",
  "permission": {
    "name": "canRead",
    "type": "compoundEveryone"
  },
  "propList": [
    {
      "k": "styleMap",
      "v": {
        "name": "styleMap",
        "properties": [],
        "type": "PropertyMap[styleMap]"
      }
    },
    {
      "k": "width",
      "v": 960
    },
    {
      "k": "height",
      "v": 960
    },
    {
      "k": "name",
      "v": "timesInput"
    },
    {
      "k": "variant",
      "v": "Background"
    },
    {
      "k": "top",
      "v": 4
    },
    {
      "k": "left",
      "v": 4
    },
    {
      "k": "bindings",
      "v": {
        "list": [{
          "sourceExpression": "_dataSource",
          "targetExpression": "@datasources.uMxgeY3KGVnK9K6H2opDdnbrBxCjBORo_default",
          "targetLiteralExpression": "@datasources.Times",
          "type": "BindingInfo"
        }],
        "type": "List[BindingInfo]"
      }
    },
    {
      "k": "children",
      "v": {
        "list": [],
        "type": "List[ComponentInfo]"
      }
    }
  ],
  "type": "ComponentInfo"
}