{
  "class": "Panel",
  "key": "fuzHjDgPYE3ET94T6N7TghLzg7rwm0On",
  "permission": {
    "name": "canRead",
    "type": "compoundEveryone"
  },
  "propList": [
    {
      "k": "styleMap",
      "v": {
        "name": "styleMap",
        "properties": [],
        "type": "PropertyMap[styleMap]"
      }
    },
    {
      "k": "width",
      "v": 960
    },
    {
      "k": "height",
      "v": 960
    },
    {
      "k": "name",
      "v": "vendorFinder"
    },
    {
      "k": "variant",
      "v": "Background"
    },
    {
      "k": "top",
      "v": 4
    },
    {
      "k": "left",
      "v": 4
    },
    {
      "k": "children",
      "v": {
        "list": [
          {
            "class": "Dropdown",
            "key": "0_239372263",
            "propList": [
              {
                "k": "styleMap",
                "v": {
                  "name": "styleMap",
                  "properties": [],
                  "type": "PropertyMap[styleMap]"
                }
              },
              {
                "k": "width",
                "v": 150
              },
              {
                "k": "height",
                "v": 32
              },
              {
                "k": "name",
                "v": "Dropdown1"
              },
              {
                "k": "left",
                "v": 76
              },
              {
                "k": "top",
                "v": 45
              },
              {
                "k": "autoHeight",
                "v": true
              },
              {
                "k": "right",
                "v": 734
              },
              {
                "k": "bottom",
                "v": 883
              },
              {
                "k": "bindings",
                "v": {
                  "list": [
                    {
                      "sourceExpression": "options",
                      "targetExpression": "@datasource.items",
                      "targetLiteralExpression": "@datasource.items",
                      "type": "BindingInfo"
                    },
                    {
                      "sourceExpression": "value",
                      "targetExpression": "@datasource.item",
                      "targetLiteralExpression": "@datasource.item",
                      "type": "BindingInfo"
                    }
                  ],
                  "type": "List[BindingInfo]"
                }
              }
            ],
            "type": "ComponentInfo"
          },
          {
            "class": "Panel",
            "key": "0_19035817",
            "propList": [
              {
                "k": "styleMap",
                "v": {
                  "name": "styleMap",
                  "properties": [],
                  "type": "PropertyMap[styleMap]"
                }
              },
              {
                "k": "width",
                "v": 246
              },
              {
                "k": "height",
                "v": 530
              },
              {
                "k": "name",
                "v": "Table1"
              },
              {
                "k": "layout",
                "v": "vertical"
              },
              {
                "k": "styles",
                "v": {
                  "list": ["app-ListTable"],
                  "type": "List[String]"
                }
              },
              {
                "k": "children",
                "v": {
                  "list": [
                    {
                      "class": "Panel",
                      "key": "0_1128146577",
                      "propList": [
                        {
                          "k": "styleMap",
                          "v": {
                            "name": "styleMap",
                            "properties": [],
                            "type": "PropertyMap[styleMap]"
                          }
                        },
                        {
                          "k": "width",
                          "v": 200
                        },
                        {
                          "k": "height",
                          "v": 200
                        },
                        {
                          "k": "name",
                          "v": "Table1Header"
                        },
                        {
                          "k": "layout",
                          "v": "horizontal"
                        },
                        {
                          "k": "autoWidth",
                          "v": true
                        },
                        {
                          "k": "align",
                          "v": "stretch"
                        },
                        {
                          "k": "autoHeight",
                          "v": true
                        },
                        {
                          "k": "alignChildren",
                          "v": "center"
                        },
                        {
                          "k": "suffixName",
                          "v": "Header"
                        },
                        {
                          "k": "styles",
                          "v": {
                            "list": ["app-ListTableHeaderPanel"],
                            "type": "List[String]"
                          }
                        },
                        {
                          "k": "children",
                          "v": {
                            "list": [
                              {
                                "class": "SimpleLabel",
                                "key": "0_528338052",
                                "propList": [
                                  {
                                    "k": "styleMap",
                                    "v": {
                                      "name": "styleMap",
                                      "properties": [
                                        {
                                          "name": "margin-left",
                                          "value": "24px"
                                        },
                                        {
                                          "name": "margin-right",
                                          "value": "18px"
                                        },
                                        {
                                          "name": "margin-top",
                                          "value": "16px"
                                        },
                                        {
                                          "name": "margin-bottom",
                                          "value": "16px"
                                        }
                                      ],
                                      "type": "PropertyMap[styleMap]"
                                    }
                                  },
                                  {
                                    "k": "width",
                                    "v": 100
                                  },
                                  {
                                    "k": "height",
                                    "v": 20
                                  },
                                  {
                                    "k": "name",
                                    "v": "Table1VendorHeader"
                                  },
                                  {
                                    "k": "suffixName",
                                    "v": "VendorHeader"
                                  },
                                  {
                                    "k": "text",
                                    "v": "Vendor"
                                  },
                                  {
                                    "k": "bindings",
                                    "v": {
                                      "list": [{
                                        "sourceExpression": "text",
                                        "targetExpression": "@models.XB8pGwB9a42JUZqxE0JbHq8b91OOSnP2.fields.bKPPKY7PYN5Hpx0Y.displayName",
                                        "targetLiteralExpression": "@models.Vendor.fields.Vendor.displayName",
                                        "type": "BindingInfo"
                                      }],
                                      "type": "List[BindingInfo]"
                                    }
                                  },
                                  {
                                    "k": "autoWidth",
                                    "v": true
                                  },
                                  {
                                    "k": "autoHeight",
                                    "v": true
                                  },
                                  {
                                    "k": "grow",
                                    "v": 1
                                  },
                                  {
                                    "k": "styles",
                                    "v": {
                                      "list": ["app-ListTableHeader"],
                                      "type": "List[String]"
                                    }
                                  }
                                ],
                                "type": "ComponentInfo"
                              },
                              {
                                "class": "LoadingIndicator",
                                "key": "0_1973089188",
                                "propList": [
                                  {
                                    "k": "styleMap",
                                    "v": {
                                      "name": "styleMap",
                                      "properties": [],
                                      "type": "PropertyMap[styleMap]"
                                    }
                                  },
                                  {
                                    "k": "bindings",
                                    "v": {
                                      "list": [{
                                        "sourceExpression": "visible",
                                        "targetExpression": "@datasource.loading || @datasource.creating || @datasource.deleting",
                                        "targetLiteralExpression": "@datasource.loading || @datasource.creating || @datasource.deleting",
                                        "type": "BindingInfo"
                                      }],
                                      "type": "List[BindingInfo]"
                                    }
                                  },
                                  {
                                    "k": "width",
                                    "v": 22
                                  },
                                  {
                                    "k": "height",
                                    "v": 22
                                  },
                                  {
                                    "k": "name",
                                    "v": "Table1Spinner"
                                  },
                                  {
                                    "k": "invisibilityType",
                                    "v": "hidden"
                                  },
                                  {
                                    "k": "suffixName",
                                    "v": "Spinner"
                                  }
                                ],
                                "type": "ComponentInfo"
                              }
                            ],
                            "type": "List[ComponentInfo]"
                          }
                        }
                      ],
                      "type": "ComponentInfo"
                    },
                    {
                      "class": "ListPanel",
                      "key": "0_1121893481",
                      "propList": [
                        {
                          "k": "styleMap",
                          "v": {
                            "name": "styleMap",
                            "properties": [],
                            "type": "PropertyMap[styleMap]"
                          }
                        },
                        {
                          "k": "prototype",
                          "v": {
                            "appKey": "1_330670581",
                            "type": "AppChildKey"
                          }
                        },
                        {
                          "k": "children",
                          "v": {
                            "list": [{
                              "class": "Panel",
                              "key": "1_330670581",
                              "propList": [
                                {
                                  "k": "styleMap",
                                  "v": {
                                    "name": "styleMap",
                                    "properties": [],
                                    "type": "PropertyMap[styleMap]"
                                  }
                                },
                                {
                                  "k": "height",
                                  "v": 40
                                },
                                {
                                  "k": "autoWidth",
                                  "v": true
                                },
                                {
                                  "k": "align",
                                  "v": "stretch"
                                },
                                {
                                  "k": "name",
                                  "v": "Table1Row"
                                },
                                {
                                  "k": "styleDescriptorName",
                                  "v": "ListPanelRow"
                                },
                                {
                                  "k": "suffixName",
                                  "v": "Row"
                                },
                                {
                                  "k": "layout",
                                  "v": "horizontal"
                                },
                                {
                                  "k": "autoHeight",
                                  "v": true
                                },
                                {
                                  "k": "alignChildren",
                                  "v": "center"
                                },
                                {
                                  "k": "styles",
                                  "v": {
                                    "list": [
                                      "app-ListTableRow",
                                      "hoverAncestor"
                                    ],
                                    "type": "List[String]"
                                  }
                                },
                                {
                                  "k": "children",
                                  "v": {
                                    "list": [{
                                      "class": "SimpleLabel",
                                      "key": "0_1536888783",
                                      "propList": [
                                        {
                                          "k": "styleMap",
                                          "v": {
                                            "name": "styleMap",
                                            "properties": [
                                              {
                                                "name": "margin-left",
                                                "value": "24px"
                                              },
                                              {
                                                "name": "margin-right",
                                                "value": "18px"
                                              },
                                              {
                                                "name": "margin-top",
                                                "value": "16px"
                                              },
                                              {
                                                "name": "margin-bottom",
                                                "value": "16px"
                                              }
                                            ],
                                            "type": "PropertyMap[styleMap]"
                                          }
                                        },
                                        {
                                          "k": "width",
                                          "v": 100
                                        },
                                        {
                                          "k": "height",
                                          "v": 20
                                        },
                                        {
                                          "k": "name",
                                          "v": "Field"
                                        },
                                        {
                                          "k": "bindings",
                                          "v": {
                                            "list": [{
                                              "sourceExpression": "text",
                                              "targetExpression": "@datasource.item.bKPPKY7PYN5Hpx0Y",
                                              "targetLiteralExpression": "@datasource.item.Vendor",
                                              "type": "BindingInfo"
                                            }],
                                            "type": "List[BindingInfo]"
                                          }
                                        },
                                        {
                                          "k": "text",
                                          "v": "Label"
                                        },
                                        {
                                          "k": "label",
                                          "v": ""
                                        },
                                        {
                                          "k": "autoWidth",
                                          "v": true
                                        },
                                        {
                                          "k": "autoHeight",
                                          "v": true
                                        },
                                        {
                                          "k": "grow",
                                          "v": 1
                                        }
                                      ],
                                      "type": "ComponentInfo"
                                    }],
                                    "type": "List[ComponentInfo]"
                                  }
                                }
                              ],
                              "type": "ComponentInfo"
                            }],
                            "type": "List[ComponentInfo]"
                          }
                        },
                        {
                          "k": "width",
                          "v": 400
                        },
                        {
                          "k": "height",
                          "v": 200
                        },
                        {
                          "k": "name",
                          "v": "Table1Body"
                        },
                        {
                          "k": "suffixName",
                          "v": "Body"
                        },
                        {
                          "k": "autoWidth",
                          "v": true
                        },
                        {
                          "k": "align",
                          "v": "stretch"
                        },
                        {
                          "k": "autoHeight",
                          "v": true
                        },
                        {
                          "k": "grow",
                          "v": 1
                        },
                        {
                          "k": "editorNonInheritedLocked",
                          "v": true
                        },
                        {
                          "k": "constrain_width",
                          "v": false
                        },
                        {
                          "k": "constrain_right",
                          "v": true
                        }
                      ],
                      "type": "ComponentInfo"
                    }
                  ],
                  "type": "List[ComponentInfo]"
                }
              },
              {
                "k": "bindings",
                "v": {
                  "list": [{
                    "sourceExpression": "_dataSource",
                    "targetExpression": "@widget.parent.datasource.relations._xf4YO9u5Wacs5FJNv8AQu8C6X0qV8fJn",
                    "targetLiteralExpression": "@widget.parent.datasource.relations.relVendor",
                    "type": "BindingInfo"
                  }],
                  "type": "List[BindingInfo]"
                }
              },
              {
                "k": "variant",
                "v": "Paper"
              },
              {
                "k": "top",
                "v": 139
              },
              {
                "k": "left",
                "v": 76
              },
              {
                "k": "right",
                "v": 638
              },
              {
                "k": "bottom",
                "v": 291
              }
            ],
            "type": "ComponentInfo"
          },
          {
            "class": "Panel",
            "key": "9_1607447710",
            "propList": [
              {
                "k": "styleMap",
                "v": {
                  "name": "styleMap",
                  "properties": [],
                  "type": "PropertyMap[styleMap]"
                }
              },
              {
                "k": "width",
                "v": 246
              },
              {
                "k": "height",
                "v": 530
              },
              {
                "k": "name",
                "v": "Table2"
              },
              {
                "k": "layout",
                "v": "vertical"
              },
              {
                "k": "styles",
                "v": {
                  "list": ["app-ListTable"],
                  "type": "List[String]"
                }
              },
              {
                "k": "children",
                "v": {
                  "list": [
                    {
                      "class": "Panel",
                      "key": "10_1703129296",
                      "propList": [
                        {
                          "k": "styleMap",
                          "v": {
                            "name": "styleMap",
                            "properties": [],
                            "type": "PropertyMap[styleMap]"
                          }
                        },
                        {
                          "k": "width",
                          "v": 200
                        },
                        {
                          "k": "height",
                          "v": 200
                        },
                        {
                          "k": "name",
                          "v": "Table2Header"
                        },
                        {
                          "k": "layout",
                          "v": "horizontal"
                        },
                        {
                          "k": "autoWidth",
                          "v": true
                        },
                        {
                          "k": "align",
                          "v": "stretch"
                        },
                        {
                          "k": "autoHeight",
                          "v": true
                        },
                        {
                          "k": "alignChildren",
                          "v": "center"
                        },
                        {
                          "k": "suffixName",
                          "v": "Header"
                        },
                        {
                          "k": "styles",
                          "v": {
                            "list": ["app-ListTableHeaderPanel"],
                            "type": "List[String]"
                          }
                        },
                        {
                          "k": "children",
                          "v": {
                            "list": [
                              {
                                "class": "SimpleLabel",
                                "key": "11_457187572",
                                "propList": [
                                  {
                                    "k": "styleMap",
                                    "v": {
                                      "name": "styleMap",
                                      "properties": [
                                        {
                                          "name": "margin-left",
                                          "value": "24px"
                                        },
                                        {
                                          "name": "margin-right",
                                          "value": "18px"
                                        },
                                        {
                                          "name": "margin-top",
                                          "value": "16px"
                                        },
                                        {
                                          "name": "margin-bottom",
                                          "value": "16px"
                                        }
                                      ],
                                      "type": "PropertyMap[styleMap]"
                                    }
                                  },
                                  {
                                    "k": "width",
                                    "v": 100
                                  },
                                  {
                                    "k": "height",
                                    "v": 20
                                  },
                                  {
                                    "k": "name",
                                    "v": "Table2VendorHeader"
                                  },
                                  {
                                    "k": "suffixName",
                                    "v": "VendorHeader"
                                  },
                                  {
                                    "k": "text",
                                    "v": "Email address"
                                  },
                                  {
                                    "k": "bindings",
                                    "v": {
                                      "list": [],
                                      "type": "List[BindingInfo]"
                                    }
                                  },
                                  {
                                    "k": "autoWidth",
                                    "v": true
                                  },
                                  {
                                    "k": "autoHeight",
                                    "v": true
                                  },
                                  {
                                    "k": "grow",
                                    "v": 1
                                  },
                                  {
                                    "k": "styles",
                                    "v": {
                                      "list": ["app-ListTableHeader"],
                                      "type": "List[String]"
                                    }
                                  }
                                ],
                                "type": "ComponentInfo"
                              },
                              {
                                "class": "LoadingIndicator",
                                "key": "12_13513954",
                                "propList": [
                                  {
                                    "k": "styleMap",
                                    "v": {
                                      "name": "styleMap",
                                      "properties": [],
                                      "type": "PropertyMap[styleMap]"
                                    }
                                  },
                                  {
                                    "k": "bindings",
                                    "v": {
                                      "list": [{
                                        "sourceExpression": "visible",
                                        "targetExpression": "@datasource.loading || @datasource.creating || @datasource.deleting",
                                        "targetLiteralExpression": "@datasource.loading || @datasource.creating || @datasource.deleting",
                                        "type": "BindingInfo"
                                      }],
                                      "type": "List[BindingInfo]"
                                    }
                                  },
                                  {
                                    "k": "width",
                                    "v": 22
                                  },
                                  {
                                    "k": "height",
                                    "v": 22
                                  },
                                  {
                                    "k": "name",
                                    "v": "Table2Spinner"
                                  },
                                  {
                                    "k": "invisibilityType",
                                    "v": "hidden"
                                  },
                                  {
                                    "k": "suffixName",
                                    "v": "Spinner"
                                  }
                                ],
                                "type": "ComponentInfo"
                              }
                            ],
                            "type": "List[ComponentInfo]"
                          }
                        }
                      ],
                      "type": "ComponentInfo"
                    },
                    {
                      "class": "ListPanel",
                      "key": "13_104916871",
                      "propList": [
                        {
                          "k": "styleMap",
                          "v": {
                            "name": "styleMap",
                            "properties": [],
                            "type": "PropertyMap[styleMap]"
                          }
                        },
                        {
                          "k": "prototype",
                          "v": {
                            "appKey": "14_952890482",
                            "type": "AppChildKey"
                          }
                        },
                        {
                          "k": "children",
                          "v": {
                            "list": [{
                              "class": "Panel",
                              "key": "14_952890482",
                              "propList": [
                                {
                                  "k": "styleMap",
                                  "v": {
                                    "name": "styleMap",
                                    "properties": [],
                                    "type": "PropertyMap[styleMap]"
                                  }
                                },
                                {
                                  "k": "height",
                                  "v": 40
                                },
                                {
                                  "k": "autoWidth",
                                  "v": true
                                },
                                {
                                  "k": "align",
                                  "v": "stretch"
                                },
                                {
                                  "k": "name",
                                  "v": "Table2Row"
                                },
                                {
                                  "k": "styleDescriptorName",
                                  "v": "ListPanelRow"
                                },
                                {
                                  "k": "suffixName",
                                  "v": "Row"
                                },
                                {
                                  "k": "layout",
                                  "v": "horizontal"
                                },
                                {
                                  "k": "autoHeight",
                                  "v": true
                                },
                                {
                                  "k": "alignChildren",
                                  "v": "center"
                                },
                                {
                                  "k": "styles",
                                  "v": {
                                    "list": [
                                      "app-ListTableRow",
                                      "hoverAncestor"
                                    ],
                                    "type": "List[String]"
                                  }
                                },
                                {
                                  "k": "children",
                                  "v": {
                                    "list": [{
                                      "class": "SimpleLabel",
                                      "key": "15_624582883",
                                      "propList": [
                                        {
                                          "k": "styleMap",
                                          "v": {
                                            "name": "styleMap",
                                            "properties": [
                                              {
                                                "name": "margin-left",
                                                "value": "24px"
                                              },
                                              {
                                                "name": "margin-right",
                                                "value": "18px"
                                              },
                                              {
                                                "name": "margin-top",
                                                "value": "16px"
                                              },
                                              {
                                                "name": "margin-bottom",
                                                "value": "16px"
                                              }
                                            ],
                                            "type": "PropertyMap[styleMap]"
                                          }
                                        },
                                        {
                                          "k": "width",
                                          "v": 100
                                        },
                                        {
                                          "k": "height",
                                          "v": 20
                                        },
                                        {
                                          "k": "name",
                                          "v": "Field1"
                                        },
                                        {
                                          "k": "bindings",
                                          "v": {
                                            "list": [{
                                              "sourceExpression": "text",
                                              "targetExpression": "@datasource.item.u8VEKWJL1gFOSJAB",
                                              "targetLiteralExpression": "@datasource.item.emailAddress",
                                              "type": "BindingInfo"
                                            }],
                                            "type": "List[BindingInfo]"
                                          }
                                        },
                                        {
                                          "k": "text",
                                          "v": "@Vendor"
                                        },
                                        {
                                          "k": "label",
                                          "v": ""
                                        },
                                        {
                                          "k": "autoWidth",
                                          "v": true
                                        },
                                        {
                                          "k": "autoHeight",
                                          "v": true
                                        },
                                        {
                                          "k": "grow",
                                          "v": 1
                                        }
                                      ],
                                      "type": "ComponentInfo"
                                    }],
                                    "type": "List[ComponentInfo]"
                                  }
                                }
                              ],
                              "type": "ComponentInfo"
                            }],
                            "type": "List[ComponentInfo]"
                          }
                        },
                        {
                          "k": "width",
                          "v": 400
                        },
                        {
                          "k": "height",
                          "v": 200
                        },
                        {
                          "k": "name",
                          "v": "Table2Body"
                        },
                        {
                          "k": "suffixName",
                          "v": "Body"
                        },
                        {
                          "k": "autoWidth",
                          "v": true
                        },
                        {
                          "k": "align",
                          "v": "stretch"
                        },
                        {
                          "k": "autoHeight",
                          "v": true
                        },
                        {
                          "k": "grow",
                          "v": 1
                        },
                        {
                          "k": "editorNonInheritedLocked",
                          "v": true
                        },
                        {
                          "k": "constrain_width",
                          "v": false
                        },
                        {
                          "k": "constrain_right",
                          "v": true
                        }
                      ],
                      "type": "ComponentInfo"
                    }
                  ],
                  "type": "List[ComponentInfo]"
                }
              },
              {
                "k": "bindings",
                "v": {
                  "list": [{
                    "sourceExpression": "_dataSource",
                    "targetExpression": "@widget.parent.datasource.relations._xf4YO9u5Wacs5FJNv8AQu8C6X0qV8fJn",
                    "targetLiteralExpression": "@widget.parent.datasource.relations.relVendor",
                    "type": "BindingInfo"
                  }],
                  "type": "List[BindingInfo]"
                }
              },
              {
                "k": "variant",
                "v": "Paper"
              },
              {
                "k": "top",
                "v": 139
              },
              {
                "k": "left",
                "v": 321
              },
              {
                "k": "right",
                "v": 393
              },
              {
                "k": "bottom",
                "v": 291
              },
              {
                "k": "constrain_left",
                "v": true
              },
              {
                "k": "constrain_right",
                "v": false
              },
              {
                "k": "constrain_width",
                "v": true
              },
              {
                "k": "constrain_minWidth",
                "v": false
              },
              {
                "k": "constrain_maxWidth",
                "v": false
              },
              {
                "k": "constrain_top",
                "v": true
              },
              {
                "k": "constrain_bottom",
                "v": false
              },
              {
                "k": "constrain_height",
                "v": true
              },
              {
                "k": "constrain_minHeight",
                "v": false
              },
              {
                "k": "constrain_maxHeight",
                "v": false
              }
            ],
            "type": "ComponentInfo"
          }
        ],
        "type": "List[ComponentInfo]"
      }
    },
    {
      "k": "bindings",
      "v": {
        "list": [{
          "sourceExpression": "_dataSource",
          "targetExpression": "@datasources.uMxgeY3KGVnK9K6H2opDdnbrBxCjBORo_default",
          "targetLiteralExpression": "@datasources.Times",
          "type": "BindingInfo"
        }],
        "type": "List[BindingInfo]"
      }
    }
  ],
  "type": "ComponentInfo"
}