<?xml version="1.0" encoding="UTF-8"?><TaskList Version="2.0"><Task ConnectorKind="local" RepositoryUrl="local" TaskId="5" Handle="local-5" Label="Assignment Week 4" Priority="P3" Kind="task" IssueURL="" Notes="" Estimated="0" EndDate="" CreationDate="2018-08-29 20:41:21.271 -0600" ModificationDate="" DueDate="" Owner="local" Active="false" ScheduledStartDate="2018-08-27 00:00:00.0 -0600" ScheduledEndDate="2018-09-02 23:59:59.999 -0600" Reminded="false" MarkReadPending="false" NotifiedIncoming="true" offlineSyncState="SYNCHRONIZED"><SubTask Handle="local-7"/><SubTask Handle="local-2"/></Task><Task ConnectorKind="local" RepositoryUrl="local" TaskId="2" Handle="local-2" Label="Step 7" Priority="P3" Kind="task" IssueURL="" Notes="PSEUDOCODE&#13;&#10;&#13;&#10;For each PointFeature in earthquakes&#13;&#10;Check if PointFeature is in a Land&#13;&#10;If so,&#13;&#10;&#9;add PointFeature as a LandQuakeMarker.&#13;&#10;If not&#13;&#10;&#9;add PointFeature as a OceanQuakeMarker&#13;&#10;&#13;&#10;Markers receive Features.&#13;&#10;&#13;&#10;STEP 7 PSEUDOCODE&#13;&#10;- Do triangles to draw Markers for Cities.&#13;&#10;- Add Triangle to the key&#13;&#10;- Use PGraphics object for drawing" Estimated="0" EndDate="2018-08-29 20:43:01.425 -0600" CreationDate="2018-08-29 20:28:34.835 -0600" ModificationDate="" DueDate="" Owner="local" Active="false" ScheduledStartDate="2018-08-29 00:00:00.0 -0600" ScheduledEndDate="2018-08-29 23:59:59.999 -0600" Reminded="false" MarkReadPending="false" NotifiedIncoming="true" offlineSyncState="SYNCHRONIZED"/><Task ConnectorKind="local" RepositoryUrl="local" TaskId="8" Handle="local-8" Label="Add own extension" Priority="P3" Kind="task" IssueURL="" Notes="https://d396qusza40orc.cloudfront.net/phoenixassets/object-oriented-java/Module%206%20PA%20Instructions.pdf&#13;&#10;&#13;&#10;5. Add your own extension! This is the fun part and the main part of this final programming assignment.&#13;&#10;Add any extension you choose to the earthquake program as it stands. You will submit this extension for&#13;&#10;peer grading, as described in the Peer Review Assignment at the end of this module, following the&#13;&#10;Programming Assignment Quiz.&#13;&#10;&#13;&#10;The only conditions for this piece is that your extension be (1) something you are interested in doing and (2)&#13;&#10;something that was not required in any of the previous programming assignments in this course. Also, you&#13;&#10;will be asked to submit a Peer Review assignment talking about your extension, so it would be a good idea&#13;&#10;to read over the requirements for that assignment before you get started programming. (It's the last&#13;&#10;assignment in this module).&#13;&#10;&#13;&#10;We encourage you to get creative, but if you need a little inspiration, here are some ideas you are welcome&#13;&#10;to use along two different lines: direct extensions to the earthquake application, and working with other&#13;&#10;data sets. Again, these are just ideas. You are not required to use any of them." Estimated="0" EndDate="2018-09-09 16:36:57.569 -0600" CreationDate="2018-09-08 20:22:51.506 -0600" ModificationDate="" DueDate="2018-09-08 23:00:00.0 -0600" Owner="local" Active="false" ScheduledStartDate="2018-09-08 00:00:00.0 -0600" ScheduledEndDate="2018-09-08 23:59:59.999 -0600" Reminded="true" MarkReadPending="false" NotifiedIncoming="true" offlineSyncState="SYNCHRONIZED"/><Task ConnectorKind="local" RepositoryUrl="local" TaskId="7" Handle="local-7" Label="Step 8 -  " Priority="P3" Kind="task" IssueURL="" Notes="Complete the method definitions for the drawEarthquake() method in LandQuakeMarker and OceanQuakeMarker&#13;&#10;&#13;&#10;- Vary size by EQ magnitude.&#13;&#10;Larger magnitude = Larger size&#13;&#10;- LandQuakeMarkers are circles&#13;&#10;- OceanQuakeMarkers are squares&#13;&#10;&#13;&#10;Both most be centered&#13;&#10;&#13;&#10;&#13;&#10;&#9;    if(super.getMagnitude() &lt; THRESHOLD_LIGHT) {&#13;&#10;&#9;&#9;    &#13;&#10;&#9;    &#9;super.setRadius(10);&#13;&#10;&#9;    }&#13;&#10;&#9;    else if(super.getMagnitude() &gt;= THRESHOLD_LIGHT &amp;&amp; super.getMagnitude() &lt; THRESHOLD_MODERATE) {&#13;&#10;&#9;    &#9;&#13;&#10;&#9;    &#9;super.setRadius(15);&#13;&#10;&#9;    }&#13;&#10;&#9;    else if(super.getMagnitude() &gt;= THRESHOLD_LIGHT &amp;&amp; super.getMagnitude() &gt;= THRESHOLD_MODERATE) {&#13;&#10;&#9;    &#9;&#13;&#10;&#9;    &#9;super.setRadius(20);&#13;&#10;&#9;    }" Estimated="0" EndDate="2018-08-30 13:17:38.482 -0600" CreationDate="2018-08-29 20:42:12.266 -0600" ModificationDate="" DueDate="" Owner="local" Active="false" ScheduledStartDate="2018-08-29 00:00:00.0 -0600" ScheduledEndDate="2018-08-29 23:59:59.999 -0600" Reminded="true" MarkReadPending="false" NotifiedIncoming="true" offlineSyncState="SYNCHRONIZED"/><TaskCategory Handle="Uncategorized" Name="Uncategorized"><TaskReference Handle="local-5"/><TaskReference Handle="local-8"/></TaskCategory></TaskList>