{
  "dataSources": [
    {
      "autoLoad": false,
      "key": "mbCFFZ4bH8AGYvbktZhIzTELfEHJ2Mtw_default",
      "modelKey": "mbCFFZ4bH8AGYvbktZhIzTELfEHJ2Mtw",
      "name": "PrepsBackup",
      "pageSize": 100,
      "type": "QUERY",
      "wherePathMappings": []
    },
    {
      "autoLoad": false,
      "customProperties": [
        {
          "category": "Custom Properties",
          "deprecated": false,
          "designTime": false,
          "experimental": false,
          "hidden": false,
          "key": "rc49Ui8S",
          "name": "FirstDate",
          "persisted": true,
          "readonly": false,
          "sqlType": "DATETIME",
          "type": "Date"
        },
        {
          "category": "Custom Properties",
          "deprecated": false,
          "designTime": false,
          "experimental": false,
          "hidden": false,
          "key": "R8Mcf4p2",
          "name": "EndDate",
          "persisted": true,
          "readonly": false,
          "sqlType": "DATETIME",
          "type": "Date"
        }
      ],
      "customQuery": "var resultsPreps \u003d [];\nquery.filters.Date._greaterThanOrEquals \u003d query.parameters.FirstDate;\nquery.filters.Date._lessThanOrEquals \u003d query.parameters.EndDate;\nquery.sorting.Date._ascending();\nresultsPreps \u003d query.run();\nreturn resultsPreps;",
      "key": "NciviKiOhwAjKgDIzuNsDsU1gWHFow34",
      "modelKey": "mbCFFZ4bH8AGYvbktZhIzTELfEHJ2Mtw",
      "name": "Preps",
      "pageSize": 100,
      "type": "QUERY"
    },
    {
      "customProperties": [
        {
          "category": "Custom Properties",
          "deprecated": false,
          "designTime": false,
          "experimental": false,
          "hidden": false,
          "key": "SXQn4x3m",
          "name": "Kpi",
          "persisted": true,
          "readonly": false,
          "type": "String"
        },
        {
          "category": "Custom Properties",
          "deprecated": false,
          "designTime": false,
          "experimental": false,
          "hidden": false,
          "key": "XolJZZMu",
          "name": "FirstDate",
          "persisted": true,
          "readonly": false,
          "sqlType": "DATETIME",
          "type": "Date"
        },
        {
          "category": "Custom Properties",
          "deprecated": false,
          "designTime": false,
          "experimental": false,
          "hidden": false,
          "key": "PcaYcHKN",
          "name": "EndDate",
          "persisted": true,
          "readonly": false,
          "sqlType": "DATETIME",
          "type": "Date"
        },
        {
          "category": "Custom Properties",
          "deprecated": false,
          "designTime": false,
          "experimental": false,
          "hidden": false,
          "key": "ItHHbLKq",
          "name": "Agent",
          "persisted": true,
          "readonly": false,
          "type": "String"
        }
      ],
      "customQuery": "var resultPrepsByKpi \u003d [];\nquery.filters.Date._greaterThanOrEquals \u003d query.parameters.FirstDate;\nquery.filters.Date._lessThanOrEquals \u003d query.parameters.EndDate;\nquery.filters.KPI._equals \u003d query.parameters.Kpi;\nquery.filters.relAgents.Name._equals \u003d query.parameters.Agent;\nquery.sorting.Date._ascending();\nresultPrepsByKpi \u003d query.run();\nreturn resultPrepsByKpi;",
      "key": "Cggq5ka1sju2tCeyQoP1gXEmMtMQdUXF",
      "modelKey": "mbCFFZ4bH8AGYvbktZhIzTELfEHJ2Mtw",
      "name": "PrepsByKpi",
      "pageSize": 100,
      "type": "QUERY"
    },
    {
      "customQuery": "var results \u003d [];\nvar query \u003d app.models.Preps.newQuery().run();\nresults \u003d query;\nreturn results;",
      "key": "MJ2UDZH9lCYNtoNwFT6YzC0jyoFtEDb1",
      "modelKey": "mbCFFZ4bH8AGYvbktZhIzTELfEHJ2Mtw",
      "name": "CopyOfDatasource",
      "pageSize": 100,
      "type": "QUERY",
      "wherePathMappings": []
    },
    {
      "key": "lCF34kS8Esvz3NysTBbaC5x1zNSrINCW",
      "modelKey": "mbCFFZ4bH8AGYvbktZhIzTELfEHJ2Mtw",
      "name": "AllPreps",
      "pageSize": 100,
      "type": "QUERY"
    },
    {
      "customProperties": [{
        "category": "Custom Properties",
        "deprecated": false,
        "designTime": false,
        "experimental": false,
        "hidden": false,
        "key": "nugGZPan",
        "name": "Username",
        "persisted": true,
        "readonly": false,
        "type": "String"
      }],
      "customQuery": "var results \u003d [];\nquery.filters.relAgents.relSupervisors.Username._equals \u003d query.parameters.Username;\nquery.sorting.Date._descending();\nresults \u003d query.run();\nreturn results;",
      "key": "Xn0M51TNvojEQgrdiAuZDKANFeQmpfxF",
      "modelKey": "mbCFFZ4bH8AGYvbktZhIzTELfEHJ2Mtw",
      "name": "PrepsBySup",
      "pageSize": 100,
      "type": "QUERY"
    }
  ],
  "defaultDataSourceKey": "mbCFFZ4bH8AGYvbktZhIzTELfEHJ2Mtw_default",
  "eventPermissions": [
    {
      "name": "ON_CREATE",
      "type": "inherited"
    },
    {
      "name": "ON_LOAD",
      "type": "inherited"
    },
    {
      "name": "ON_SAVE",
      "type": "inherited"
    },
    {
      "name": "ON_DELETE",
      "type": "inherited"
    }
  ],
  "events": [],
  "fields": [
    {
      "allowedFilterOperators": [
        "contains",
        "eq",
        "gt",
        "gte",
        "in",
        "lt",
        "lte",
        "ne",
        "notContains",
        "notIn",
        "notStartsWith",
        "startsWith"
      ],
      "columnName": "KPI",
      "key": "g7xbFb5RR7SAVqxV",
      "minLength": 0,
      "name": "KPI",
      "possibleValues": {
        "list": [
          "CSAT",
          "QA",
          "PPH",
          "CCA"
        ],
        "type": "List[String]"
      },
      "required": false,
      "type": "String"
    },
    {
      "allowedFilterOperators": [
        "eq",
        "gt",
        "gte",
        "in",
        "lt",
        "lte",
        "ne",
        "notIn"
      ],
      "columnName": "CurrentScore",
      "integer": false,
      "key": "UBb3CXLP2uYpB4yH",
      "name": "CurrentScore",
      "required": false,
      "type": "Number"
    },
    {
      "allowedFilterOperators": [
        "contains",
        "eq",
        "gt",
        "gte",
        "in",
        "lt",
        "lte",
        "ne",
        "notContains",
        "notIn",
        "notStartsWith",
        "startsWith"
      ],
      "columnName": "Prep1",
      "key": "bOse8xkPf2NqcBBw",
      "minLength": 0,
      "name": "Prep1",
      "required": false,
      "type": "String"
    },
    {
      "allowedFilterOperators": [
        "contains",
        "eq",
        "gt",
        "gte",
        "in",
        "lt",
        "lte",
        "ne",
        "notContains",
        "notIn",
        "notStartsWith",
        "startsWith"
      ],
      "columnName": "Prep2",
      "key": "l6VXy8Lu5UaFZ4rz",
      "minLength": 0,
      "name": "Prep2",
      "required": false,
      "type": "String"
    },
    {
      "allowedFilterOperators": [
        "eq",
        "gt",
        "gte",
        "in",
        "lt",
        "lte",
        "ne",
        "notIn"
      ],
      "columnName": "Date",
      "key": "ivPsBJP09jITKt6p",
      "name": "Date",
      "required": false,
      "type": "Date"
    },
    {
      "allowedFilterOperators": [
        "contains",
        "eq",
        "gt",
        "gte",
        "in",
        "lt",
        "lte",
        "ne",
        "notContains",
        "notIn",
        "notStartsWith",
        "startsWith"
      ],
      "columnName": "Timestamp",
      "key": "I4KpK1PS9VZLPaVV",
      "minLength": 0,
      "name": "Timestamp",
      "required": false,
      "type": "String"
    }
  ],
  "key": "mbCFFZ4bH8AGYvbktZhIzTELfEHJ2Mtw",
  "modelPermission": {
    "name": "model permission",
    "permissions": [
      {"type": "nobody"},
      {
        "groupKeys": ["Admins"],
        "type": "groups"
      }
    ],
    "type": "compound"
  },
  "name": "Preps",
  "type": "BRIX",
  "userIdFieldType": "USER_ID"
}