{
  "dataSources": [{
    "key": "vIAHxvf9BLpAIcpr2JWCsxUb5xKxYF9d_default",
    "modelKey": "vIAHxvf9BLpAIcpr2JWCsxUb5xKxYF9d",
    "name": "KPI",
    "pageSize": 100,
    "type": "QUERY"
  }],
  "defaultDataSourceKey": "vIAHxvf9BLpAIcpr2JWCsxUb5xKxYF9d_default",
  "eventPermissions": [
    {
      "name": "ON_CREATE",
      "type": "inherited"
    },
    {
      "name": "ON_LOAD",
      "type": "inherited"
    },
    {
      "name": "ON_SAVE",
      "type": "inherited"
    },
    {
      "name": "ON_DELETE",
      "type": "inherited"
    }
  ],
  "events": [],
  "fields": [
    {
      "allowedFilterOperators": [
        "eq",
        "gt",
        "gte",
        "in",
        "lt",
        "lte",
        "ne",
        "notIn"
      ],
      "columnName": "QA",
      "integer": false,
      "key": "41w0K5wt0krgW2G4",
      "name": "QA",
      "required": false,
      "type": "Number"
    },
    {
      "allowedFilterOperators": [
        "eq",
        "gt",
        "gte",
        "in",
        "lt",
        "lte",
        "ne",
        "notIn"
      ],
      "columnName": "CSAT",
      "integer": false,
      "key": "gjXBfN3hmF1wdhYE",
      "name": "CSAT",
      "required": false,
      "type": "Number"
    },
    {
      "allowedFilterOperators": [
        "eq",
        "gt",
        "gte",
        "in",
        "lt",
        "lte",
        "ne",
        "notIn"
      ],
      "columnName": "PPH",
      "integer": false,
      "key": "QC2hsVczWCVYmo18",
      "name": "PPH",
      "required": false,
      "type": "Number"
    },
    {
      "allowedFilterOperators": [
        "eq",
        "gt",
        "gte",
        "in",
        "lt",
        "lte",
        "ne",
        "notIn"
      ],
      "columnName": "CCA",
      "integer": false,
      "key": "hIBDMaOeFdEhpmHc",
      "name": "CCA",
      "required": false,
      "type": "Number"
    }
  ],
  "key": "vIAHxvf9BLpAIcpr2JWCsxUb5xKxYF9d",
  "modelPermission": {
    "name": "model permission",
    "permissions": [
      {"type": "nobody"},
      {
        "groupKeys": ["Admins"],
        "type": "groups"
      }
    ],
    "type": "compound"
  },
  "name": "KPI",
  "type": "BRIX",
  "userIdFieldType": "USER_ID"
}