{
  "dataSources": [{
    "key": "s4TqjvCd2CPATc4J48GvWOF55oNGqxWC_default",
    "modelKey": "s4TqjvCd2CPATc4J48GvWOF55oNGqxWC",
    "name": "vendorObject",
    "pageSize": 100,
    "type": "QUERY"
  }],
  "defaultDataSourceKey": "s4TqjvCd2CPATc4J48GvWOF55oNGqxWC_default",
  "eventPermissions": [
    {
      "name": "ON_CREATE",
      "type": "inherited"
    },
    {
      "name": "ON_LOAD",
      "type": "inherited"
    },
    {
      "name": "ON_SAVE",
      "type": "inherited"
    },
    {
      "name": "ON_DELETE",
      "type": "inherited"
    }
  ],
  "events": [],
  "fields": [
    {
      "allowedFilterOperators": [
        "contains",
        "eq",
        "gt",
        "gte",
        "in",
        "lt",
        "lte",
        "ne",
        "notContains",
        "notIn",
        "notStartsWith",
        "startsWith"
      ],
      "columnName": "Name",
      "key": "behEr0VkfTjl3OsK",
      "minLength": 0,
      "name": "Name",
      "required": false,
      "type": "String"
    },
    {
      "allowedFilterOperators": [
        "contains",
        "eq",
        "gt",
        "gte",
        "in",
        "lt",
        "lte",
        "ne",
        "notContains",
        "notIn",
        "notStartsWith",
        "startsWith"
      ],
      "columnName": "Time1",
      "key": "J3G0sUnuoEEeVxNJ",
      "minLength": 0,
      "name": "Time1",
      "possibleValues": {
        "list": [
          "12:00 AM",
          "1:00 AM",
          "2:00 AM",
          "3:00 AM",
          "4:00 AM",
          "5:00 AM",
          "6:00 AM",
          "7:00 AM",
          "8:00 AM",
          "9:00 AM",
          "10:00 AM",
          "11:00 AM",
          "12:00 PM",
          "1:00 PM",
          "2:00 PM",
          "3:00 PM",
          "4:00 PM",
          "5:00 PM",
          "6:00 PM",
          "7:00 PM",
          "8:00 PM",
          "9:00 PM",
          "10:00 PM",
          "11:00 PM"
        ],
        "type": "List[String]"
      },
      "required": false,
      "type": "String"
    },
    {
      "allowedFilterOperators": [
        "contains",
        "eq",
        "gt",
        "gte",
        "in",
        "lt",
        "lte",
        "ne",
        "notContains",
        "notIn",
        "notStartsWith",
        "startsWith"
      ],
      "columnName": "Time2",
      "key": "iJjm8vCmJsemK3Ql",
      "minLength": 0,
      "name": "Time2",
      "required": false,
      "type": "String"
    },
    {
      "allowedFilterOperators": [
        "contains",
        "eq",
        "gt",
        "gte",
        "in",
        "lt",
        "lte",
        "ne",
        "notContains",
        "notIn",
        "notStartsWith",
        "startsWith"
      ],
      "columnName": "Time3",
      "key": "MQOLAle1etNQxRWX",
      "minLength": 0,
      "name": "Time3",
      "required": false,
      "type": "String"
    },
    {
      "allowedFilterOperators": [
        "contains",
        "eq",
        "gt",
        "gte",
        "in",
        "lt",
        "lte",
        "ne",
        "notContains",
        "notIn",
        "notStartsWith",
        "startsWith"
      ],
      "columnName": "Time4",
      "key": "POVJoWipwZp5ZtMF",
      "minLength": 0,
      "name": "Time4",
      "required": false,
      "type": "String"
    },
    {
      "allowedFilterOperators": [
        "contains",
        "eq",
        "gt",
        "gte",
        "in",
        "lt",
        "lte",
        "ne",
        "notContains",
        "notIn",
        "notStartsWith",
        "startsWith"
      ],
      "columnName": "Time5",
      "key": "3pyuLTfuGFQ9F4ih",
      "minLength": 0,
      "name": "Time5",
      "required": false,
      "type": "String"
    },
    {
      "allowedFilterOperators": [
        "contains",
        "eq",
        "gt",
        "gte",
        "in",
        "lt",
        "lte",
        "ne",
        "notContains",
        "notIn",
        "notStartsWith",
        "startsWith"
      ],
      "columnName": "Time6",
      "key": "O3EElAEYkkdEZE78",
      "minLength": 0,
      "name": "Time6",
      "required": false,
      "type": "String"
    },
    {
      "allowedFilterOperators": [
        "contains",
        "eq",
        "gt",
        "gte",
        "in",
        "lt",
        "lte",
        "ne",
        "notContains",
        "notIn",
        "notStartsWith",
        "startsWith"
      ],
      "columnName": "Time7",
      "key": "Yp46XsqnAbK35suC",
      "minLength": 0,
      "name": "Time7",
      "required": false,
      "type": "String"
    },
    {
      "allowedFilterOperators": [
        "contains",
        "eq",
        "gt",
        "gte",
        "in",
        "lt",
        "lte",
        "ne",
        "notContains",
        "notIn",
        "notStartsWith",
        "startsWith"
      ],
      "columnName": "Time8",
      "key": "Sm4EU7FT6cCPkNF6",
      "minLength": 0,
      "name": "Time8",
      "required": false,
      "type": "String"
    },
    {
      "allowedFilterOperators": [
        "contains",
        "eq",
        "gt",
        "gte",
        "in",
        "lt",
        "lte",
        "ne",
        "notContains",
        "notIn",
        "notStartsWith",
        "startsWith"
      ],
      "columnName": "Time9",
      "key": "tYGIbfJXa8M0JcJD",
      "minLength": 0,
      "name": "Time9",
      "required": false,
      "type": "String"
    },
    {
      "allowedFilterOperators": [
        "contains",
        "eq",
        "gt",
        "gte",
        "in",
        "lt",
        "lte",
        "ne",
        "notContains",
        "notIn",
        "notStartsWith",
        "startsWith"
      ],
      "columnName": "Time10",
      "key": "7BtRNJEcNhRaKG07",
      "minLength": 0,
      "name": "Time10",
      "required": false,
      "type": "String"
    },
    {
      "allowedFilterOperators": [
        "contains",
        "eq",
        "gt",
        "gte",
        "in",
        "lt",
        "lte",
        "ne",
        "notContains",
        "notIn",
        "notStartsWith",
        "startsWith"
      ],
      "columnName": "Time11",
      "key": "10tMzgts8RU05jmq",
      "minLength": 0,
      "name": "Time11",
      "required": false,
      "type": "String"
    },
    {
      "allowedFilterOperators": [
        "contains",
        "eq",
        "gt",
        "gte",
        "in",
        "lt",
        "lte",
        "ne",
        "notContains",
        "notIn",
        "notStartsWith",
        "startsWith"
      ],
      "columnName": "Time12",
      "key": "1yD0o7IzN6tDnS1T",
      "minLength": 0,
      "name": "Time12",
      "required": false,
      "type": "String"
    }
  ],
  "key": "s4TqjvCd2CPATc4J48GvWOF55oNGqxWC",
  "modelPermission": {
    "name": "model permission",
    "permissions": [
      {"type": "nobody"},
      {
        "groupKeys": ["Admins"],
        "type": "groups"
      }
    ],
    "type": "compound"
  },
  "name": "vendorObject",
  "type": "BRIX",
  "userIdFieldType": "USER_ID"
}