{
  "dataSources": [{
    "key": "GX4PPojUTBEAIYp4jcsZNupd8MyzTJsh_default",
    "modelKey": "GX4PPojUTBEAIYp4jcsZNupd8MyzTJsh",
    "name": "vendorCalc",
    "type": "QUERY"
  }],
  "defaultDataSourceKey": "GX4PPojUTBEAIYp4jcsZNupd8MyzTJsh_default",
  "eventPermissions": [
    {
      "name": "ON_CREATE",
      "type": "inherited"
    },
    {
      "name": "ON_LOAD",
      "type": "inherited"
    },
    {
      "name": "ON_SAVE",
      "type": "inherited"
    },
    {
      "name": "ON_DELETE",
      "type": "inherited"
    }
  ],
  "events": [],
  "fields": [{
    "allowedFilterOperators": [
      "contains",
      "eq",
      "gt",
      "gte",
      "in",
      "lt",
      "lte",
      "ne",
      "notContains",
      "notIn",
      "notStartsWith",
      "startsWith"
    ],
    "columnName": "Times",
    "defaultValue": {
      "list": [],
      "type": "List[String]"
    },
    "key": "8dFYHFfpqXrmDSRk",
    "minLength": 0,
    "name": "Times",
    "repeated": true,
    "required": false,
    "sortable": false,
    "type": "String"
  }],
  "key": "GX4PPojUTBEAIYp4jcsZNupd8MyzTJsh",
  "modelPermission": {
    "name": "model permission",
    "permissions": [
      {"type": "nobody"},
      {
        "groupKeys": ["Admins"],
        "type": "groups"
      }
    ],
    "type": "compound"
  },
  "name": "vendorCalc",
  "type": "CALCULATED",
  "userIdFieldType": "USER_ID"
}