{
  "class": "Panel",
  "key": "7mOFDwcxTSlSRNLaiDrvQCjMqolSJBHi",
  "permission": {
    "name": "canRead",
    "type": "compoundEveryone"
  },
  "propList": [
    {
      "k": "styleMap",
      "v": {
        "name": "styleMap",
        "properties": [],
        "type": "PropertyMap[styleMap]"
      }
    },
    {
      "k": "width",
      "v": 500
    },
    {
      "k": "height",
      "v": 620
    },
    {
      "k": "name",
      "v": "email_template"
    },
    {
      "k": "variant",
      "v": "Paper"
    },
    {
      "k": "top",
      "v": 4
    },
    {
      "k": "left",
      "v": 4
    },
    {
      "k": "bindings",
      "v": {
        "list": [{
          "sourceExpression": "_dataSource",
          "targetExpression": "@datasources.FhonLOdFGyHLTwvl5mJk6z2fV37T5GK6_default",
          "targetLiteralExpression": "@datasources.email_template",
          "type": "BindingInfo"
        }],
        "type": "List[BindingInfo]"
      }
    },
    {
      "k": "children",
      "v": {
        "list": [
          {
            "class": "TextField",
            "key": "0_230746303",
            "propList": [
              {
                "k": "styleMap",
                "v": {
                  "name": "styleMap",
                  "properties": [],
                  "type": "PropertyMap[styleMap]"
                }
              },
              {
                "k": "width",
                "v": 431
              },
              {
                "k": "height",
                "v": 32
              },
              {
                "k": "name",
                "v": "TextBox1"
              },
              {
                "k": "left",
                "v": 34
              },
              {
                "k": "top",
                "v": 85
              },
              {
                "k": "autoHeight",
                "v": true
              },
              {
                "k": "right",
                "v": 35
              },
              {
                "k": "bottom",
                "v": 383
              },
              {
                "k": "label",
                "v": "Subject"
              },
              {
                "k": "bindings",
                "v": {
                  "list": [{
                    "sourceExpression": "value",
                    "targetExpression": "@datasource.item.qFJO3eporalzJjgz",
                    "targetLiteralExpression": "@datasource.item.subject",
                    "type": "BindingInfo"
                  }],
                  "type": "List[BindingInfo]"
                }
              }
            ],
            "type": "ComponentInfo"
          },
          {
            "class": "SimpleLabel",
            "key": "0_30077648",
            "propList": [
              {
                "k": "styleMap",
                "v": {
                  "name": "styleMap",
                  "properties": [],
                  "type": "PropertyMap[styleMap]"
                }
              },
              {
                "k": "width",
                "v": 100
              },
              {
                "k": "height",
                "v": 20
              },
              {
                "k": "name",
                "v": "Label1"
              },
              {
                "k": "left",
                "v": 104
              },
              {
                "k": "top",
                "v": 10
              },
              {
                "k": "autoWidth",
                "v": true
              },
              {
                "k": "autoHeight",
                "v": true
              },
              {
                "k": "right",
                "v": 296
              },
              {
                "k": "bottom",
                "v": 470
              },
              {
                "k": "text",
                "v": "Email Template"
              },
              {
                "k": "variant",
                "v": "DisplayTwo"
              }
            ],
            "type": "ComponentInfo"
          },
          {
            "class": "RichTextEditor",
            "key": "0_532017870",
            "propList": [
              {
                "k": "styleMap",
                "v": {
                  "name": "styleMap",
                  "properties": [],
                  "type": "PropertyMap[styleMap]"
                }
              },
              {
                "k": "width",
                "v": 455
              },
              {
                "k": "height",
                "v": 347
              },
              {
                "k": "name",
                "v": "TextEditor1"
              },
              {
                "k": "left",
                "v": 22
              },
              {
                "k": "top",
                "v": 143
              },
              {
                "k": "right",
                "v": 23
              },
              {
                "k": "bottom",
                "v": 10
              },
              {
                "k": "bindings",
                "v": {
                  "list": [{
                    "sourceExpression": "value",
                    "targetExpression": "@datasource.item.C88CuTbHVKsYnySr",
                    "targetLiteralExpression": "@datasource.item.body",
                    "type": "BindingInfo"
                  }],
                  "type": "List[BindingInfo]"
                }
              }
            ],
            "type": "ComponentInfo"
          },
          {
            "class": "SimpleButton",
            "key": "0_386646981",
            "propList": [
              {
                "k": "styleMap",
                "v": {
                  "name": "styleMap",
                  "properties": [],
                  "type": "PropertyMap[styleMap]"
                }
              },
              {
                "k": "width",
                "v": 92
              },
              {
                "k": "height",
                "v": 36
              },
              {
                "k": "name",
                "v": "Button1"
              },
              {
                "k": "left",
                "v": 468
              },
              {
                "k": "top",
                "v": 0
              },
              {
                "k": "autoWidth",
                "v": true
              },
              {
                "k": "autoHeight",
                "v": true
              },
              {
                "k": "right",
                "v": -60
              },
              {
                "k": "bottom",
                "v": 464
              },
              {
                "k": "text",
                "v": "close"
              },
              {
                "k": "variant",
                "v": "Icon"
              },
              {
                "k": "action",
                "v": "app.closeDialog();"
              }
            ],
            "type": "ComponentInfo"
          },
          {
            "class": "HtmlArea",
            "key": "0_818568793",
            "propList": [
              {
                "k": "styleMap",
                "v": {
                  "name": "styleMap",
                  "properties": [],
                  "type": "PropertyMap[styleMap]"
                }
              },
              {
                "k": "html",
                "v": "\u003cdiv\u003e\n    Substitution tags:\n\u003c\/div\u003e\n\u003cdiv\u003e\n    \u003cul\u003e\n        \u003cli\u003e\n            \u003cb\u003e{{item_name}}\u003c\/b\u003e - the name of the item\n        \u003c\/li\u003e\n        \u003cli\u003e\n            \u003cb\u003e{{cost}}\u003c\/b\u003e - cost of the item\n        \u003c\/li\u003e\n\u003cli\u003e\n            \u003cb\u003e{{retail}}\u003c\/b\u003e - retail of the item\n        \u003c\/li\u003e\n\u003cli\u003e\n            \u003cb\u003e{{instock}}\u003c\/b\u003e - number of items in stock\n        \u003c\/li\u003e\n       \n    \u003c\/ul\u003e\n\u003c\/div\u003e"
              },
              {
                "k": "width",
                "v": 455
              },
              {
                "k": "height",
                "v": 100
              },
              {
                "k": "name",
                "v": "Html1"
              },
              {
                "k": "left",
                "v": 22
              },
              {
                "k": "top",
                "v": 508
              },
              {
                "k": "autoWidth",
                "v": false
              },
              {
                "k": "autoHeight",
                "v": false
              },
              {
                "k": "right",
                "v": 23
              },
              {
                "k": "bottom",
                "v": 12
              },
              {
                "k": "constrain_right",
                "v": false
              },
              {
                "k": "constrain_bottom",
                "v": false
              }
            ],
            "type": "ComponentInfo"
          }
        ],
        "type": "List[ComponentInfo]"
      }
    }
  ],
  "type": "ComponentInfo"
}