{
  "class": "Panel",
  "key": "aR9ANvla3WKFPIN6wRr7SNB9nbAyvev5",
  "permission": {
    "name": "canRead",
    "type": "compoundEveryone"
  },
  "propList": [
    {
      "k": "styleMap",
      "v": {
        "name": "styleMap",
        "properties": [],
        "type": "PropertyMap[styleMap]"
      }
    },
    {
      "k": "width",
      "v": 136
    },
    {
      "k": "height",
      "v": 136
    },
    {
      "k": "name",
      "v": "Loading"
    },
    {
      "k": "isCustomWidget",
      "v": true
    },
    {
      "k": "top",
      "v": 4
    },
    {
      "k": "left",
      "v": 4
    },
    {
      "k": "children",
      "v": {
        "list": [
          {
            "class": "LoadingIndicator",
            "key": "0_946903603",
            "propList": [
              {
                "k": "styleMap",
                "v": {
                  "name": "styleMap",
                  "properties": [],
                  "type": "PropertyMap[styleMap]"
                }
              },
              {
                "k": "bindings",
                "v": {
                  "list": [],
                  "type": "List[BindingInfo]"
                }
              },
              {
                "k": "width",
                "v": 88
              },
              {
                "k": "height",
                "v": 88
              },
              {
                "k": "name",
                "v": "Spinner1"
              },
              {
                "k": "left",
                "v": 24
              },
              {
                "k": "top",
                "v": 24
              },
              {
                "k": "autoHeight",
                "v": false
              },
              {
                "k": "right",
                "v": 57
              },
              {
                "k": "bottom",
                "v": 90
              },
              {
                "k": "constrain_bottom",
                "v": false
              }
            ],
            "type": "ComponentInfo"
          },
          {
            "class": "SimpleLabel",
            "key": "0_12288644",
            "propList": [
              {
                "k": "styleMap",
                "v": {
                  "name": "styleMap",
                  "properties": [],
                  "type": "PropertyMap[styleMap]"
                }
              },
              {
                "k": "width",
                "v": 100
              },
              {
                "k": "height",
                "v": 20
              },
              {
                "k": "name",
                "v": "Label1"
              },
              {
                "k": "left",
                "v": 39
              },
              {
                "k": "top",
                "v": 121
              },
              {
                "k": "autoWidth",
                "v": true
              },
              {
                "k": "autoHeight",
                "v": true
              },
              {
                "k": "right",
                "v": -3
              },
              {
                "k": "bottom",
                "v": -5
              },
              {
                "k": "text",
                "v": "Sending..."
              },
              {
                "k": "variant",
                "v": "Label"
              }
            ],
            "type": "ComponentInfo"
          }
        ],
        "type": "List[ComponentInfo]"
      }
    },
    {
      "k": "variant",
      "v": "Transparent"
    }
  ],
  "type": "ComponentInfo"
}