{
  "class": "Panel",
  "key": "Gp5gCVdfKeDYrKJZbyChp11eEE8n1Uak",
  "permission": {
    "name": "canRead",
    "type": "compoundEveryone"
  },
  "propList": [
    {
      "k": "styleMap",
      "v": {
        "name": "styleMap",
        "properties": [],
        "type": "PropertyMap[styleMap]"
      }
    },
    {
      "k": "width",
      "v": 960
    },
    {
      "k": "height",
      "v": 50
    },
    {
      "k": "name",
      "v": "top_menu"
    },
    {
      "k": "isCustomWidget",
      "v": true
    },
    {
      "k": "top",
      "v": 4
    },
    {
      "k": "left",
      "v": 4
    },
    {
      "k": "variant",
      "v": "Primary"
    },
    {
      "k": "children",
      "v": {
        "list": [{
          "class": "Panel",
          "key": "0_1491166011",
          "propList": [
            {
              "k": "styleMap",
              "v": {
                "name": "styleMap",
                "properties": [],
                "type": "PropertyMap[styleMap]"
              }
            },
            {
              "k": "width",
              "v": 960
            },
            {
              "k": "height",
              "v": 50
            },
            {
              "k": "layout",
              "v": "horizontal"
            },
            {
              "k": "name",
              "v": "Panel1"
            },
            {
              "k": "left",
              "v": 0
            },
            {
              "k": "top",
              "v": 0
            },
            {
              "k": "right",
              "v": 0
            },
            {
              "k": "bottom",
              "v": -160
            },
            {
              "k": "variant",
              "v": "Transparent"
            },
            {
              "k": "children",
              "v": {
                "list": [
                  {
                    "class": "ImageComponent",
                    "key": "0_444092191",
                    "propList": [
                      {
                        "k": "styleMap",
                        "v": {
                          "name": "styleMap",
                          "properties": [],
                          "type": "PropertyMap[styleMap]"
                        }
                      },
                      {
                        "k": "width",
                        "v": 100
                      },
                      {
                        "k": "height",
                        "v": 50
                      },
                      {
                        "k": "name",
                        "v": "Image1"
                      },
                      {
                        "k": "left",
                        "v": 0
                      },
                      {
                        "k": "top",
                        "v": 0
                      },
                      {
                        "k": "url",
                        "v": "https://firebasestorage.googleapis.com/v0/b/appmaker-f68c5.appspot.com/o/images%2Famu_logo_small.PNG?alt\u003dmedia\u0026token\u003d84988c10-8ed2-4154-b267-2e3f9b992b22"
                      },
                      {
                        "k": "href",
                        "v": "https://appmakeruniversity.com"
                      },
                      {
                        "k": "target",
                        "v": "_blank"
                      }
                    ],
                    "type": "ComponentInfo"
                  },
                  {
                    "class": "Panel",
                    "key": "0_745926577",
                    "propList": [
                      {
                        "k": "styleMap",
                        "v": {
                          "name": "styleMap",
                          "properties": [],
                          "type": "PropertyMap[styleMap]"
                        }
                      },
                      {
                        "k": "width",
                        "v": 400
                      },
                      {
                        "k": "height",
                        "v": 200
                      },
                      {
                        "k": "layout",
                        "v": "horizontal"
                      },
                      {
                        "k": "name",
                        "v": "Panel2"
                      },
                      {
                        "k": "left",
                        "v": 0
                      },
                      {
                        "k": "top",
                        "v": 0
                      },
                      {
                        "k": "autoWidth",
                        "v": true
                      },
                      {
                        "k": "autoHeight",
                        "v": true
                      },
                      {
                        "k": "align",
                        "v": "stretch"
                      },
                      {
                        "k": "grow",
                        "v": 1
                      },
                      {
                        "k": "variant",
                        "v": "Transparent"
                      }
                    ],
                    "type": "ComponentInfo"
                  },
                  {
                    "class": "SimpleButton",
                    "key": "0_687365651",
                    "propList": [
                      {
                        "k": "styleMap",
                        "v": {
                          "name": "styleMap",
                          "properties": [{
                            "name": "margin-right",
                            "value": "20px"
                          }],
                          "type": "PropertyMap[styleMap]"
                        }
                      },
                      {
                        "k": "width",
                        "v": 92
                      },
                      {
                        "k": "height",
                        "v": 36
                      },
                      {
                        "k": "name",
                        "v": "Button1"
                      },
                      {
                        "k": "left",
                        "v": 0
                      },
                      {
                        "k": "top",
                        "v": 0
                      },
                      {
                        "k": "autoWidth",
                        "v": true
                      },
                      {
                        "k": "autoHeight",
                        "v": true
                      },
                      {
                        "k": "align",
                        "v": "center"
                      },
                      {
                        "k": "variant",
                        "v": "Icon"
                      },
                      {
                        "k": "text",
                        "v": "settings"
                      },
                      {
                        "k": "action",
                        "v": "app.showDialog(app.pages.email_template);"
                      },
                      {
                        "k": "title",
                        "v": "Email Template"
                      }
                    ],
                    "type": "ComponentInfo"
                  }
                ],
                "type": "List[ComponentInfo]"
              }
            },
            {
              "k": "autoWidth",
              "v": false
            },
            {
              "k": "constrain_right",
              "v": true
            },
            {
              "k": "constrain_width",
              "v": false
            }
          ],
          "type": "ComponentInfo"
        }],
        "type": "List[ComponentInfo]"
      }
    }
  ],
  "type": "ComponentInfo"
}