{
  "class": "Panel",
  "key": "zyl6NaNMqoxbHDcX5VNAldksgFUu3Yem",
  "permission": {
    "name": "canRead",
    "type": "compoundEveryone"
  },
  "propList": [
    {
      "k": "styleMap",
      "v": {
        "name": "styleMap",
        "properties": [],
        "type": "PropertyMap[styleMap]"
      }
    },
    {
      "k": "width",
      "v": 1500
    },
    {
      "k": "height",
      "v": 3000
    },
    {
      "k": "name",
      "v": "PrepForm"
    },
    {
      "k": "variant",
      "v": "Background"
    },
    {
      "k": "top",
      "v": 4
    },
    {
      "k": "left",
      "v": 4
    },
    {
      "k": "children",
      "v": {
        "list": [
          {
            "class": "CustomComponent_kUYh3RMcOrh85XoZsLvPZWEiF0uaFkcU",
            "key": "0_174363734",
            "propList": [
              {
                "k": "styleMap",
                "v": {
                  "name": "styleMap",
                  "properties": [],
                  "type": "PropertyMap[styleMap]"
                }
              },
              {
                "k": "customWidgetKey",
                "v": {
                  "appKey": "kUYh3RMcOrh85XoZsLvPZWEiF0uaFkcU",
                  "type": "AppChildKey"
                }
              },
              {
                "k": "width",
                "v": 1200
              },
              {
                "k": "height",
                "v": 64
              },
              {
                "k": "name",
                "v": "Header1"
              },
              {
                "k": "left",
                "v": 0
              },
              {
                "k": "top",
                "v": 0
              },
              {
                "k": "right",
                "v": 300
              },
              {
                "k": "bottom",
                "v": 1936
              },
              {
                "k": "overrideDataSource",
                "v": false
              },
              {
                "k": "editorHidden",
                "v": false
              },
              {
                "k": "editorLocked",
                "v": true
              }
            ],
            "type": "ComponentInfo"
          },
          {
            "class": "Panel",
            "key": "0_465957076",
            "propList": [
              {
                "k": "styleMap",
                "v": {
                  "name": "styleMap",
                  "properties": [
                    {
                      "name": "padding-top",
                      "value": "30px"
                    },
                    {
                      "name": "padding-bottom",
                      "value": "30px"
                    },
                    {
                      "name": "margin-left",
                      "value": {
                        "isNull": true,
                        "type": "String"
                      }
                    },
                    {
                      "name": "margin-right",
                      "value": {
                        "isNull": true,
                        "type": "String"
                      }
                    }
                  ],
                  "type": "PropertyMap[styleMap]"
                }
              },
              {
                "k": "width",
                "v": 400
              },
              {
                "k": "height",
                "v": 200
              },
              {
                "k": "layout",
                "v": "horizontal"
              },
              {
                "k": "name",
                "v": "Panel2"
              },
              {
                "k": "left",
                "v": 0
              },
              {
                "k": "top",
                "v": 169
              },
              {
                "k": "right",
                "v": 1100
              },
              {
                "k": "bottom",
                "v": 2131
              },
              {
                "k": "children",
                "v": {
                  "list": [{
                    "class": "Panel",
                    "key": "0_204446618",
                    "propList": [
                      {
                        "k": "styleMap",
                        "v": {
                          "name": "styleMap",
                          "properties": [],
                          "type": "PropertyMap[styleMap]"
                        }
                      },
                      {
                        "k": "width",
                        "v": 440
                      },
                      {
                        "k": "height",
                        "v": 500
                      },
                      {
                        "k": "name",
                        "v": "Form1"
                      },
                      {
                        "k": "layout",
                        "v": "vertical"
                      },
                      {
                        "k": "autoHeight",
                        "v": true
                      },
                      {
                        "k": "bindings",
                        "v": {
                          "list": [{
                            "sourceExpression": "_dataSource",
                            "targetExpression": "@widget.parent.datasource.modes.create",
                            "targetLiteralExpression": "@widget.parent.datasource.modes.create",
                            "type": "BindingInfo"
                          }],
                          "type": "List[BindingInfo]"
                        }
                      },
                      {
                        "k": "variant",
                        "v": "Paper"
                      },
                      {
                        "k": "styles",
                        "v": {
                          "list": ["app-Form"],
                          "type": "List[String]"
                        }
                      },
                      {
                        "k": "children",
                        "v": {
                          "list": [
                            {
                              "class": "Panel",
                              "key": "0_791247276",
                              "propList": [
                                {
                                  "k": "styleMap",
                                  "v": {
                                    "name": "styleMap",
                                    "properties": [],
                                    "type": "PropertyMap[styleMap]"
                                  }
                                },
                                {
                                  "k": "width",
                                  "v": 200
                                },
                                {
                                  "k": "height",
                                  "v": 200
                                },
                                {
                                  "k": "name",
                                  "v": "Form1Header"
                                },
                                {
                                  "k": "suffixName",
                                  "v": "Header"
                                },
                                {
                                  "k": "layout",
                                  "v": "horizontal"
                                },
                                {
                                  "k": "variant",
                                  "v": "Transparent"
                                },
                                {
                                  "k": "styles",
                                  "v": {
                                    "list": ["app-FormHeader"],
                                    "type": "List[String]"
                                  }
                                },
                                {
                                  "k": "autoWidth",
                                  "v": true
                                },
                                {
                                  "k": "align",
                                  "v": "stretch"
                                },
                                {
                                  "k": "autoHeight",
                                  "v": true
                                },
                                {
                                  "k": "children",
                                  "v": {
                                    "list": [
                                      {
                                        "class": "SimpleLabel",
                                        "key": "0_1072868978",
                                        "propList": [
                                          {
                                            "k": "styleMap",
                                            "v": {
                                              "name": "styleMap",
                                              "properties": [],
                                              "type": "PropertyMap[styleMap]"
                                            }
                                          },
                                          {
                                            "k": "width",
                                            "v": 100
                                          },
                                          {
                                            "k": "height",
                                            "v": 20
                                          },
                                          {
                                            "k": "name",
                                            "v": "Title"
                                          },
                                          {
                                            "k": "text",
                                            "v": "Prep"
                                          },
                                          {
                                            "k": "autoWidth",
                                            "v": true
                                          },
                                          {
                                            "k": "autoHeight",
                                            "v": true
                                          },
                                          {
                                            "k": "variant",
                                            "v": "Title"
                                          },
                                          {
                                            "k": "grow",
                                            "v": 1
                                          }
                                        ],
                                        "type": "ComponentInfo"
                                      },
                                      {
                                        "class": "LoadingIndicator",
                                        "key": "0_895040455",
                                        "propList": [
                                          {
                                            "k": "styleMap",
                                            "v": {
                                              "name": "styleMap",
                                              "properties": [],
                                              "type": "PropertyMap[styleMap]"
                                            }
                                          },
                                          {
                                            "k": "bindings",
                                            "v": {
                                              "list": [{
                                                "sourceExpression": "visible",
                                                "targetExpression": "@datasource.loading || @datasource.creating || @datasource.deleting",
                                                "targetLiteralExpression": "@datasource.loading || @datasource.creating || @datasource.deleting",
                                                "type": "BindingInfo"
                                              }],
                                              "type": "List[BindingInfo]"
                                            }
                                          },
                                          {
                                            "k": "width",
                                            "v": 22
                                          },
                                          {
                                            "k": "height",
                                            "v": 22
                                          },
                                          {
                                            "k": "name",
                                            "v": "Form1Spinner"
                                          },
                                          {
                                            "k": "suffixName",
                                            "v": "Spinner"
                                          },
                                          {
                                            "k": "align",
                                            "v": "center"
                                          }
                                        ],
                                        "type": "ComponentInfo"
                                      }
                                    ],
                                    "type": "List[ComponentInfo]"
                                  }
                                },
                                {
                                  "k": "justify",
                                  "v": "spaceBetween"
                                },
                                {
                                  "k": "editorNonInheritedLocked",
                                  "v": true
                                }
                              ],
                              "type": "ComponentInfo"
                            },
                            {
                              "class": "Panel",
                              "key": "0_502876939",
                              "propList": [
                                {
                                  "k": "styleMap",
                                  "v": {
                                    "name": "styleMap",
                                    "properties": [],
                                    "type": "PropertyMap[styleMap]"
                                  }
                                },
                                {
                                  "k": "width",
                                  "v": 200
                                },
                                {
                                  "k": "height",
                                  "v": 200
                                },
                                {
                                  "k": "name",
                                  "v": "Form1Body"
                                },
                                {
                                  "k": "suffixName",
                                  "v": "Body"
                                },
                                {
                                  "k": "layout",
                                  "v": "vertical"
                                },
                                {
                                  "k": "variant",
                                  "v": "Transparent"
                                },
                                {
                                  "k": "styles",
                                  "v": {
                                    "list": ["app-FormBody"],
                                    "type": "List[String]"
                                  }
                                },
                                {
                                  "k": "autoWidth",
                                  "v": true
                                },
                                {
                                  "k": "align",
                                  "v": "stretch"
                                },
                                {
                                  "k": "autoHeight",
                                  "v": true
                                },
                                {
                                  "k": "editorNonInheritedLocked",
                                  "v": true
                                },
                                {
                                  "k": "children",
                                  "v": {
                                    "list": [
                                      {
                                        "class": "Dropdown",
                                        "key": "0_95790292",
                                        "propList": [
                                          {
                                            "k": "styleMap",
                                            "v": {
                                              "name": "styleMap",
                                              "properties": [],
                                              "type": "PropertyMap[styleMap]"
                                            }
                                          },
                                          {
                                            "k": "width",
                                            "v": 150
                                          },
                                          {
                                            "k": "height",
                                            "v": 32
                                          },
                                          {
                                            "k": "name",
                                            "v": "Field"
                                          },
                                          {
                                            "k": "bindings",
                                            "v": {
                                              "list": [
                                                {
                                                  "sourceExpression": "value",
                                                  "targetExpression": "@datasource.item._XmYzYwtXUNI9t8Lig2XRiNfbscOAjvpB",
                                                  "targetLiteralExpression": "@datasource.item.relAgents",
                                                  "type": "BindingInfo"
                                                },
                                                {
                                                  "sourceExpression": "options",
                                                  "targetExpression": "@datasources.3Wjyn6wNf4M9v4dCCwm0hXPYRwIw6DwT.items",
                                                  "targetLiteralExpression": "@datasources.AgentsBySups.items",
                                                  "type": "BindingInfo"
                                                }
                                              ],
                                              "type": "List[BindingInfo]"
                                            }
                                          },
                                          {
                                            "k": "label",
                                            "v": "Agent"
                                          },
                                          {
                                            "k": "autoWidth",
                                            "v": true
                                          },
                                          {
                                            "k": "align",
                                            "v": "stretch"
                                          },
                                          {
                                            "k": "autoHeight",
                                            "v": true
                                          }
                                        ],
                                        "type": "ComponentInfo"
                                      },
                                      {
                                        "class": "Dropdown",
                                        "key": "0_518647279",
                                        "propList": [
                                          {
                                            "k": "styleMap",
                                            "v": {
                                              "name": "styleMap",
                                              "properties": [],
                                              "type": "PropertyMap[styleMap]"
                                            }
                                          },
                                          {
                                            "k": "width",
                                            "v": 150
                                          },
                                          {
                                            "k": "height",
                                            "v": 32
                                          },
                                          {
                                            "k": "name",
                                            "v": "Field13"
                                          },
                                          {
                                            "k": "bindings",
                                            "v": {
                                              "list": [
                                                {
                                                  "sourceExpression": "value",
                                                  "targetExpression": "@datasource.item.g7xbFb5RR7SAVqxV",
                                                  "targetLiteralExpression": "@datasource.item.KPI",
                                                  "type": "BindingInfo"
                                                },
                                                {
                                                  "sourceExpression": "options",
                                                  "targetExpression": "@datasource.model.fields.g7xbFb5RR7SAVqxV.possibleValues",
                                                  "targetLiteralExpression": "@datasource.model.fields.KPI.possibleValues",
                                                  "type": "BindingInfo"
                                                },
                                                {
                                                  "sourceExpression": "label",
                                                  "targetExpression": "@models.mbCFFZ4bH8AGYvbktZhIzTELfEHJ2Mtw.fields.g7xbFb5RR7SAVqxV.displayName",
                                                  "targetLiteralExpression": "@models.Preps.fields.KPI.displayName",
                                                  "type": "BindingInfo"
                                                }
                                              ],
                                              "type": "List[BindingInfo]"
                                            }
                                          },
                                          {
                                            "k": "autoWidth",
                                            "v": true
                                          },
                                          {
                                            "k": "align",
                                            "v": "stretch"
                                          },
                                          {
                                            "k": "autoHeight",
                                            "v": true
                                          }
                                        ],
                                        "type": "ComponentInfo"
                                      },
                                      {
                                        "class": "TextField",
                                        "key": "0_649871902",
                                        "propList": [
                                          {
                                            "k": "styleMap",
                                            "v": {
                                              "name": "styleMap",
                                              "properties": [],
                                              "type": "PropertyMap[styleMap]"
                                            }
                                          },
                                          {
                                            "k": "width",
                                            "v": 100
                                          },
                                          {
                                            "k": "height",
                                            "v": 32
                                          },
                                          {
                                            "k": "name",
                                            "v": "Field5"
                                          },
                                          {
                                            "k": "bindings",
                                            "v": {
                                              "list": [
                                                {
                                                  "sourceExpression": "value",
                                                  "targetExpression": "@datasource.item.UBb3CXLP2uYpB4yH",
                                                  "targetLiteralExpression": "@datasource.item.CurrentScore",
                                                  "type": "BindingInfo"
                                                },
                                                {
                                                  "sourceExpression": "label",
                                                  "targetExpression": "@models.mbCFFZ4bH8AGYvbktZhIzTELfEHJ2Mtw.fields.UBb3CXLP2uYpB4yH.displayName",
                                                  "targetLiteralExpression": "@models.Preps.fields.CurrentScore.displayName",
                                                  "type": "BindingInfo"
                                                }
                                              ],
                                              "type": "List[BindingInfo]"
                                            }
                                          },
                                          {
                                            "k": "autoWidth",
                                            "v": true
                                          },
                                          {
                                            "k": "align",
                                            "v": "stretch"
                                          },
                                          {
                                            "k": "autoHeight",
                                            "v": true
                                          }
                                        ],
                                        "type": "ComponentInfo"
                                      },
                                      {
                                        "class": "TextField",
                                        "key": "0_888828600",
                                        "propList": [
                                          {
                                            "k": "styleMap",
                                            "v": {
                                              "name": "styleMap",
                                              "properties": [],
                                              "type": "PropertyMap[styleMap]"
                                            }
                                          },
                                          {
                                            "k": "width",
                                            "v": 100
                                          },
                                          {
                                            "k": "height",
                                            "v": 32
                                          },
                                          {
                                            "k": "name",
                                            "v": "Field4"
                                          },
                                          {
                                            "k": "bindings",
                                            "v": {
                                              "list": [
                                                {
                                                  "sourceExpression": "value",
                                                  "targetExpression": "@datasource.item.bOse8xkPf2NqcBBw",
                                                  "targetLiteralExpression": "@datasource.item.Prep1",
                                                  "type": "BindingInfo"
                                                },
                                                {
                                                  "sourceExpression": "label",
                                                  "targetExpression": "@models.mbCFFZ4bH8AGYvbktZhIzTELfEHJ2Mtw.fields.bOse8xkPf2NqcBBw.displayName",
                                                  "targetLiteralExpression": "@models.Preps.fields.Prep1.displayName",
                                                  "type": "BindingInfo"
                                                }
                                              ],
                                              "type": "List[BindingInfo]"
                                            }
                                          },
                                          {
                                            "k": "autoWidth",
                                            "v": true
                                          },
                                          {
                                            "k": "align",
                                            "v": "stretch"
                                          },
                                          {
                                            "k": "autoHeight",
                                            "v": true
                                          }
                                        ],
                                        "type": "ComponentInfo"
                                      },
                                      {
                                        "class": "TextField",
                                        "key": "0_148071189",
                                        "propList": [
                                          {
                                            "k": "styleMap",
                                            "v": {
                                              "name": "styleMap",
                                              "properties": [],
                                              "type": "PropertyMap[styleMap]"
                                            }
                                          },
                                          {
                                            "k": "width",
                                            "v": 100
                                          },
                                          {
                                            "k": "height",
                                            "v": 32
                                          },
                                          {
                                            "k": "name",
                                            "v": "Field3"
                                          },
                                          {
                                            "k": "bindings",
                                            "v": {
                                              "list": [
                                                {
                                                  "sourceExpression": "value",
                                                  "targetExpression": "@datasource.item.l6VXy8Lu5UaFZ4rz",
                                                  "targetLiteralExpression": "@datasource.item.Prep2",
                                                  "type": "BindingInfo"
                                                },
                                                {
                                                  "sourceExpression": "label",
                                                  "targetExpression": "@models.mbCFFZ4bH8AGYvbktZhIzTELfEHJ2Mtw.fields.l6VXy8Lu5UaFZ4rz.displayName",
                                                  "targetLiteralExpression": "@models.Preps.fields.Prep2.displayName",
                                                  "type": "BindingInfo"
                                                }
                                              ],
                                              "type": "List[BindingInfo]"
                                            }
                                          },
                                          {
                                            "k": "autoWidth",
                                            "v": true
                                          },
                                          {
                                            "k": "align",
                                            "v": "stretch"
                                          },
                                          {
                                            "k": "autoHeight",
                                            "v": true
                                          }
                                        ],
                                        "type": "ComponentInfo"
                                      },
                                      {
                                        "class": "DateTextBox",
                                        "key": "0_1939929825",
                                        "propList": [
                                          {
                                            "k": "styleMap",
                                            "v": {
                                              "name": "styleMap",
                                              "properties": [],
                                              "type": "PropertyMap[styleMap]"
                                            }
                                          },
                                          {
                                            "k": "width",
                                            "v": 100
                                          },
                                          {
                                            "k": "height",
                                            "v": 32
                                          },
                                          {
                                            "k": "name",
                                            "v": "Field2"
                                          },
                                          {
                                            "k": "bindings",
                                            "v": {
                                              "list": [
                                                {
                                                  "sourceExpression": "value",
                                                  "targetExpression": "@datasource.item.ivPsBJP09jITKt6p",
                                                  "targetLiteralExpression": "@datasource.item.Date",
                                                  "type": "BindingInfo"
                                                },
                                                {
                                                  "sourceExpression": "label",
                                                  "targetExpression": "@models.mbCFFZ4bH8AGYvbktZhIzTELfEHJ2Mtw.fields.ivPsBJP09jITKt6p.displayName",
                                                  "targetLiteralExpression": "@models.Preps.fields.Date.displayName",
                                                  "type": "BindingInfo"
                                                }
                                              ],
                                              "type": "List[BindingInfo]"
                                            }
                                          },
                                          {
                                            "k": "autoWidth",
                                            "v": true
                                          },
                                          {
                                            "k": "align",
                                            "v": "stretch"
                                          },
                                          {
                                            "k": "autoHeight",
                                            "v": true
                                          }
                                        ],
                                        "type": "ComponentInfo"
                                      },
                                      {
                                        "class": "TextField",
                                        "key": "0_2005370255",
                                        "propList": [
                                          {
                                            "k": "styleMap",
                                            "v": {
                                              "name": "styleMap",
                                              "properties": [],
                                              "type": "PropertyMap[styleMap]"
                                            }
                                          },
                                          {
                                            "k": "width",
                                            "v": 100
                                          },
                                          {
                                            "k": "height",
                                            "v": 32
                                          },
                                          {
                                            "k": "name",
                                            "v": "Field1"
                                          },
                                          {
                                            "k": "bindings",
                                            "v": {
                                              "list": [
                                                {
                                                  "sourceExpression": "value",
                                                  "targetExpression": "@datasource.item.I4KpK1PS9VZLPaVV",
                                                  "targetLiteralExpression": "@datasource.item.Timestamp",
                                                  "type": "BindingInfo"
                                                },
                                                {
                                                  "sourceExpression": "label",
                                                  "targetExpression": "@models.mbCFFZ4bH8AGYvbktZhIzTELfEHJ2Mtw.fields.I4KpK1PS9VZLPaVV.displayName",
                                                  "targetLiteralExpression": "@models.Preps.fields.Timestamp.displayName",
                                                  "type": "BindingInfo"
                                                }
                                              ],
                                              "type": "List[BindingInfo]"
                                            }
                                          },
                                          {
                                            "k": "autoWidth",
                                            "v": true
                                          },
                                          {
                                            "k": "align",
                                            "v": "stretch"
                                          },
                                          {
                                            "k": "autoHeight",
                                            "v": true
                                          },
                                          {
                                            "k": "visible",
                                            "v": false
                                          }
                                        ],
                                        "type": "ComponentInfo"
                                      }
                                    ],
                                    "type": "List[ComponentInfo]"
                                  }
                                }
                              ],
                              "type": "ComponentInfo"
                            },
                            {
                              "class": "Panel",
                              "key": "0_746965697",
                              "propList": [
                                {
                                  "k": "styleMap",
                                  "v": {
                                    "name": "styleMap",
                                    "properties": [],
                                    "type": "PropertyMap[styleMap]"
                                  }
                                },
                                {
                                  "k": "width",
                                  "v": 200
                                },
                                {
                                  "k": "height",
                                  "v": 200
                                },
                                {
                                  "k": "name",
                                  "v": "Spring"
                                },
                                {
                                  "k": "layout",
                                  "v": "horizontal"
                                },
                                {
                                  "k": "variant",
                                  "v": "Transparent"
                                },
                                {
                                  "k": "autoWidth",
                                  "v": true
                                },
                                {
                                  "k": "align",
                                  "v": "stretch"
                                },
                                {
                                  "k": "autoHeight",
                                  "v": true
                                },
                                {
                                  "k": "editorNonInheritedLocked",
                                  "v": true
                                },
                                {
                                  "k": "minHeight",
                                  "v": 16
                                },
                                {
                                  "k": "grow",
                                  "v": 1
                                }
                              ],
                              "type": "ComponentInfo"
                            },
                            {
                              "class": "Panel",
                              "key": "0_1037866333",
                              "propList": [
                                {
                                  "k": "styleMap",
                                  "v": {
                                    "name": "styleMap",
                                    "properties": [],
                                    "type": "PropertyMap[styleMap]"
                                  }
                                },
                                {
                                  "k": "width",
                                  "v": 200
                                },
                                {
                                  "k": "height",
                                  "v": 200
                                },
                                {
                                  "k": "name",
                                  "v": "Form1Footer"
                                },
                                {
                                  "k": "suffixName",
                                  "v": "Footer"
                                },
                                {
                                  "k": "layout",
                                  "v": "horizontal"
                                },
                                {
                                  "k": "variant",
                                  "v": "Transparent"
                                },
                                {
                                  "k": "styles",
                                  "v": {
                                    "list": ["app-FormFooter"],
                                    "type": "List[String]"
                                  }
                                },
                                {
                                  "k": "autoWidth",
                                  "v": true
                                },
                                {
                                  "k": "align",
                                  "v": "stretch"
                                },
                                {
                                  "k": "autoHeight",
                                  "v": true
                                },
                                {
                                  "k": "justify",
                                  "v": "end"
                                },
                                {
                                  "k": "alignChildren",
                                  "v": "center"
                                },
                                {
                                  "k": "editorNonInheritedLocked",
                                  "v": true
                                },
                                {
                                  "k": "children",
                                  "v": {
                                    "list": [
                                      {
                                        "class": "SimpleButton",
                                        "key": "0_2091227726",
                                        "propList": [
                                          {
                                            "k": "styleMap",
                                            "v": {
                                              "name": "styleMap",
                                              "properties": [],
                                              "type": "PropertyMap[styleMap]"
                                            }
                                          },
                                          {
                                            "k": "width",
                                            "v": 92
                                          },
                                          {
                                            "k": "height",
                                            "v": 36
                                          },
                                          {
                                            "k": "name",
                                            "v": "Form1ClearButton"
                                          },
                                          {
                                            "k": "suffixName",
                                            "v": "ClearButton"
                                          },
                                          {
                                            "k": "text",
                                            "v": "Clear"
                                          },
                                          {
                                            "k": "action",
                                            "v": "widget.datasource.clearChanges();"
                                          },
                                          {
                                            "k": "title",
                                            "v": "Reset all changes"
                                          },
                                          {
                                            "k": "autoWidth",
                                            "v": true
                                          },
                                          {
                                            "k": "autoHeight",
                                            "v": true
                                          }
                                        ],
                                        "type": "ComponentInfo"
                                      },
                                      {
                                        "class": "SimpleButton",
                                        "key": "0_1691344737",
                                        "propList": [
                                          {
                                            "k": "styleMap",
                                            "v": {
                                              "name": "styleMap",
                                              "properties": [],
                                              "type": "PropertyMap[styleMap]"
                                            }
                                          },
                                          {
                                            "k": "width",
                                            "v": 92
                                          },
                                          {
                                            "k": "height",
                                            "v": 36
                                          },
                                          {
                                            "k": "name",
                                            "v": "Form1SubmitButton"
                                          },
                                          {
                                            "k": "suffixName",
                                            "v": "SubmitButton"
                                          },
                                          {
                                            "k": "variant",
                                            "v": "FlatColor"
                                          },
                                          {
                                            "k": "text",
                                            "v": "Submit"
                                          },
                                          {
                                            "k": "action",
                                            "v": "widget.datasource.createItem(setTimestamp());\napp.datasources.PrepsBySup.load();"
                                          },
                                          {
                                            "k": "bindings",
                                            "v": {
                                              "list": [{
                                                "sourceExpression": "enabled",
                                                "targetExpression": "@widget.parent.parent.valid",
                                                "targetLiteralExpression": "@widget.parent.parent.valid",
                                                "type": "BindingInfo"
                                              }],
                                              "type": "List[BindingInfo]"
                                            }
                                          },
                                          {
                                            "k": "title",
                                            "v": "Submit item"
                                          },
                                          {
                                            "k": "autoWidth",
                                            "v": true
                                          },
                                          {
                                            "k": "autoHeight",
                                            "v": true
                                          }
                                        ],
                                        "type": "ComponentInfo"
                                      }
                                    ],
                                    "type": "List[ComponentInfo]"
                                  }
                                }
                              ],
                              "type": "ComponentInfo"
                            }
                          ],
                          "type": "List[ComponentInfo]"
                        }
                      },
                      {
                        "k": "top",
                        "v": 0
                      },
                      {
                        "k": "left",
                        "v": 0
                      },
                      {
                        "k": "right",
                        "v": 0
                      },
                      {
                        "k": "bottom",
                        "v": 0
                      }
                    ],
                    "type": "ComponentInfo"
                  }],
                  "type": "List[ComponentInfo]"
                }
              },
              {
                "k": "autoWidth",
                "v": false
              },
              {
                "k": "constrain_right",
                "v": false
              },
              {
                "k": "autoHeight",
                "v": true
              },
              {
                "k": "constrain_bottom",
                "v": false
              },
              {
                "k": "justify",
                "v": "center"
              }
            ],
            "type": "ComponentInfo"
          },
          {
            "class": "Panel",
            "key": "0_1774687846",
            "propList": [
              {
                "k": "styleMap",
                "v": {
                  "name": "styleMap",
                  "properties": [{
                    "name": "padding-left",
                    "value": "30px"
                  }],
                  "type": "PropertyMap[styleMap]"
                }
              },
              {
                "k": "width",
                "v": 436
              },
              {
                "k": "height",
                "v": 97
              },
              {
                "k": "layout",
                "v": "horizontal"
              },
              {
                "k": "name",
                "v": "Panel3"
              },
              {
                "k": "left",
                "v": 0
              },
              {
                "k": "top",
                "v": 68
              },
              {
                "k": "right",
                "v": 1064
              },
              {
                "k": "bottom",
                "v": 2335
              },
              {
                "k": "variant",
                "v": "Transparent"
              },
              {
                "k": "children",
                "v": {
                  "list": [{
                    "class": "SimpleLabel",
                    "key": "33_1962574949",
                    "propList": [
                      {
                        "k": "styleMap",
                        "v": {
                          "name": "styleMap",
                          "properties": [
                            {
                              "name": "margin-top",
                              "value": "0px"
                            },
                            {
                              "name": "margin-left",
                              "value": "0px"
                            }
                          ],
                          "type": "PropertyMap[styleMap]"
                        }
                      },
                      {
                        "k": "width",
                        "v": 194
                      },
                      {
                        "k": "height",
                        "v": 42
                      },
                      {
                        "k": "name",
                        "v": "Label1"
                      },
                      {
                        "k": "left",
                        "v": 0
                      },
                      {
                        "k": "top",
                        "v": 0
                      },
                      {
                        "k": "autoWidth",
                        "v": true
                      },
                      {
                        "k": "autoHeight",
                        "v": true
                      },
                      {
                        "k": "text",
                        "v": "@expr"
                      },
                      {
                        "k": "constrain_left",
                        "v": true
                      },
                      {
                        "k": "constrain_right",
                        "v": false
                      },
                      {
                        "k": "constrain_width",
                        "v": true
                      },
                      {
                        "k": "constrain_minWidth",
                        "v": false
                      },
                      {
                        "k": "constrain_maxWidth",
                        "v": false
                      },
                      {
                        "k": "constrain_top",
                        "v": true
                      },
                      {
                        "k": "constrain_bottom",
                        "v": false
                      },
                      {
                        "k": "constrain_height",
                        "v": true
                      },
                      {
                        "k": "constrain_minHeight",
                        "v": false
                      },
                      {
                        "k": "constrain_maxHeight",
                        "v": false
                      },
                      {
                        "k": "styles",
                        "v": {
                          "list": ["subText"],
                          "type": "List[String]"
                        }
                      },
                      {
                        "k": "bindings",
                        "v": {
                          "list": [{
                            "sourceExpression": "text",
                            "targetExpression": "\u0027Hello \u0027+@user.username+\u0027!\u0027;",
                            "targetLiteralExpression": "\u0027Hello \u0027+@user.username+\u0027!\u0027;",
                            "type": "BindingInfo"
                          }],
                          "type": "List[BindingInfo]"
                        }
                      }
                    ],
                    "type": "ComponentInfo"
                  }],
                  "type": "List[ComponentInfo]"
                }
              },
              {
                "k": "alignChildren",
                "v": "center"
              }
            ],
            "type": "ComponentInfo"
          },
          {
            "class": "Panel",
            "key": "96_512293634",
            "propList": [
              {
                "k": "styleMap",
                "v": {
                  "name": "styleMap",
                  "properties": [
                    {
                      "name": "margin-right",
                      "value": {
                        "isNull": true,
                        "type": "String"
                      }
                    },
                    {
                      "name": "padding-right",
                      "value": "24px"
                    },
                    {
                      "name": "padding-left",
                      "value": "190px"
                    }
                  ],
                  "type": "PropertyMap[styleMap]"
                }
              },
              {
                "k": "width",
                "v": 1200
              },
              {
                "k": "height",
                "v": 64
              },
              {
                "k": "layout",
                "v": "horizontal"
              },
              {
                "k": "name",
                "v": "Panel4"
              },
              {
                "k": "left",
                "v": 0
              },
              {
                "k": "top",
                "v": 0
              },
              {
                "k": "right",
                "v": 300
              },
              {
                "k": "bottom",
                "v": 2936
              },
              {
                "k": "children",
                "v": {
                  "list": [
                    {
                      "class": "ImageComponent",
                      "key": "97_1730000451",
                      "propList": [
                        {
                          "k": "styleMap",
                          "v": {
                            "name": "styleMap",
                            "properties": [{
                              "name": "margin-left",
                              "value": {
                                "isNull": true,
                                "type": "String"
                              }
                            }],
                            "type": "PropertyMap[styleMap]"
                          }
                        },
                        {
                          "k": "width",
                          "v": 45
                        },
                        {
                          "k": "height",
                          "v": 25
                        },
                        {
                          "k": "url",
                          "v": "resources/google-apps-script-2050f679-85c4-47e5-bbf2-9a97083e64af/3ktejHKojaPC.png"
                        },
                        {
                          "k": "name",
                          "v": "Image1"
                        },
                        {
                          "k": "left",
                          "v": 0
                        },
                        {
                          "k": "top",
                          "v": 0
                        },
                        {
                          "k": "right",
                          "v": 1455
                        },
                        {
                          "k": "bottom",
                          "v": 39
                        }
                      ],
                      "type": "ComponentInfo"
                    },
                    {
                      "class": "SimpleLabel",
                      "key": "98_153333895",
                      "propList": [
                        {
                          "k": "styleMap",
                          "v": {
                            "name": "styleMap",
                            "properties": [
                              {
                                "name": "margin-right",
                                "value": "10px"
                              },
                              {
                                "name": "margin-left",
                                "value": "10px"
                              }
                            ],
                            "type": "PropertyMap[styleMap]"
                          }
                        },
                        {
                          "k": "width",
                          "v": 100
                        },
                        {
                          "k": "height",
                          "v": 20
                        },
                        {
                          "k": "name",
                          "v": "LabelSupsView"
                        },
                        {
                          "k": "left",
                          "v": 0
                        },
                        {
                          "k": "top",
                          "v": 0
                        },
                        {
                          "k": "autoWidth",
                          "v": true
                        },
                        {
                          "k": "autoHeight",
                          "v": true
                        },
                        {
                          "k": "right",
                          "v": 0
                        },
                        {
                          "k": "bottom",
                          "v": 0
                        },
                        {
                          "k": "text",
                          "v": "Supervisors view"
                        }
                      ],
                      "type": "ComponentInfo"
                    },
                    {
                      "class": "ImageComponent",
                      "key": "99_151954456",
                      "propList": [
                        {
                          "k": "styleMap",
                          "v": {
                            "name": "styleMap",
                            "properties": [{
                              "name": "margin-left",
                              "value": {
                                "isNull": true,
                                "type": "String"
                              }
                            }],
                            "type": "PropertyMap[styleMap]"
                          }
                        },
                        {
                          "k": "width",
                          "v": 45
                        },
                        {
                          "k": "height",
                          "v": 26
                        },
                        {
                          "k": "url",
                          "v": "resources/google-apps-script-2050f679-85c4-47e5-bbf2-9a97083e64af/3ktejHKojaPC.png"
                        },
                        {
                          "k": "name",
                          "v": "Image2"
                        },
                        {
                          "k": "left",
                          "v": 0
                        },
                        {
                          "k": "top",
                          "v": 0
                        },
                        {
                          "k": "right",
                          "v": 0
                        },
                        {
                          "k": "bottom",
                          "v": 0
                        },
                        {
                          "k": "constrain_left",
                          "v": true
                        },
                        {
                          "k": "constrain_right",
                          "v": false
                        },
                        {
                          "k": "constrain_width",
                          "v": true
                        },
                        {
                          "k": "constrain_minWidth",
                          "v": false
                        },
                        {
                          "k": "constrain_maxWidth",
                          "v": false
                        },
                        {
                          "k": "constrain_top",
                          "v": true
                        },
                        {
                          "k": "constrain_bottom",
                          "v": false
                        },
                        {
                          "k": "constrain_height",
                          "v": true
                        },
                        {
                          "k": "constrain_minHeight",
                          "v": false
                        },
                        {
                          "k": "constrain_maxHeight",
                          "v": false
                        }
                      ],
                      "type": "ComponentInfo"
                    },
                    {
                      "class": "SimpleLabel",
                      "key": "100_1114230942",
                      "propList": [
                        {
                          "k": "styleMap",
                          "v": {
                            "name": "styleMap",
                            "properties": [
                              {
                                "name": "margin-left",
                                "value": "10px"
                              },
                              {
                                "name": "margin-right",
                                "value": "50px"
                              }
                            ],
                            "type": "PropertyMap[styleMap]"
                          }
                        },
                        {
                          "k": "width",
                          "v": 222
                        },
                        {
                          "k": "height",
                          "v": 36
                        },
                        {
                          "k": "name",
                          "v": "LabelSupPage"
                        },
                        {
                          "k": "left",
                          "v": 0
                        },
                        {
                          "k": "top",
                          "v": 0
                        },
                        {
                          "k": "autoWidth",
                          "v": true
                        },
                        {
                          "k": "autoHeight",
                          "v": true
                        },
                        {
                          "k": "right",
                          "v": 0
                        },
                        {
                          "k": "bottom",
                          "v": 0
                        },
                        {
                          "k": "text",
                          "v": "My Preps"
                        },
                        {
                          "k": "constrain_left",
                          "v": true
                        },
                        {
                          "k": "constrain_right",
                          "v": false
                        },
                        {
                          "k": "constrain_width",
                          "v": true
                        },
                        {
                          "k": "constrain_minWidth",
                          "v": false
                        },
                        {
                          "k": "constrain_maxWidth",
                          "v": false
                        },
                        {
                          "k": "constrain_top",
                          "v": true
                        },
                        {
                          "k": "constrain_bottom",
                          "v": false
                        },
                        {
                          "k": "constrain_height",
                          "v": true
                        },
                        {
                          "k": "constrain_minHeight",
                          "v": false
                        },
                        {
                          "k": "constrain_maxHeight",
                          "v": false
                        }
                      ],
                      "type": "ComponentInfo"
                    },
                    {
                      "class": "SimpleButton",
                      "key": "101_1991385617",
                      "propList": [
                        {
                          "k": "styleMap",
                          "v": {
                            "name": "styleMap",
                            "properties": [
                              {
                                "name": "padding-left",
                                "value": "10px"
                              },
                              {
                                "name": "padding-top",
                                "value": "10px"
                              },
                              {
                                "name": "padding-bottom",
                                "value": "10px"
                              },
                              {
                                "name": "padding-right",
                                "value": "10px"
                              }
                            ],
                            "type": "PropertyMap[styleMap]"
                          }
                        },
                        {
                          "k": "width",
                          "v": 92
                        },
                        {
                          "k": "height",
                          "v": 36
                        },
                        {
                          "k": "name",
                          "v": "Button1"
                        },
                        {
                          "k": "left",
                          "v": 0
                        },
                        {
                          "k": "top",
                          "v": 0
                        },
                        {
                          "k": "autoWidth",
                          "v": true
                        },
                        {
                          "k": "autoHeight",
                          "v": true
                        },
                        {
                          "k": "text",
                          "v": "Switch to My Preps"
                        },
                        {
                          "k": "styles",
                          "v": {
                            "list": ["materialBtn"],
                            "type": "List[String]"
                          }
                        },
                        {
                          "k": "action",
                          "v": "app.showPage(app.pages.MyPreps);"
                        }
                      ],
                      "type": "ComponentInfo"
                    }
                  ],
                  "type": "List[ComponentInfo]"
                }
              },
              {
                "k": "justify",
                "v": "start"
              },
              {
                "k": "alignChildren",
                "v": "center"
              },
              {
                "k": "editorHidden",
                "v": false
              },
              {
                "k": "wrapAlign",
                "v": "stretch"
              },
              {
                "k": "constrain_left",
                "v": true
              },
              {
                "k": "constrain_right",
                "v": false
              },
              {
                "k": "constrain_width",
                "v": true
              },
              {
                "k": "constrain_minWidth",
                "v": false
              },
              {
                "k": "constrain_maxWidth",
                "v": false
              },
              {
                "k": "constrain_top",
                "v": true
              },
              {
                "k": "constrain_bottom",
                "v": false
              },
              {
                "k": "constrain_height",
                "v": true
              },
              {
                "k": "constrain_minHeight",
                "v": false
              },
              {
                "k": "constrain_maxHeight",
                "v": false
              }
            ],
            "type": "ComponentInfo"
          }
        ],
        "type": "List[ComponentInfo]"
      }
    },
    {
      "k": "bindings",
      "v": {
        "list": [{
          "sourceExpression": "_dataSource",
          "targetExpression": "@datasources.Xn0M51TNvojEQgrdiAuZDKANFeQmpfxF",
          "targetLiteralExpression": "@datasources.PrepsBySup",
          "type": "BindingInfo"
        }],
        "type": "List[BindingInfo]"
      }
    },
    {
      "k": "pageCss",
      "v": ".app-PrepForm-Panel4 {\n  background-color: transparent;\n}\n\n.app-PrepForm-Button1 {\n  text-transform: none;\n}\n\n.app-PrepForm-LabelSupsView {\n    color: white;\n  font-size: 30px;\n  font-weight: lighter;\n  margin: none;\n}\n\n\n.app-PrepForm-LabelSupPage {\n    color: black;\n  font-size: 30px;\n  margin: none;\n  font-weight: lighter;\n}\n\n\n\n\n.app-PrepForm-PrepForm {\n  width: 100% !important;\n}\n\n\n.app-PrepForm-Panel2 {\n  background-color: #00897B;\n}\n\n\n.app-PrepForm-Panel2{\n  width: 100% !important;\n}\n\n\n\n.app-PrepForm-Header1 {\n  width: 100% !important;\n}\n\n.app-PrepForm-Panel1 {\n  width: 100% !important;\n  background-color: transparent;\n}\n\n"
    }
  ],
  "type": "ComponentInfo"
}