{
  "class": "Panel",
  "key": "WUQtOvH9awk8YYBHh53vGblXXPBWZqYh",
  "permission": {
    "name": "canRead",
    "permissions": [
      {"type": "everyone"},
      {
        "groupKeys": ["Admins"],
        "type": "groups"
      }
    ],
    "type": "compound"
  },
  "propList": [
    {
      "k": "styleMap",
      "v": {
        "name": "styleMap",
        "properties": [],
        "type": "PropertyMap[styleMap]"
      }
    },
    {
      "k": "name",
      "v": "Email"
    },
    {
      "k": "styles",
      "v": {
        "list": [],
        "type": "List[String]"
      }
    },
    {
      "k": "constrain_left",
      "v": true
    },
    {
      "k": "left",
      "v": 25
    },
    {
      "k": "constrain_right",
      "v": false
    },
    {
      "k": "right",
      "v": 0
    },
    {
      "k": "constrain_width",
      "v": true
    },
    {
      "k": "width",
      "v": 960
    },
    {
      "k": "constrain_minWidth",
      "v": false
    },
    {
      "k": "minWidth",
      "v": 0
    },
    {
      "k": "constrain_maxWidth",
      "v": false
    },
    {
      "k": "maxWidth",
      "v": 0
    },
    {
      "k": "constrain_top",
      "v": true
    },
    {
      "k": "top",
      "v": 5
    },
    {
      "k": "constrain_bottom",
      "v": false
    },
    {
      "k": "bottom",
      "v": 0
    },
    {
      "k": "constrain_height",
      "v": true
    },
    {
      "k": "height",
      "v": 960
    },
    {
      "k": "constrain_minHeight",
      "v": false
    },
    {
      "k": "minHeight",
      "v": 0
    },
    {
      "k": "constrain_maxHeight",
      "v": false
    },
    {
      "k": "maxHeight",
      "v": 0
    },
    {
      "k": "autoHeight",
      "v": false
    },
    {
      "k": "autoWidth",
      "v": false
    },
    {
      "k": "align",
      "v": "inherited"
    },
    {
      "k": "grow",
      "v": 0
    },
    {
      "k": "validationDisplay",
      "v": false
    },
    {
      "k": "variant",
      "v": "Background"
    },
    {
      "k": "createChildrenOnInit",
      "v": "ON_INIT"
    },
    {
      "k": "layout",
      "v": "fixed"
    },
    {
      "k": "wrap",
      "v": "nowrap"
    },
    {
      "k": "justify",
      "v": "start"
    },
    {
      "k": "alignChildren",
      "v": "baseline"
    },
    {
      "k": "wrapAlign",
      "v": "stretch"
    },
    {
      "k": "title",
      "v": ""
    },
    {
      "k": "visible",
      "v": true
    },
    {
      "k": "children",
      "v": {
        "list": [
          {
            "class": "TextField",
            "key": "0_802729611",
            "propList": [
              {
                "k": "styleMap",
                "v": {
                  "name": "styleMap",
                  "properties": [],
                  "type": "PropertyMap[styleMap]"
                }
              },
              {
                "k": "width",
                "v": 234
              },
              {
                "k": "height",
                "v": 32
              },
              {
                "k": "name",
                "v": "To"
              },
              {
                "k": "left",
                "v": 122
              },
              {
                "k": "top",
                "v": 64
              },
              {
                "k": "autoHeight",
                "v": true
              },
              {
                "k": "right",
                "v": 604
              },
              {
                "k": "bottom",
                "v": 864
              },
              {
                "k": "label",
                "v": "To:"
              }
            ],
            "type": "ComponentInfo"
          },
          {
            "class": "TextField",
            "key": "0_1882019175",
            "propList": [
              {
                "k": "styleMap",
                "v": {
                  "name": "styleMap",
                  "properties": [],
                  "type": "PropertyMap[styleMap]"
                }
              },
              {
                "k": "width",
                "v": 524
              },
              {
                "k": "height",
                "v": 32
              },
              {
                "k": "name",
                "v": "Subject"
              },
              {
                "k": "left",
                "v": 122
              },
              {
                "k": "top",
                "v": 125
              },
              {
                "k": "autoHeight",
                "v": true
              },
              {
                "k": "right",
                "v": 314
              },
              {
                "k": "bottom",
                "v": 803
              },
              {
                "k": "label",
                "v": "Subject:"
              }
            ],
            "type": "ComponentInfo"
          },
          {
            "class": "RichTextEditor",
            "key": "0_424133423",
            "propList": [
              {
                "k": "styleMap",
                "v": {
                  "name": "styleMap",
                  "properties": [],
                  "type": "PropertyMap[styleMap]"
                }
              },
              {
                "k": "width",
                "v": 524
              },
              {
                "k": "height",
                "v": 400
              },
              {
                "k": "name",
                "v": "Msg"
              },
              {
                "k": "left",
                "v": 122
              },
              {
                "k": "top",
                "v": 187
              },
              {
                "k": "right",
                "v": 314
              },
              {
                "k": "bottom",
                "v": 373
              }
            ],
            "type": "ComponentInfo"
          },
          {
            "class": "SimpleButton",
            "key": "0_2025147669",
            "propList": [
              {
                "k": "styleMap",
                "v": {
                  "name": "styleMap",
                  "properties": [],
                  "type": "PropertyMap[styleMap]"
                }
              },
              {
                "k": "width",
                "v": 92
              },
              {
                "k": "height",
                "v": 36
              },
              {
                "k": "name",
                "v": "Button1"
              },
              {
                "k": "left",
                "v": 462
              },
              {
                "k": "top",
                "v": 69
              },
              {
                "k": "autoWidth",
                "v": true
              },
              {
                "k": "autoHeight",
                "v": true
              },
              {
                "k": "right",
                "v": 406
              },
              {
                "k": "bottom",
                "v": 855
              },
              {
                "k": "text",
                "v": "Send Email"
              },
              {
                "k": "action",
                "v": " var widgets \u003d widget.parent.descendants;\n    var to \u003d widgets.To.value;\n    var subject \u003d widgets.Subject.value;\n    var msg \u003d widgets.Msg.value;\n    widgets.EmailStatus.text \u003d \u0027Sending email...\u0027;\n    sendMessage(to, subject, msg);"
              }
            ],
            "type": "ComponentInfo"
          },
          {
            "class": "SimpleButton",
            "key": "0_733161794",
            "propList": [
              {
                "k": "styleMap",
                "v": {
                  "name": "styleMap",
                  "properties": [],
                  "type": "PropertyMap[styleMap]"
                }
              },
              {
                "k": "width",
                "v": 92
              },
              {
                "k": "height",
                "v": 36
              },
              {
                "k": "name",
                "v": "Button2"
              },
              {
                "k": "left",
                "v": 122
              },
              {
                "k": "top",
                "v": 611
              },
              {
                "k": "autoWidth",
                "v": true
              },
              {
                "k": "autoHeight",
                "v": true
              },
              {
                "k": "right",
                "v": 746
              },
              {
                "k": "bottom",
                "v": 313
              },
              {
                "k": "text",
                "v": "Clear Form"
              },
              {
                "k": "action",
                "v": "clearEmailForm();\n"
              }
            ],
            "type": "ComponentInfo"
          },
          {
            "class": "SimpleLabel",
            "key": "0_99410238",
            "propList": [
              {
                "k": "styleMap",
                "v": {
                  "name": "styleMap",
                  "properties": [],
                  "type": "PropertyMap[styleMap]"
                }
              },
              {
                "k": "width",
                "v": 100
              },
              {
                "k": "height",
                "v": 20
              },
              {
                "k": "name",
                "v": "EmailStatus"
              },
              {
                "k": "left",
                "v": 595
              },
              {
                "k": "top",
                "v": 611
              },
              {
                "k": "autoWidth",
                "v": true
              },
              {
                "k": "autoHeight",
                "v": true
              },
              {
                "k": "right",
                "v": 265
              },
              {
                "k": "bottom",
                "v": 329
              },
              {
                "k": "text",
                "v": ""
              }
            ],
            "type": "ComponentInfo"
          }
        ],
        "type": "List[ComponentInfo]"
      }
    }
  ],
  "type": "ComponentInfo"
}