{
  "class": "Panel",
  "key": "kUYh3RMcOrh85XoZsLvPZWEiF0uaFkcU",
  "permission": {
    "name": "canRead",
    "type": "compoundEveryone"
  },
  "propList": [
    {
      "k": "styleMap",
      "v": {
        "name": "styleMap",
        "properties": [],
        "type": "PropertyMap[styleMap]"
      }
    },
    {
      "k": "width",
      "v": 300
    },
    {
      "k": "height",
      "v": 300
    },
    {
      "k": "name",
      "v": "Header"
    },
    {
      "k": "isCustomWidget",
      "v": true
    },
    {
      "k": "top",
      "v": 4
    },
    {
      "k": "left",
      "v": 4
    }
  ],
  "type": "ComponentInfo"
}