{
  "dataSources": [{
    "key": "FhonLOdFGyHLTwvl5mJk6z2fV37T5GK6_default",
    "modelKey": "FhonLOdFGyHLTwvl5mJk6z2fV37T5GK6",
    "name": "email_template",
    "pageSize": 100,
    "type": "QUERY"
  }],
  "defaultDataSourceKey": "FhonLOdFGyHLTwvl5mJk6z2fV37T5GK6_default",
  "eventPermissions": [
    {
      "name": "ON_CREATE",
      "type": "inherited"
    },
    {
      "name": "ON_LOAD",
      "type": "inherited"
    },
    {
      "name": "ON_SAVE",
      "type": "inherited"
    },
    {
      "name": "ON_DELETE",
      "type": "inherited"
    }
  ],
  "events": [],
  "fields": [
    {
      "allowedFilterOperators": [
        "contains",
        "eq",
        "gt",
        "gte",
        "in",
        "lt",
        "lte",
        "ne",
        "notContains",
        "notIn",
        "notStartsWith",
        "startsWith"
      ],
      "columnName": "subject",
      "key": "qFJO3eporalzJjgz",
      "minLength": 0,
      "name": "subject",
      "required": false,
      "type": "String"
    },
    {
      "allowedFilterOperators": [
        "contains",
        "eq",
        "gt",
        "gte",
        "in",
        "lt",
        "lte",
        "ne",
        "notContains",
        "notIn",
        "notStartsWith",
        "startsWith"
      ],
      "columnName": "body",
      "key": "C88CuTbHVKsYnySr",
      "minLength": 0,
      "name": "body",
      "required": false,
      "type": "String"
    }
  ],
  "key": "FhonLOdFGyHLTwvl5mJk6z2fV37T5GK6",
  "modelPermission": {
    "name": "model permission",
    "permissions": [
      {"type": "nobody"},
      {
        "groupKeys": ["Admins"],
        "type": "groups"
      }
    ],
    "type": "compound"
  },
  "name": "email_template",
  "type": "BRIX",
  "userIdFieldType": "USER_ID"
}