{
  "dataSources": [{
    "key": "FmJN4PgblaZSl7YalV8b2dwNlQ32N6ih_default",
    "modelKey": "FmJN4PgblaZSl7YalV8b2dwNlQ32N6ih",
    "name": "inventory",
    "pageSize": 100,
    "type": "QUERY"
  }],
  "defaultDataSourceKey": "FmJN4PgblaZSl7YalV8b2dwNlQ32N6ih_default",
  "eventPermissions": [
    {
      "name": "ON_CREATE",
      "type": "inherited"
    },
    {
      "name": "ON_LOAD",
      "type": "inherited"
    },
    {
      "name": "ON_SAVE",
      "type": "inherited"
    },
    {
      "name": "ON_DELETE",
      "type": "inherited"
    }
  ],
  "events": [],
  "fields": [
    {
      "allowedFilterOperators": [
        "contains",
        "eq",
        "gt",
        "gte",
        "in",
        "lt",
        "lte",
        "ne",
        "notContains",
        "notIn",
        "notStartsWith",
        "startsWith"
      ],
      "columnName": "item_name",
      "key": "2LqZ0Kh9GenqjQlg",
      "minLength": 0,
      "name": "item_name",
      "required": false,
      "type": "String"
    },
    {
      "allowedFilterOperators": [
        "eq",
        "gt",
        "gte",
        "in",
        "lt",
        "lte",
        "ne",
        "notIn"
      ],
      "columnName": "cost",
      "integer": false,
      "key": "wmAk3FULjiX6a1nC",
      "name": "cost",
      "required": false,
      "type": "Number"
    },
    {
      "allowedFilterOperators": [
        "eq",
        "gt",
        "gte",
        "in",
        "lt",
        "lte",
        "ne",
        "notIn"
      ],
      "columnName": "retail",
      "integer": false,
      "key": "BUU3GmgOJWvKctmC",
      "name": "retail",
      "required": false,
      "type": "Number"
    },
    {
      "allowedFilterOperators": [
        "eq",
        "gt",
        "gte",
        "in",
        "lt",
        "lte",
        "ne",
        "notIn"
      ],
      "columnName": "instock",
      "integer": false,
      "key": "cE68kzEoPTKGhczi",
      "name": "instock",
      "required": false,
      "type": "Number"
    }
  ],
  "key": "FmJN4PgblaZSl7YalV8b2dwNlQ32N6ih",
  "modelPermission": {
    "name": "model permission",
    "permissions": [
      {"type": "nobody"},
      {
        "groupKeys": ["Admins"],
        "type": "groups"
      }
    ],
    "type": "compound"
  },
  "name": "inventory",
  "type": "BRIX",
  "userIdFieldType": "USER_ID"
}