{
  "class": "Panel",
  "key": "OTNaB9QeIXOq92NYm6Tnhy0LrUHP7hUO",
  "permission": {
    "name": "canRead",
    "type": "compoundEveryone"
  },
  "propList": [
    {
      "k": "styleMap",
      "v": {
        "name": "styleMap",
        "properties": [],
        "type": "PropertyMap[styleMap]"
      }
    },
    {
      "k": "width",
      "v": 1200
    },
    {
      "k": "height",
      "v": 3000
    },
    {
      "k": "name",
      "v": "Accordion"
    },
    {
      "k": "variant",
      "v": "Background"
    },
    {
      "k": "top",
      "v": 4
    },
    {
      "k": "left",
      "v": 4
    },
    {
      "k": "children",
      "v": {
        "list": [{
          "class": "Panel",
          "key": "15_1908708782",
          "propList": [
            {
              "k": "styleMap",
              "v": {
                "name": "styleMap",
                "properties": [],
                "type": "PropertyMap[styleMap]"
              }
            },
            {
              "k": "width",
              "v": 1200
            },
            {
              "k": "height",
              "v": 398
            },
            {
              "k": "layout",
              "v": "vertical"
            },
            {
              "k": "name",
              "v": "ContainerAccordion"
            },
            {
              "k": "left",
              "v": 0
            },
            {
              "k": "top",
              "v": 61
            },
            {
              "k": "right",
              "v": -240
            },
            {
              "k": "bottom",
              "v": 484
            },
            {
              "k": "children",
              "v": {
                "list": [{
                  "class": "Accordion",
                  "key": "16_306838621",
                  "propList": [
                    {
                      "k": "styleMap",
                      "v": {
                        "name": "styleMap",
                        "properties": [],
                        "type": "PropertyMap[styleMap]"
                      }
                    },
                    {
                      "k": "prototype",
                      "v": {
                        "appKey": "17_36411498",
                        "type": "AppChildKey"
                      }
                    },
                    {
                      "k": "children",
                      "v": {
                        "list": [
                          {
                            "class": "Panel",
                            "key": "17_36411498",
                            "propList": [
                              {
                                "k": "styleMap",
                                "v": {
                                  "name": "styleMap",
                                  "properties": [],
                                  "type": "PropertyMap[styleMap]"
                                }
                              },
                              {
                                "k": "height",
                                "v": 67
                              },
                              {
                                "k": "autoWidth",
                                "v": true
                              },
                              {
                                "k": "align",
                                "v": "stretch"
                              },
                              {
                                "k": "name",
                                "v": "Accordion1Row"
                              },
                              {
                                "k": "styleDescriptorName",
                                "v": "AccordionRow"
                              },
                              {
                                "k": "suffixName",
                                "v": "Row"
                              },
                              {
                                "k": "variant",
                                "v": "Background"
                              },
                              {
                                "k": "children",
                                "v": {
                                  "list": [{
                                    "class": "Panel",
                                    "key": "18_1879859456",
                                    "propList": [
                                      {
                                        "k": "styleMap",
                                        "v": {
                                          "name": "styleMap",
                                          "properties": [{
                                            "name": "margin-top",
                                            "value": "1px"
                                          }],
                                          "type": "PropertyMap[styleMap]"
                                        }
                                      },
                                      {
                                        "k": "height",
                                        "v": 66
                                      },
                                      {
                                        "k": "autoWidth",
                                        "v": false
                                      },
                                      {
                                        "k": "align",
                                        "v": "inherited"
                                      },
                                      {
                                        "k": "layout",
                                        "v": "horizontal"
                                      },
                                      {
                                        "k": "autoHeight",
                                        "v": true
                                      },
                                      {
                                        "k": "alignChildren",
                                        "v": "center"
                                      },
                                      {
                                        "k": "styles",
                                        "v": {
                                          "list": [
                                            "app-ListTableRow",
                                            "hoverAncestor"
                                          ],
                                          "type": "List[String]"
                                        }
                                      },
                                      {
                                        "k": "children",
                                        "v": {
                                          "list": [
                                            {
                                              "class": "DateTextBox",
                                              "key": "19_1737835257",
                                              "propList": [
                                                {
                                                  "k": "styleMap",
                                                  "v": {
                                                    "name": "styleMap",
                                                    "properties": [
                                                      {
                                                        "name": "margin-left",
                                                        "value": "18px"
                                                      },
                                                      {
                                                        "name": "margin-right",
                                                        "value": "18px"
                                                      },
                                                      {
                                                        "name": "margin-top",
                                                        "value": "16px"
                                                      },
                                                      {
                                                        "name": "margin-bottom",
                                                        "value": "16px"
                                                      }
                                                    ],
                                                    "type": "PropertyMap[styleMap]"
                                                  }
                                                },
                                                {
                                                  "k": "width",
                                                  "v": 100
                                                },
                                                {
                                                  "k": "height",
                                                  "v": 32
                                                },
                                                {
                                                  "k": "name",
                                                  "v": "Field16"
                                                },
                                                {
                                                  "k": "bindings",
                                                  "v": {
                                                    "list": [{
                                                      "sourceExpression": "value",
                                                      "targetExpression": "@datasource.item.ivPsBJP09jITKt6p",
                                                      "targetLiteralExpression": "@datasource.item.Date",
                                                      "type": "BindingInfo"
                                                    }],
                                                    "type": "List[BindingInfo]"
                                                  }
                                                },
                                                {
                                                  "k": "label",
                                                  "v": ""
                                                },
                                                {
                                                  "k": "autoHeight",
                                                  "v": true
                                                }
                                              ],
                                              "type": "ComponentInfo"
                                            },
                                            {
                                              "class": "Dropdown",
                                              "key": "20_1840381743",
                                              "propList": [
                                                {
                                                  "k": "styleMap",
                                                  "v": {
                                                    "name": "styleMap",
                                                    "properties": [
                                                      {
                                                        "name": "margin-left",
                                                        "value": "18px"
                                                      },
                                                      {
                                                        "name": "margin-right",
                                                        "value": "18px"
                                                      },
                                                      {
                                                        "name": "margin-top",
                                                        "value": "16px"
                                                      },
                                                      {
                                                        "name": "margin-bottom",
                                                        "value": "16px"
                                                      }
                                                    ],
                                                    "type": "PropertyMap[styleMap]"
                                                  }
                                                },
                                                {
                                                  "k": "width",
                                                  "v": 150
                                                },
                                                {
                                                  "k": "height",
                                                  "v": 32
                                                },
                                                {
                                                  "k": "name",
                                                  "v": "Field14"
                                                },
                                                {
                                                  "k": "bindings",
                                                  "v": {
                                                    "list": [
                                                      {
                                                        "sourceExpression": "value",
                                                        "targetExpression": "@datasource.item._XmYzYwtXUNI9t8Lig2XRiNfbscOAjvpB",
                                                        "targetLiteralExpression": "@datasource.item.relAgents",
                                                        "type": "BindingInfo"
                                                      },
                                                      {
                                                        "sourceExpression": "options",
                                                        "targetExpression": "@datasources.JWP6h7Weln7yRLrWKlRqQ8ya7DyFIfjV_default.items",
                                                        "targetLiteralExpression": "@datasources.Agents.items",
                                                        "type": "BindingInfo"
                                                      }
                                                    ],
                                                    "type": "List[BindingInfo]"
                                                  }
                                                },
                                                {
                                                  "k": "autoWidth",
                                                  "v": true
                                                },
                                                {
                                                  "k": "autoHeight",
                                                  "v": true
                                                },
                                                {
                                                  "k": "grow",
                                                  "v": 1
                                                }
                                              ],
                                              "type": "ComponentInfo"
                                            },
                                            {
                                              "class": "Dropdown",
                                              "key": "21_108876875",
                                              "propList": [
                                                {
                                                  "k": "styleMap",
                                                  "v": {
                                                    "name": "styleMap",
                                                    "properties": [
                                                      {
                                                        "name": "margin-left",
                                                        "value": "24px"
                                                      },
                                                      {
                                                        "name": "margin-right",
                                                        "value": "18px"
                                                      },
                                                      {
                                                        "name": "margin-top",
                                                        "value": "16px"
                                                      },
                                                      {
                                                        "name": "margin-bottom",
                                                        "value": "16px"
                                                      }
                                                    ],
                                                    "type": "PropertyMap[styleMap]"
                                                  }
                                                },
                                                {
                                                  "k": "width",
                                                  "v": 150
                                                },
                                                {
                                                  "k": "height",
                                                  "v": 32
                                                },
                                                {
                                                  "k": "name",
                                                  "v": "Field20"
                                                },
                                                {
                                                  "k": "bindings",
                                                  "v": {
                                                    "list": [
                                                      {
                                                        "sourceExpression": "value",
                                                        "targetExpression": "@datasource.item.g7xbFb5RR7SAVqxV",
                                                        "targetLiteralExpression": "@datasource.item.KPI",
                                                        "type": "BindingInfo"
                                                      },
                                                      {
                                                        "sourceExpression": "options",
                                                        "targetExpression": "@datasource.model.fields.g7xbFb5RR7SAVqxV.possibleValues",
                                                        "targetLiteralExpression": "@datasource.model.fields.KPI.possibleValues",
                                                        "type": "BindingInfo"
                                                      }
                                                    ],
                                                    "type": "List[BindingInfo]"
                                                  }
                                                },
                                                {
                                                  "k": "label",
                                                  "v": ""
                                                },
                                                {
                                                  "k": "autoHeight",
                                                  "v": true
                                                }
                                              ],
                                              "type": "ComponentInfo"
                                            },
                                            {
                                              "class": "TextField",
                                              "key": "22_756668898",
                                              "propList": [
                                                {
                                                  "k": "styleMap",
                                                  "v": {
                                                    "name": "styleMap",
                                                    "properties": [
                                                      {
                                                        "name": "margin-left",
                                                        "value": "18px"
                                                      },
                                                      {
                                                        "name": "margin-right",
                                                        "value": "18px"
                                                      },
                                                      {
                                                        "name": "margin-top",
                                                        "value": "16px"
                                                      },
                                                      {
                                                        "name": "margin-bottom",
                                                        "value": "16px"
                                                      }
                                                    ],
                                                    "type": "PropertyMap[styleMap]"
                                                  }
                                                },
                                                {
                                                  "k": "width",
                                                  "v": 60
                                                },
                                                {
                                                  "k": "height",
                                                  "v": 32
                                                },
                                                {
                                                  "k": "name",
                                                  "v": "Field19"
                                                },
                                                {
                                                  "k": "bindings",
                                                  "v": {
                                                    "list": [{
                                                      "sourceExpression": "value",
                                                      "targetExpression": "@datasource.item.UBb3CXLP2uYpB4yH",
                                                      "targetLiteralExpression": "@datasource.item.CurrentScore",
                                                      "type": "BindingInfo"
                                                    }],
                                                    "type": "List[BindingInfo]"
                                                  }
                                                },
                                                {
                                                  "k": "label",
                                                  "v": ""
                                                },
                                                {
                                                  "k": "autoHeight",
                                                  "v": true
                                                }
                                              ],
                                              "type": "ComponentInfo"
                                            },
                                            {
                                              "class": "TextField",
                                              "key": "23_491217630",
                                              "propList": [
                                                {
                                                  "k": "styleMap",
                                                  "v": {
                                                    "name": "styleMap",
                                                    "properties": [
                                                      {
                                                        "name": "margin-left",
                                                        "value": "18px"
                                                      },
                                                      {
                                                        "name": "margin-right",
                                                        "value": "18px"
                                                      },
                                                      {
                                                        "name": "margin-top",
                                                        "value": "16px"
                                                      },
                                                      {
                                                        "name": "margin-bottom",
                                                        "value": "16px"
                                                      }
                                                    ],
                                                    "type": "PropertyMap[styleMap]"
                                                  }
                                                },
                                                {
                                                  "k": "width",
                                                  "v": 100
                                                },
                                                {
                                                  "k": "height",
                                                  "v": 32
                                                },
                                                {
                                                  "k": "name",
                                                  "v": "Field18"
                                                },
                                                {
                                                  "k": "bindings",
                                                  "v": {
                                                    "list": [{
                                                      "sourceExpression": "value",
                                                      "targetExpression": "@datasource.item.bOse8xkPf2NqcBBw",
                                                      "targetLiteralExpression": "@datasource.item.Prep1",
                                                      "type": "BindingInfo"
                                                    }],
                                                    "type": "List[BindingInfo]"
                                                  }
                                                },
                                                {
                                                  "k": "label",
                                                  "v": ""
                                                },
                                                {
                                                  "k": "autoWidth",
                                                  "v": true
                                                },
                                                {
                                                  "k": "autoHeight",
                                                  "v": true
                                                },
                                                {
                                                  "k": "grow",
                                                  "v": 1
                                                }
                                              ],
                                              "type": "ComponentInfo"
                                            },
                                            {
                                              "class": "TextField",
                                              "key": "24_1034966661",
                                              "propList": [
                                                {
                                                  "k": "styleMap",
                                                  "v": {
                                                    "name": "styleMap",
                                                    "properties": [
                                                      {
                                                        "name": "margin-left",
                                                        "value": "18px"
                                                      },
                                                      {
                                                        "name": "margin-right",
                                                        "value": "18px"
                                                      },
                                                      {
                                                        "name": "margin-top",
                                                        "value": "16px"
                                                      },
                                                      {
                                                        "name": "margin-bottom",
                                                        "value": "16px"
                                                      }
                                                    ],
                                                    "type": "PropertyMap[styleMap]"
                                                  }
                                                },
                                                {
                                                  "k": "width",
                                                  "v": 100
                                                },
                                                {
                                                  "k": "height",
                                                  "v": 32
                                                },
                                                {
                                                  "k": "name",
                                                  "v": "Field17"
                                                },
                                                {
                                                  "k": "bindings",
                                                  "v": {
                                                    "list": [{
                                                      "sourceExpression": "value",
                                                      "targetExpression": "@datasource.item.l6VXy8Lu5UaFZ4rz",
                                                      "targetLiteralExpression": "@datasource.item.Prep2",
                                                      "type": "BindingInfo"
                                                    }],
                                                    "type": "List[BindingInfo]"
                                                  }
                                                },
                                                {
                                                  "k": "label",
                                                  "v": ""
                                                },
                                                {
                                                  "k": "autoWidth",
                                                  "v": true
                                                },
                                                {
                                                  "k": "autoHeight",
                                                  "v": true
                                                },
                                                {
                                                  "k": "grow",
                                                  "v": 1
                                                }
                                              ],
                                              "type": "ComponentInfo"
                                            },
                                            {
                                              "class": "TextField",
                                              "key": "25_552965525",
                                              "propList": [
                                                {
                                                  "k": "styleMap",
                                                  "v": {
                                                    "name": "styleMap",
                                                    "properties": [
                                                      {
                                                        "name": "margin-left",
                                                        "value": "18px"
                                                      },
                                                      {
                                                        "name": "margin-right",
                                                        "value": "18px"
                                                      },
                                                      {
                                                        "name": "margin-top",
                                                        "value": "16px"
                                                      },
                                                      {
                                                        "name": "margin-bottom",
                                                        "value": "16px"
                                                      }
                                                    ],
                                                    "type": "PropertyMap[styleMap]"
                                                  }
                                                },
                                                {
                                                  "k": "width",
                                                  "v": 100
                                                },
                                                {
                                                  "k": "height",
                                                  "v": 32
                                                },
                                                {
                                                  "k": "name",
                                                  "v": "Field15"
                                                },
                                                {
                                                  "k": "bindings",
                                                  "v": {
                                                    "list": [{
                                                      "sourceExpression": "value",
                                                      "targetExpression": "@datasource.item.I4KpK1PS9VZLPaVV",
                                                      "targetLiteralExpression": "@datasource.item.Timestamp",
                                                      "type": "BindingInfo"
                                                    }],
                                                    "type": "List[BindingInfo]"
                                                  }
                                                },
                                                {
                                                  "k": "label",
                                                  "v": ""
                                                },
                                                {
                                                  "k": "autoWidth",
                                                  "v": true
                                                },
                                                {
                                                  "k": "autoHeight",
                                                  "v": true
                                                },
                                                {
                                                  "k": "grow",
                                                  "v": 1
                                                }
                                              ],
                                              "type": "ComponentInfo"
                                            },
                                            {
                                              "class": "SimpleButton",
                                              "key": "26_2132029374",
                                              "propList": [
                                                {
                                                  "k": "styleMap",
                                                  "v": {
                                                    "name": "styleMap",
                                                    "properties": [{
                                                      "name": "margin-right",
                                                      "value": "24px"
                                                    }],
                                                    "type": "PropertyMap[styleMap]"
                                                  }
                                                },
                                                {
                                                  "k": "width",
                                                  "v": 92
                                                },
                                                {
                                                  "k": "height",
                                                  "v": 36
                                                },
                                                {
                                                  "k": "name",
                                                  "v": "DeleteButton1"
                                                },
                                                {
                                                  "k": "variant",
                                                  "v": "Icon"
                                                },
                                                {
                                                  "k": "text",
                                                  "v": "Delete"
                                                },
                                                {
                                                  "k": "title",
                                                  "v": "Delete"
                                                },
                                                {
                                                  "k": "ariaLabel",
                                                  "v": "Delete table row"
                                                },
                                                {
                                                  "k": "action",
                                                  "v": "widget.datasource.deleteItem();"
                                                },
                                                {
                                                  "k": "constrain_right",
                                                  "v": true
                                                },
                                                {
                                                  "k": "constrain_left",
                                                  "v": false
                                                },
                                                {
                                                  "k": "right",
                                                  "v": 8
                                                },
                                                {
                                                  "k": "top",
                                                  "v": 6
                                                },
                                                {
                                                  "k": "left",
                                                  "v": 1178
                                                },
                                                {
                                                  "k": "autoHeight",
                                                  "v": true
                                                },
                                                {
                                                  "k": "autoWidth",
                                                  "v": true
                                                },
                                                {
                                                  "k": "styles",
                                                  "v": {
                                                    "list": ["visibleOnAncestorHover"],
                                                    "type": "List[String]"
                                                  }
                                                }
                                              ],
                                              "type": "ComponentInfo"
                                            }
                                          ],
                                          "type": "List[ComponentInfo]"
                                        }
                                      },
                                      {
                                        "k": "constrain_left",
                                        "v": true
                                      },
                                      {
                                        "k": "constrain_right",
                                        "v": true
                                      },
                                      {
                                        "k": "constrain_width",
                                        "v": false
                                      },
                                      {
                                        "k": "constrain_minWidth",
                                        "v": false
                                      },
                                      {
                                        "k": "constrain_maxWidth",
                                        "v": false
                                      },
                                      {
                                        "k": "constrain_top",
                                        "v": true
                                      },
                                      {
                                        "k": "constrain_bottom",
                                        "v": false
                                      },
                                      {
                                        "k": "constrain_height",
                                        "v": true
                                      },
                                      {
                                        "k": "constrain_minHeight",
                                        "v": false
                                      },
                                      {
                                        "k": "constrain_maxHeight",
                                        "v": false
                                      },
                                      {
                                        "k": "left",
                                        "v": -2
                                      },
                                      {
                                        "k": "top",
                                        "v": 0
                                      },
                                      {
                                        "k": "width",
                                        "v": 1326
                                      },
                                      {
                                        "k": "name",
                                        "v": "Panel5"
                                      },
                                      {
                                        "k": "editorHidden",
                                        "v": false
                                      },
                                      {
                                        "k": "right",
                                        "v": 157
                                      },
                                      {
                                        "k": "bottom",
                                        "v": 0
                                      },
                                      {
                                        "k": "wrap",
                                        "v": "nowrap"
                                      },
                                      {
                                        "k": "justify",
                                        "v": "start"
                                      }
                                    ],
                                    "type": "ComponentInfo"
                                  }],
                                  "type": "List[ComponentInfo]"
                                }
                              },
                              {
                                "k": "editorHidden",
                                "v": false
                              },
                              {
                                "k": "right",
                                "v": 1443
                              },
                              {
                                "k": "bottom",
                                "v": 233
                              }
                            ],
                            "type": "ComponentInfo"
                          },
                          {
                            "class": "Panel",
                            "key": "27_1536771068",
                            "propList": [
                              {
                                "k": "styleMap",
                                "v": {
                                  "name": "styleMap",
                                  "properties": [],
                                  "type": "PropertyMap[styleMap]"
                                }
                              },
                              {
                                "k": "height",
                                "v": 100
                              },
                              {
                                "k": "autoWidth",
                                "v": true
                              },
                              {
                                "k": "align",
                                "v": "stretch"
                              },
                              {
                                "k": "name",
                                "v": "Accordion1Detail"
                              },
                              {
                                "k": "styleDescriptorName",
                                "v": "AccordionDetail"
                              },
                              {
                                "k": "suffixName",
                                "v": "Detail"
                              }
                            ],
                            "type": "ComponentInfo"
                          }
                        ],
                        "type": "List[ComponentInfo]"
                      }
                    },
                    {
                      "k": "detailPrototype",
                      "v": {
                        "appKey": "27_1536771068",
                        "type": "AppChildKey"
                      }
                    },
                    {
                      "k": "width",
                      "v": 1460
                    },
                    {
                      "k": "height",
                      "v": 300
                    },
                    {
                      "k": "name",
                      "v": "Accordion1"
                    },
                    {
                      "k": "left",
                      "v": 0
                    },
                    {
                      "k": "top",
                      "v": 0
                    },
                    {
                      "k": "right",
                      "v": 0
                    },
                    {
                      "k": "bottom",
                      "v": 0
                    },
                    {
                      "k": "autoWidth",
                      "v": true
                    },
                    {
                      "k": "align",
                      "v": "stretch"
                    },
                    {
                      "k": "autoHeight",
                      "v": false
                    }
                  ],
                  "type": "ComponentInfo"
                }],
                "type": "List[ComponentInfo]"
              }
            },
            {
              "k": "constrain_left",
              "v": true
            },
            {
              "k": "constrain_right",
              "v": false
            },
            {
              "k": "constrain_width",
              "v": true
            },
            {
              "k": "constrain_minWidth",
              "v": false
            },
            {
              "k": "constrain_maxWidth",
              "v": false
            },
            {
              "k": "constrain_top",
              "v": true
            },
            {
              "k": "constrain_bottom",
              "v": false
            },
            {
              "k": "constrain_height",
              "v": true
            },
            {
              "k": "constrain_minHeight",
              "v": false
            },
            {
              "k": "constrain_maxHeight",
              "v": false
            },
            {
              "k": "editorHidden",
              "v": false
            }
          ],
          "type": "ComponentInfo"
        }],
        "type": "List[ComponentInfo]"
      }
    },
    {
      "k": "bindings",
      "v": {
        "list": [{
          "sourceExpression": "_dataSource",
          "targetExpression": "@datasources.NciviKiOhwAjKgDIzuNsDsU1gWHFow34",
          "targetLiteralExpression": "@datasources.Preps",
          "type": "BindingInfo"
        }],
        "type": "List[BindingInfo]"
      }
    }
  ],
  "type": "ComponentInfo"
}