{
  "class": "Panel",
  "key": "EgFPSDvV8DjRyyptvILaG5UZzorhtCUg",
  "permission": {
    "name": "canRead",
    "type": "compoundEveryone"
  },
  "propList": [
    {
      "k": "styleMap",
      "v": {
        "name": "styleMap",
        "properties": [],
        "type": "PropertyMap[styleMap]"
      }
    },
    {
      "k": "width",
      "v": 1600
    },
    {
      "k": "height",
      "v": 960
    },
    {
      "k": "name",
      "v": "PagePreps"
    },
    {
      "k": "variant",
      "v": "Background"
    },
    {
      "k": "top",
      "v": 4
    },
    {
      "k": "left",
      "v": 4
    },
    {
      "k": "children",
      "v": {
        "list": [{
          "class": "Panel",
          "key": "0_799161561",
          "propList": [
            {
              "k": "styleMap",
              "v": {
                "name": "styleMap",
                "properties": [],
                "type": "PropertyMap[styleMap]"
              }
            },
            {
              "k": "width",
              "v": 1338
            },
            {
              "k": "height",
              "v": 582
            },
            {
              "k": "name",
              "v": "Table1Panel"
            },
            {
              "k": "layout",
              "v": "vertical"
            },
            {
              "k": "suffixName",
              "v": "Panel"
            },
            {
              "k": "bindings",
              "v": {
                "list": [{
                  "sourceExpression": "_dataSource",
                  "targetExpression": "@datasources.lCF34kS8Esvz3NysTBbaC5x1zNSrINCW",
                  "targetLiteralExpression": "@datasources.AllPreps",
                  "type": "BindingInfo"
                }],
                "type": "List[BindingInfo]"
              }
            },
            {
              "k": "variant",
              "v": "Paper"
            },
            {
              "k": "children",
              "v": {
                "list": [
                  {
                    "class": "Panel",
                    "key": "0_1279094994",
                    "propList": [
                      {
                        "k": "styleMap",
                        "v": {
                          "name": "styleMap",
                          "properties": [],
                          "type": "PropertyMap[styleMap]"
                        }
                      },
                      {
                        "k": "width",
                        "v": 1318
                      },
                      {
                        "k": "height",
                        "v": 530
                      },
                      {
                        "k": "name",
                        "v": "Table1"
                      },
                      {
                        "k": "layout",
                        "v": "vertical"
                      },
                      {
                        "k": "onLoad",
                        "v": "// GENERATED CODE: modify at your own risk\nwindow._am \u003d window._am || {};\nif (!window._am.TableState) {\n  window._am.TableState \u003d {};\n  window._am.inFlight \u003d false;\n}\nif (!window._am.sortTableBy) {\n  window._am.sortTableBy \u003d function(datasource, fieldPathSegments, fieldHeader, tableState) {\n    if (!(fieldPathSegments instanceof Array) || (fieldPathSegments.length \u003d\u003d 0)) {\n      throw \"Can\u0027t sort the table because specified field was not found.\";\n    }\n    tableState.inFlight \u003d true;\n    var sortingQuery \u003d datasource.query.sorting;\n    var fieldName \u003d \"\";\n    for (var i \u003d 0, len \u003d fieldPathSegments.length; i \u003c len; i++) {\n      if (fieldPathSegments[i] \u0026\u0026 fieldPathSegments[i].name) {\n        if (sortingQuery[fieldPathSegments[i].name]) {\n          sortingQuery \u003d sortingQuery[fieldPathSegments[i].name];\n          fieldName +\u003d i \u003d\u003d 0 ? fieldPathSegments[i].name : \".\" + fieldPathSegments[i].name;\n        } else {\n          throw \"Can\u0027t sort the table because specified field was not found.\";\n        }\n      } else {\n        throw \"Can\u0027t sort the table because specified field was not found.\";\n      }\n    }\n    if (tableState.sortByField \u003d\u003d\u003d fieldName) {\n      tableState.ascending \u003d !tableState.ascending;\n    } else {\n      if (tableState.fieldHeader) {\n        tableState.fieldHeader.text \u003d tableState.fieldHeaderText;\n        tableState.fieldHeader.ariaLabel \u003d \"\";\n      }\n      tableState.sortByField \u003d fieldName;\n      tableState.ascending \u003d true;\n      tableState.fieldHeader \u003d fieldHeader;\n      tableState.fieldHeaderText \u003d fieldHeader.text;\n    }\n    datasource.query.clearSorting();\n    var sortDirection \u003d tableState.ascending ? \"ascending\" : \"descending\";\n    sortingQuery[\"_\" + sortDirection]();\n    datasource.query.pageIndex \u003d 1;\n    datasource.load(function() {\n      tableState.inFlight \u003d false;\n      fieldHeader.text \u003d fieldHeader.text.replace(/ (\\u25B2|\\u25BC)/g, \"\");\n      if (tableState.sortByField \u003d\u003d\u003d fieldName) {\n        fieldHeader.ariaLabel \u003d fieldHeader.text + \" sort \" + sortDirection;\n        fieldHeader.text \u003d fieldHeader.text + (tableState.ascending ? \" \\u25B2\" : \" \\u25BC\");\n        app.accessibility.announce(fieldHeader.ariaLabel);\n      }\n    });\n  };\n}\n"
                      },
                      {
                        "k": "styles",
                        "v": {
                          "list": ["app-ListTable"],
                          "type": "List[String]"
                        }
                      },
                      {
                        "k": "children",
                        "v": {
                          "list": [
                            {
                              "class": "Panel",
                              "key": "0_866599988",
                              "propList": [
                                {
                                  "k": "styleMap",
                                  "v": {
                                    "name": "styleMap",
                                    "properties": [],
                                    "type": "PropertyMap[styleMap]"
                                  }
                                },
                                {
                                  "k": "width",
                                  "v": 200
                                },
                                {
                                  "k": "height",
                                  "v": 200
                                },
                                {
                                  "k": "name",
                                  "v": "Table1Header"
                                },
                                {
                                  "k": "layout",
                                  "v": "horizontal"
                                },
                                {
                                  "k": "autoWidth",
                                  "v": true
                                },
                                {
                                  "k": "align",
                                  "v": "stretch"
                                },
                                {
                                  "k": "autoHeight",
                                  "v": true
                                },
                                {
                                  "k": "alignChildren",
                                  "v": "center"
                                },
                                {
                                  "k": "suffixName",
                                  "v": "Header"
                                },
                                {
                                  "k": "styles",
                                  "v": {
                                    "list": ["app-ListTableHeaderPanel"],
                                    "type": "List[String]"
                                  }
                                },
                                {
                                  "k": "children",
                                  "v": {
                                    "list": [
                                      {
                                        "class": "Anchor",
                                        "key": "0_655215207",
                                        "propList": [
                                          {
                                            "k": "styleMap",
                                            "v": {
                                              "name": "styleMap",
                                              "properties": [
                                                {
                                                  "name": "margin-left",
                                                  "value": "24px"
                                                },
                                                {
                                                  "name": "margin-right",
                                                  "value": "18px"
                                                },
                                                {
                                                  "name": "margin-top",
                                                  "value": "16px"
                                                },
                                                {
                                                  "name": "margin-bottom",
                                                  "value": "16px"
                                                }
                                              ],
                                              "type": "PropertyMap[styleMap]"
                                            }
                                          },
                                          {
                                            "k": "width",
                                            "v": 150
                                          },
                                          {
                                            "k": "height",
                                            "v": 20
                                          },
                                          {
                                            "k": "name",
                                            "v": "Table1KPIHeader"
                                          },
                                          {
                                            "k": "suffixName",
                                            "v": "KPIHeader"
                                          },
                                          {
                                            "k": "action",
                                            "v": "// GENERATED CODE: modify at your own risk\nwindow._am.sortTableBy(widget.datasource, [widget.datasource.model.fields.KPI], widget, window._am.TableState);"
                                          },
                                          {
                                            "k": "text",
                                            "v": "KPI"
                                          },
                                          {
                                            "k": "bindings",
                                            "v": {
                                              "list": [{
                                                "sourceExpression": "text",
                                                "targetExpression": "@models.mbCFFZ4bH8AGYvbktZhIzTELfEHJ2Mtw.fields.g7xbFb5RR7SAVqxV.displayName",
                                                "targetLiteralExpression": "@models.Preps.fields.KPI.displayName",
                                                "type": "BindingInfo"
                                              }],
                                              "type": "List[BindingInfo]"
                                            }
                                          },
                                          {
                                            "k": "autoHeight",
                                            "v": true
                                          },
                                          {
                                            "k": "styles",
                                            "v": {
                                              "list": ["app-ListTableHeader"],
                                              "type": "List[String]"
                                            }
                                          }
                                        ],
                                        "type": "ComponentInfo"
                                      },
                                      {
                                        "class": "Anchor",
                                        "key": "0_1851987670",
                                        "propList": [
                                          {
                                            "k": "styleMap",
                                            "v": {
                                              "name": "styleMap",
                                              "properties": [
                                                {
                                                  "name": "margin-left",
                                                  "value": "18px"
                                                },
                                                {
                                                  "name": "margin-right",
                                                  "value": "18px"
                                                },
                                                {
                                                  "name": "margin-top",
                                                  "value": "16px"
                                                },
                                                {
                                                  "name": "margin-bottom",
                                                  "value": "16px"
                                                }
                                              ],
                                              "type": "PropertyMap[styleMap]"
                                            }
                                          },
                                          {
                                            "k": "width",
                                            "v": 60
                                          },
                                          {
                                            "k": "height",
                                            "v": 20
                                          },
                                          {
                                            "k": "name",
                                            "v": "Table1CurrentScoreHeader"
                                          },
                                          {
                                            "k": "suffixName",
                                            "v": "CurrentScoreHeader"
                                          },
                                          {
                                            "k": "action",
                                            "v": "// GENERATED CODE: modify at your own risk\nwindow._am.sortTableBy(widget.datasource, [widget.datasource.model.fields.CurrentScore], widget, window._am.TableState);"
                                          },
                                          {
                                            "k": "text",
                                            "v": "Current Score"
                                          },
                                          {
                                            "k": "bindings",
                                            "v": {
                                              "list": [{
                                                "sourceExpression": "text",
                                                "targetExpression": "@models.mbCFFZ4bH8AGYvbktZhIzTELfEHJ2Mtw.fields.UBb3CXLP2uYpB4yH.displayName",
                                                "targetLiteralExpression": "@models.Preps.fields.CurrentScore.displayName",
                                                "type": "BindingInfo"
                                              }],
                                              "type": "List[BindingInfo]"
                                            }
                                          },
                                          {
                                            "k": "autoHeight",
                                            "v": true
                                          },
                                          {
                                            "k": "styles",
                                            "v": {
                                              "list": ["app-ListTableHeader"],
                                              "type": "List[String]"
                                            }
                                          }
                                        ],
                                        "type": "ComponentInfo"
                                      },
                                      {
                                        "class": "Anchor",
                                        "key": "0_1931393924",
                                        "propList": [
                                          {
                                            "k": "styleMap",
                                            "v": {
                                              "name": "styleMap",
                                              "properties": [
                                                {
                                                  "name": "margin-left",
                                                  "value": "18px"
                                                },
                                                {
                                                  "name": "margin-right",
                                                  "value": "18px"
                                                },
                                                {
                                                  "name": "margin-top",
                                                  "value": "16px"
                                                },
                                                {
                                                  "name": "margin-bottom",
                                                  "value": "16px"
                                                }
                                              ],
                                              "type": "PropertyMap[styleMap]"
                                            }
                                          },
                                          {
                                            "k": "width",
                                            "v": 100
                                          },
                                          {
                                            "k": "height",
                                            "v": 20
                                          },
                                          {
                                            "k": "name",
                                            "v": "Table1Prep1Header"
                                          },
                                          {
                                            "k": "suffixName",
                                            "v": "Prep1Header"
                                          },
                                          {
                                            "k": "action",
                                            "v": "// GENERATED CODE: modify at your own risk\nwindow._am.sortTableBy(widget.datasource, [widget.datasource.model.fields.Prep1], widget, window._am.TableState);"
                                          },
                                          {
                                            "k": "text",
                                            "v": "Prep 1"
                                          },
                                          {
                                            "k": "bindings",
                                            "v": {
                                              "list": [{
                                                "sourceExpression": "text",
                                                "targetExpression": "@models.mbCFFZ4bH8AGYvbktZhIzTELfEHJ2Mtw.fields.bOse8xkPf2NqcBBw.displayName",
                                                "targetLiteralExpression": "@models.Preps.fields.Prep1.displayName",
                                                "type": "BindingInfo"
                                              }],
                                              "type": "List[BindingInfo]"
                                            }
                                          },
                                          {
                                            "k": "autoWidth",
                                            "v": true
                                          },
                                          {
                                            "k": "autoHeight",
                                            "v": true
                                          },
                                          {
                                            "k": "grow",
                                            "v": 1
                                          },
                                          {
                                            "k": "styles",
                                            "v": {
                                              "list": ["app-ListTableHeader"],
                                              "type": "List[String]"
                                            }
                                          }
                                        ],
                                        "type": "ComponentInfo"
                                      },
                                      {
                                        "class": "Anchor",
                                        "key": "0_509109981",
                                        "propList": [
                                          {
                                            "k": "styleMap",
                                            "v": {
                                              "name": "styleMap",
                                              "properties": [
                                                {
                                                  "name": "margin-left",
                                                  "value": "18px"
                                                },
                                                {
                                                  "name": "margin-right",
                                                  "value": "18px"
                                                },
                                                {
                                                  "name": "margin-top",
                                                  "value": "16px"
                                                },
                                                {
                                                  "name": "margin-bottom",
                                                  "value": "16px"
                                                }
                                              ],
                                              "type": "PropertyMap[styleMap]"
                                            }
                                          },
                                          {
                                            "k": "width",
                                            "v": 100
                                          },
                                          {
                                            "k": "height",
                                            "v": 20
                                          },
                                          {
                                            "k": "name",
                                            "v": "Table1Prep2Header"
                                          },
                                          {
                                            "k": "suffixName",
                                            "v": "Prep2Header"
                                          },
                                          {
                                            "k": "action",
                                            "v": "// GENERATED CODE: modify at your own risk\nwindow._am.sortTableBy(widget.datasource, [widget.datasource.model.fields.Prep2], widget, window._am.TableState);"
                                          },
                                          {
                                            "k": "text",
                                            "v": "Prep 2"
                                          },
                                          {
                                            "k": "bindings",
                                            "v": {
                                              "list": [{
                                                "sourceExpression": "text",
                                                "targetExpression": "@models.mbCFFZ4bH8AGYvbktZhIzTELfEHJ2Mtw.fields.l6VXy8Lu5UaFZ4rz.displayName",
                                                "targetLiteralExpression": "@models.Preps.fields.Prep2.displayName",
                                                "type": "BindingInfo"
                                              }],
                                              "type": "List[BindingInfo]"
                                            }
                                          },
                                          {
                                            "k": "autoWidth",
                                            "v": true
                                          },
                                          {
                                            "k": "autoHeight",
                                            "v": true
                                          },
                                          {
                                            "k": "grow",
                                            "v": 1
                                          },
                                          {
                                            "k": "styles",
                                            "v": {
                                              "list": ["app-ListTableHeader"],
                                              "type": "List[String]"
                                            }
                                          }
                                        ],
                                        "type": "ComponentInfo"
                                      },
                                      {
                                        "class": "Anchor",
                                        "key": "0_1835198643",
                                        "propList": [
                                          {
                                            "k": "styleMap",
                                            "v": {
                                              "name": "styleMap",
                                              "properties": [
                                                {
                                                  "name": "margin-left",
                                                  "value": "18px"
                                                },
                                                {
                                                  "name": "margin-right",
                                                  "value": "18px"
                                                },
                                                {
                                                  "name": "margin-top",
                                                  "value": "16px"
                                                },
                                                {
                                                  "name": "margin-bottom",
                                                  "value": "16px"
                                                }
                                              ],
                                              "type": "PropertyMap[styleMap]"
                                            }
                                          },
                                          {
                                            "k": "width",
                                            "v": 100
                                          },
                                          {
                                            "k": "height",
                                            "v": 20
                                          },
                                          {
                                            "k": "name",
                                            "v": "Table1DateHeader"
                                          },
                                          {
                                            "k": "suffixName",
                                            "v": "DateHeader"
                                          },
                                          {
                                            "k": "action",
                                            "v": "// GENERATED CODE: modify at your own risk\nwindow._am.sortTableBy(widget.datasource, [widget.datasource.model.fields.Date], widget, window._am.TableState);"
                                          },
                                          {
                                            "k": "text",
                                            "v": "Date"
                                          },
                                          {
                                            "k": "bindings",
                                            "v": {
                                              "list": [{
                                                "sourceExpression": "text",
                                                "targetExpression": "@models.mbCFFZ4bH8AGYvbktZhIzTELfEHJ2Mtw.fields.ivPsBJP09jITKt6p.displayName",
                                                "targetLiteralExpression": "@models.Preps.fields.Date.displayName",
                                                "type": "BindingInfo"
                                              }],
                                              "type": "List[BindingInfo]"
                                            }
                                          },
                                          {
                                            "k": "autoHeight",
                                            "v": true
                                          },
                                          {
                                            "k": "styles",
                                            "v": {
                                              "list": ["app-ListTableHeader"],
                                              "type": "List[String]"
                                            }
                                          }
                                        ],
                                        "type": "ComponentInfo"
                                      },
                                      {
                                        "class": "Anchor",
                                        "key": "0_1100185373",
                                        "propList": [
                                          {
                                            "k": "styleMap",
                                            "v": {
                                              "name": "styleMap",
                                              "properties": [
                                                {
                                                  "name": "margin-left",
                                                  "value": "18px"
                                                },
                                                {
                                                  "name": "margin-right",
                                                  "value": "18px"
                                                },
                                                {
                                                  "name": "margin-top",
                                                  "value": "16px"
                                                },
                                                {
                                                  "name": "margin-bottom",
                                                  "value": "16px"
                                                }
                                              ],
                                              "type": "PropertyMap[styleMap]"
                                            }
                                          },
                                          {
                                            "k": "width",
                                            "v": 100
                                          },
                                          {
                                            "k": "height",
                                            "v": 20
                                          },
                                          {
                                            "k": "name",
                                            "v": "Table1TimestampHeader"
                                          },
                                          {
                                            "k": "suffixName",
                                            "v": "TimestampHeader"
                                          },
                                          {
                                            "k": "action",
                                            "v": "// GENERATED CODE: modify at your own risk\nwindow._am.sortTableBy(widget.datasource, [widget.datasource.model.fields.Timestamp], widget, window._am.TableState);"
                                          },
                                          {
                                            "k": "text",
                                            "v": "Timestamp"
                                          },
                                          {
                                            "k": "bindings",
                                            "v": {
                                              "list": [{
                                                "sourceExpression": "text",
                                                "targetExpression": "@models.mbCFFZ4bH8AGYvbktZhIzTELfEHJ2Mtw.fields.I4KpK1PS9VZLPaVV.displayName",
                                                "targetLiteralExpression": "@models.Preps.fields.Timestamp.displayName",
                                                "type": "BindingInfo"
                                              }],
                                              "type": "List[BindingInfo]"
                                            }
                                          },
                                          {
                                            "k": "autoWidth",
                                            "v": true
                                          },
                                          {
                                            "k": "autoHeight",
                                            "v": true
                                          },
                                          {
                                            "k": "grow",
                                            "v": 1
                                          },
                                          {
                                            "k": "styles",
                                            "v": {
                                              "list": ["app-ListTableHeader"],
                                              "type": "List[String]"
                                            }
                                          }
                                        ],
                                        "type": "ComponentInfo"
                                      },
                                      {
                                        "class": "Anchor",
                                        "key": "0_595147426",
                                        "propList": [
                                          {
                                            "k": "styleMap",
                                            "v": {
                                              "name": "styleMap",
                                              "properties": [
                                                {
                                                  "name": "margin-left",
                                                  "value": "18px"
                                                },
                                                {
                                                  "name": "margin-right",
                                                  "value": "18px"
                                                },
                                                {
                                                  "name": "margin-top",
                                                  "value": "16px"
                                                },
                                                {
                                                  "name": "margin-bottom",
                                                  "value": "16px"
                                                }
                                              ],
                                              "type": "PropertyMap[styleMap]"
                                            }
                                          },
                                          {
                                            "k": "width",
                                            "v": 100
                                          },
                                          {
                                            "k": "height",
                                            "v": 20
                                          },
                                          {
                                            "k": "name",
                                            "v": "Table1relAgentsHeader"
                                          },
                                          {
                                            "k": "suffixName",
                                            "v": "relAgentsHeader"
                                          },
                                          {
                                            "k": "action",
                                            "v": "// GENERATED CODE: modify at your own risk\nwindow._am.sortTableBy(widget.datasource, [widget.datasource.relations.relAgents, widget.datasource.relations.relAgents.model.fields.Name], widget, window._am.TableState);"
                                          },
                                          {
                                            "k": "text",
                                            "v": "relAgents"
                                          },
                                          {
                                            "k": "autoWidth",
                                            "v": true
                                          },
                                          {
                                            "k": "autoHeight",
                                            "v": true
                                          },
                                          {
                                            "k": "grow",
                                            "v": 1
                                          },
                                          {
                                            "k": "styles",
                                            "v": {
                                              "list": ["app-ListTableHeader"],
                                              "type": "List[String]"
                                            }
                                          }
                                        ],
                                        "type": "ComponentInfo"
                                      },
                                      {
                                        "class": "LoadingIndicator",
                                        "key": "0_400161125",
                                        "propList": [
                                          {
                                            "k": "styleMap",
                                            "v": {
                                              "name": "styleMap",
                                              "properties": [],
                                              "type": "PropertyMap[styleMap]"
                                            }
                                          },
                                          {
                                            "k": "bindings",
                                            "v": {
                                              "list": [{
                                                "sourceExpression": "visible",
                                                "targetExpression": "@datasource.loading || @datasource.creating || @datasource.deleting",
                                                "targetLiteralExpression": "@datasource.loading || @datasource.creating || @datasource.deleting",
                                                "type": "BindingInfo"
                                              }],
                                              "type": "List[BindingInfo]"
                                            }
                                          },
                                          {
                                            "k": "width",
                                            "v": 22
                                          },
                                          {
                                            "k": "height",
                                            "v": 22
                                          },
                                          {
                                            "k": "name",
                                            "v": "Table1Spinner"
                                          },
                                          {
                                            "k": "invisibilityType",
                                            "v": "hidden"
                                          },
                                          {
                                            "k": "suffixName",
                                            "v": "Spinner"
                                          }
                                        ],
                                        "type": "ComponentInfo"
                                      }
                                    ],
                                    "type": "List[ComponentInfo]"
                                  }
                                }
                              ],
                              "type": "ComponentInfo"
                            },
                            {
                              "class": "ListPanel",
                              "key": "0_1798447440",
                              "propList": [
                                {
                                  "k": "styleMap",
                                  "v": {
                                    "name": "styleMap",
                                    "properties": [],
                                    "type": "PropertyMap[styleMap]"
                                  }
                                },
                                {
                                  "k": "prototype",
                                  "v": {
                                    "appKey": "1_2105213142",
                                    "type": "AppChildKey"
                                  }
                                },
                                {
                                  "k": "children",
                                  "v": {
                                    "list": [{
                                      "class": "Panel",
                                      "key": "1_2105213142",
                                      "propList": [
                                        {
                                          "k": "styleMap",
                                          "v": {
                                            "name": "styleMap",
                                            "properties": [],
                                            "type": "PropertyMap[styleMap]"
                                          }
                                        },
                                        {
                                          "k": "height",
                                          "v": 40
                                        },
                                        {
                                          "k": "autoWidth",
                                          "v": true
                                        },
                                        {
                                          "k": "align",
                                          "v": "stretch"
                                        },
                                        {
                                          "k": "name",
                                          "v": "Table1Row"
                                        },
                                        {
                                          "k": "styleDescriptorName",
                                          "v": "ListPanelRow"
                                        },
                                        {
                                          "k": "suffixName",
                                          "v": "Row"
                                        },
                                        {
                                          "k": "layout",
                                          "v": "horizontal"
                                        },
                                        {
                                          "k": "autoHeight",
                                          "v": true
                                        },
                                        {
                                          "k": "alignChildren",
                                          "v": "center"
                                        },
                                        {
                                          "k": "styles",
                                          "v": {
                                            "list": [
                                              "app-ListTableRow",
                                              "hoverAncestor"
                                            ],
                                            "type": "List[String]"
                                          }
                                        },
                                        {
                                          "k": "children",
                                          "v": {
                                            "list": [
                                              {
                                                "class": "Dropdown",
                                                "key": "0_1114595175",
                                                "propList": [
                                                  {
                                                    "k": "styleMap",
                                                    "v": {
                                                      "name": "styleMap",
                                                      "properties": [
                                                        {
                                                          "name": "margin-left",
                                                          "value": "24px"
                                                        },
                                                        {
                                                          "name": "margin-right",
                                                          "value": "18px"
                                                        },
                                                        {
                                                          "name": "margin-top",
                                                          "value": "16px"
                                                        },
                                                        {
                                                          "name": "margin-bottom",
                                                          "value": "16px"
                                                        }
                                                      ],
                                                      "type": "PropertyMap[styleMap]"
                                                    }
                                                  },
                                                  {
                                                    "k": "width",
                                                    "v": 150
                                                  },
                                                  {
                                                    "k": "height",
                                                    "v": 32
                                                  },
                                                  {
                                                    "k": "name",
                                                    "v": "Field7"
                                                  },
                                                  {
                                                    "k": "bindings",
                                                    "v": {
                                                      "list": [
                                                        {
                                                          "sourceExpression": "value",
                                                          "targetExpression": "@datasource.item.g7xbFb5RR7SAVqxV",
                                                          "targetLiteralExpression": "@datasource.item.KPI",
                                                          "type": "BindingInfo"
                                                        },
                                                        {
                                                          "sourceExpression": "options",
                                                          "targetExpression": "@datasource.model.fields.g7xbFb5RR7SAVqxV.possibleValues",
                                                          "targetLiteralExpression": "@datasource.model.fields.KPI.possibleValues",
                                                          "type": "BindingInfo"
                                                        }
                                                      ],
                                                      "type": "List[BindingInfo]"
                                                    }
                                                  },
                                                  {
                                                    "k": "label",
                                                    "v": ""
                                                  },
                                                  {
                                                    "k": "autoHeight",
                                                    "v": true
                                                  }
                                                ],
                                                "type": "ComponentInfo"
                                              },
                                              {
                                                "class": "TextField",
                                                "key": "0_1877633232",
                                                "propList": [
                                                  {
                                                    "k": "styleMap",
                                                    "v": {
                                                      "name": "styleMap",
                                                      "properties": [
                                                        {
                                                          "name": "margin-left",
                                                          "value": "18px"
                                                        },
                                                        {
                                                          "name": "margin-right",
                                                          "value": "18px"
                                                        },
                                                        {
                                                          "name": "margin-top",
                                                          "value": "16px"
                                                        },
                                                        {
                                                          "name": "margin-bottom",
                                                          "value": "16px"
                                                        }
                                                      ],
                                                      "type": "PropertyMap[styleMap]"
                                                    }
                                                  },
                                                  {
                                                    "k": "width",
                                                    "v": 60
                                                  },
                                                  {
                                                    "k": "height",
                                                    "v": 32
                                                  },
                                                  {
                                                    "k": "name",
                                                    "v": "Field6"
                                                  },
                                                  {
                                                    "k": "bindings",
                                                    "v": {
                                                      "list": [{
                                                        "sourceExpression": "value",
                                                        "targetExpression": "@datasource.item.UBb3CXLP2uYpB4yH",
                                                        "targetLiteralExpression": "@datasource.item.CurrentScore",
                                                        "type": "BindingInfo"
                                                      }],
                                                      "type": "List[BindingInfo]"
                                                    }
                                                  },
                                                  {
                                                    "k": "label",
                                                    "v": ""
                                                  },
                                                  {
                                                    "k": "autoHeight",
                                                    "v": true
                                                  }
                                                ],
                                                "type": "ComponentInfo"
                                              },
                                              {
                                                "class": "TextField",
                                                "key": "0_541088482",
                                                "propList": [
                                                  {
                                                    "k": "styleMap",
                                                    "v": {
                                                      "name": "styleMap",
                                                      "properties": [
                                                        {
                                                          "name": "margin-left",
                                                          "value": "18px"
                                                        },
                                                        {
                                                          "name": "margin-right",
                                                          "value": "18px"
                                                        },
                                                        {
                                                          "name": "margin-top",
                                                          "value": "16px"
                                                        },
                                                        {
                                                          "name": "margin-bottom",
                                                          "value": "16px"
                                                        }
                                                      ],
                                                      "type": "PropertyMap[styleMap]"
                                                    }
                                                  },
                                                  {
                                                    "k": "width",
                                                    "v": 100
                                                  },
                                                  {
                                                    "k": "height",
                                                    "v": 32
                                                  },
                                                  {
                                                    "k": "name",
                                                    "v": "Field5"
                                                  },
                                                  {
                                                    "k": "bindings",
                                                    "v": {
                                                      "list": [{
                                                        "sourceExpression": "value",
                                                        "targetExpression": "@datasource.item.bOse8xkPf2NqcBBw",
                                                        "targetLiteralExpression": "@datasource.item.Prep1",
                                                        "type": "BindingInfo"
                                                      }],
                                                      "type": "List[BindingInfo]"
                                                    }
                                                  },
                                                  {
                                                    "k": "label",
                                                    "v": ""
                                                  },
                                                  {
                                                    "k": "autoWidth",
                                                    "v": true
                                                  },
                                                  {
                                                    "k": "autoHeight",
                                                    "v": true
                                                  },
                                                  {
                                                    "k": "grow",
                                                    "v": 1
                                                  }
                                                ],
                                                "type": "ComponentInfo"
                                              },
                                              {
                                                "class": "TextField",
                                                "key": "0_990403747",
                                                "propList": [
                                                  {
                                                    "k": "styleMap",
                                                    "v": {
                                                      "name": "styleMap",
                                                      "properties": [
                                                        {
                                                          "name": "margin-left",
                                                          "value": "18px"
                                                        },
                                                        {
                                                          "name": "margin-right",
                                                          "value": "18px"
                                                        },
                                                        {
                                                          "name": "margin-top",
                                                          "value": "16px"
                                                        },
                                                        {
                                                          "name": "margin-bottom",
                                                          "value": "16px"
                                                        }
                                                      ],
                                                      "type": "PropertyMap[styleMap]"
                                                    }
                                                  },
                                                  {
                                                    "k": "width",
                                                    "v": 100
                                                  },
                                                  {
                                                    "k": "height",
                                                    "v": 32
                                                  },
                                                  {
                                                    "k": "name",
                                                    "v": "Field4"
                                                  },
                                                  {
                                                    "k": "bindings",
                                                    "v": {
                                                      "list": [{
                                                        "sourceExpression": "value",
                                                        "targetExpression": "@datasource.item.l6VXy8Lu5UaFZ4rz",
                                                        "targetLiteralExpression": "@datasource.item.Prep2",
                                                        "type": "BindingInfo"
                                                      }],
                                                      "type": "List[BindingInfo]"
                                                    }
                                                  },
                                                  {
                                                    "k": "label",
                                                    "v": ""
                                                  },
                                                  {
                                                    "k": "autoWidth",
                                                    "v": true
                                                  },
                                                  {
                                                    "k": "autoHeight",
                                                    "v": true
                                                  },
                                                  {
                                                    "k": "grow",
                                                    "v": 1
                                                  }
                                                ],
                                                "type": "ComponentInfo"
                                              },
                                              {
                                                "class": "DateTextBox",
                                                "key": "0_1561032119",
                                                "propList": [
                                                  {
                                                    "k": "styleMap",
                                                    "v": {
                                                      "name": "styleMap",
                                                      "properties": [
                                                        {
                                                          "name": "margin-left",
                                                          "value": "18px"
                                                        },
                                                        {
                                                          "name": "margin-right",
                                                          "value": "18px"
                                                        },
                                                        {
                                                          "name": "margin-top",
                                                          "value": "16px"
                                                        },
                                                        {
                                                          "name": "margin-bottom",
                                                          "value": "16px"
                                                        }
                                                      ],
                                                      "type": "PropertyMap[styleMap]"
                                                    }
                                                  },
                                                  {
                                                    "k": "width",
                                                    "v": 100
                                                  },
                                                  {
                                                    "k": "height",
                                                    "v": 32
                                                  },
                                                  {
                                                    "k": "name",
                                                    "v": "Field3"
                                                  },
                                                  {
                                                    "k": "bindings",
                                                    "v": {
                                                      "list": [{
                                                        "sourceExpression": "value",
                                                        "targetExpression": "@datasource.item.ivPsBJP09jITKt6p",
                                                        "targetLiteralExpression": "@datasource.item.Date",
                                                        "type": "BindingInfo"
                                                      }],
                                                      "type": "List[BindingInfo]"
                                                    }
                                                  },
                                                  {
                                                    "k": "label",
                                                    "v": ""
                                                  },
                                                  {
                                                    "k": "autoHeight",
                                                    "v": true
                                                  }
                                                ],
                                                "type": "ComponentInfo"
                                              },
                                              {
                                                "class": "TextField",
                                                "key": "0_1588980225",
                                                "propList": [
                                                  {
                                                    "k": "styleMap",
                                                    "v": {
                                                      "name": "styleMap",
                                                      "properties": [
                                                        {
                                                          "name": "margin-left",
                                                          "value": "18px"
                                                        },
                                                        {
                                                          "name": "margin-right",
                                                          "value": "18px"
                                                        },
                                                        {
                                                          "name": "margin-top",
                                                          "value": "16px"
                                                        },
                                                        {
                                                          "name": "margin-bottom",
                                                          "value": "16px"
                                                        }
                                                      ],
                                                      "type": "PropertyMap[styleMap]"
                                                    }
                                                  },
                                                  {
                                                    "k": "width",
                                                    "v": 100
                                                  },
                                                  {
                                                    "k": "height",
                                                    "v": 32
                                                  },
                                                  {
                                                    "k": "name",
                                                    "v": "Field2"
                                                  },
                                                  {
                                                    "k": "bindings",
                                                    "v": {
                                                      "list": [{
                                                        "sourceExpression": "value",
                                                        "targetExpression": "@datasource.item.I4KpK1PS9VZLPaVV",
                                                        "targetLiteralExpression": "@datasource.item.Timestamp",
                                                        "type": "BindingInfo"
                                                      }],
                                                      "type": "List[BindingInfo]"
                                                    }
                                                  },
                                                  {
                                                    "k": "label",
                                                    "v": ""
                                                  },
                                                  {
                                                    "k": "autoWidth",
                                                    "v": true
                                                  },
                                                  {
                                                    "k": "autoHeight",
                                                    "v": true
                                                  },
                                                  {
                                                    "k": "grow",
                                                    "v": 1
                                                  }
                                                ],
                                                "type": "ComponentInfo"
                                              },
                                              {
                                                "class": "Dropdown",
                                                "key": "0_1407865541",
                                                "propList": [
                                                  {
                                                    "k": "styleMap",
                                                    "v": {
                                                      "name": "styleMap",
                                                      "properties": [
                                                        {
                                                          "name": "margin-left",
                                                          "value": "18px"
                                                        },
                                                        {
                                                          "name": "margin-right",
                                                          "value": "18px"
                                                        },
                                                        {
                                                          "name": "margin-top",
                                                          "value": "16px"
                                                        },
                                                        {
                                                          "name": "margin-bottom",
                                                          "value": "16px"
                                                        }
                                                      ],
                                                      "type": "PropertyMap[styleMap]"
                                                    }
                                                  },
                                                  {
                                                    "k": "width",
                                                    "v": 150
                                                  },
                                                  {
                                                    "k": "height",
                                                    "v": 32
                                                  },
                                                  {
                                                    "k": "name",
                                                    "v": "Field1"
                                                  },
                                                  {
                                                    "k": "bindings",
                                                    "v": {
                                                      "list": [
                                                        {
                                                          "sourceExpression": "value",
                                                          "targetExpression": "@datasource.item._XmYzYwtXUNI9t8Lig2XRiNfbscOAjvpB",
                                                          "targetLiteralExpression": "@datasource.item.relAgents",
                                                          "type": "BindingInfo"
                                                        },
                                                        {
                                                          "sourceExpression": "options",
                                                          "targetExpression": "@datasources.JWP6h7Weln7yRLrWKlRqQ8ya7DyFIfjV_default.items",
                                                          "targetLiteralExpression": "@datasources.Agents.items",
                                                          "type": "BindingInfo"
                                                        }
                                                      ],
                                                      "type": "List[BindingInfo]"
                                                    }
                                                  },
                                                  {
                                                    "k": "autoWidth",
                                                    "v": true
                                                  },
                                                  {
                                                    "k": "autoHeight",
                                                    "v": true
                                                  },
                                                  {
                                                    "k": "grow",
                                                    "v": 1
                                                  }
                                                ],
                                                "type": "ComponentInfo"
                                              },
                                              {
                                                "class": "SimpleButton",
                                                "key": "0_1872428527",
                                                "propList": [
                                                  {
                                                    "k": "styleMap",
                                                    "v": {
                                                      "name": "styleMap",
                                                      "properties": [{
                                                        "name": "margin-right",
                                                        "value": "24px"
                                                      }],
                                                      "type": "PropertyMap[styleMap]"
                                                    }
                                                  },
                                                  {
                                                    "k": "width",
                                                    "v": 92
                                                  },
                                                  {
                                                    "k": "height",
                                                    "v": 36
                                                  },
                                                  {
                                                    "k": "name",
                                                    "v": "DeleteButton"
                                                  },
                                                  {
                                                    "k": "variant",
                                                    "v": "Icon"
                                                  },
                                                  {
                                                    "k": "text",
                                                    "v": "Delete"
                                                  },
                                                  {
                                                    "k": "title",
                                                    "v": "Delete"
                                                  },
                                                  {
                                                    "k": "ariaLabel",
                                                    "v": "Delete table row"
                                                  },
                                                  {
                                                    "k": "action",
                                                    "v": "widget.datasource.deleteItem();"
                                                  },
                                                  {
                                                    "k": "constrain_right",
                                                    "v": true
                                                  },
                                                  {
                                                    "k": "constrain_left",
                                                    "v": false
                                                  },
                                                  {
                                                    "k": "right",
                                                    "v": 8
                                                  },
                                                  {
                                                    "k": "top",
                                                    "v": 6
                                                  },
                                                  {
                                                    "k": "left",
                                                    "v": 1274
                                                  },
                                                  {
                                                    "k": "autoHeight",
                                                    "v": true
                                                  },
                                                  {
                                                    "k": "autoWidth",
                                                    "v": true
                                                  },
                                                  {
                                                    "k": "styles",
                                                    "v": {
                                                      "list": ["visibleOnAncestorHover"],
                                                      "type": "List[String]"
                                                    }
                                                  }
                                                ],
                                                "type": "ComponentInfo"
                                              }
                                            ],
                                            "type": "List[ComponentInfo]"
                                          }
                                        }
                                      ],
                                      "type": "ComponentInfo"
                                    }],
                                    "type": "List[ComponentInfo]"
                                  }
                                },
                                {
                                  "k": "width",
                                  "v": 400
                                },
                                {
                                  "k": "height",
                                  "v": 200
                                },
                                {
                                  "k": "name",
                                  "v": "Table1Body"
                                },
                                {
                                  "k": "suffixName",
                                  "v": "Body"
                                },
                                {
                                  "k": "autoWidth",
                                  "v": true
                                },
                                {
                                  "k": "align",
                                  "v": "stretch"
                                },
                                {
                                  "k": "autoHeight",
                                  "v": true
                                },
                                {
                                  "k": "grow",
                                  "v": 1
                                },
                                {
                                  "k": "editorNonInheritedLocked",
                                  "v": true
                                },
                                {
                                  "k": "constrain_width",
                                  "v": false
                                },
                                {
                                  "k": "constrain_right",
                                  "v": true
                                }
                              ],
                              "type": "ComponentInfo"
                            }
                          ],
                          "type": "List[ComponentInfo]"
                        }
                      },
                      {
                        "k": "autoWidth",
                        "v": true
                      },
                      {
                        "k": "align",
                        "v": "stretch"
                      },
                      {
                        "k": "autoHeight",
                        "v": true
                      },
                      {
                        "k": "grow",
                        "v": 1
                      },
                      {
                        "k": "editorNonInheritedLocked",
                        "v": true
                      },
                      {
                        "k": "constrain_width",
                        "v": false
                      },
                      {
                        "k": "constrain_right",
                        "v": true
                      }
                    ],
                    "type": "ComponentInfo"
                  },
                  {
                    "class": "Pager",
                    "key": "0_1604737946",
                    "propList": [
                      {
                        "k": "styleMap",
                        "v": {
                          "name": "styleMap",
                          "properties": [
                            {
                              "name": "margin-right",
                              "value": "14px"
                            },
                            {
                              "name": "margin-bottom",
                              "value": "14px"
                            }
                          ],
                          "type": "PropertyMap[styleMap]"
                        }
                      },
                      {
                        "k": "autoHeight",
                        "v": true
                      },
                      {
                        "k": "width",
                        "v": 140
                      },
                      {
                        "k": "height",
                        "v": 32
                      },
                      {
                        "k": "onPreviousClick",
                        "v": "widget.datasource.prevPage();"
                      },
                      {
                        "k": "onNextClick",
                        "v": "widget.datasource.nextPage();"
                      },
                      {
                        "k": "bindings",
                        "v": {
                          "list": [
                            {
                              "sourceExpression": "visible",
                              "targetExpression": "@datasource.loaded \u0026\u0026 !(@datasource.firstPage \u0026\u0026 @datasource.lastPage)",
                              "targetLiteralExpression": "@datasource.loaded \u0026\u0026 !(@datasource.firstPage \u0026\u0026 @datasource.lastPage)",
                              "type": "BindingInfo"
                            },
                            {
                              "sourceExpression": "previousEnabled",
                              "targetExpression": "!@datasource.firstPage \u0026\u0026 !@datasource.loading \u0026\u0026 !@datasource.creating",
                              "targetLiteralExpression": "!@datasource.firstPage \u0026\u0026 !@datasource.loading \u0026\u0026 !@datasource.creating",
                              "type": "BindingInfo"
                            },
                            {
                              "sourceExpression": "nextEnabled",
                              "targetExpression": "!@datasource.lastPage \u0026\u0026 !@datasource.loading \u0026\u0026 !@datasource.creating",
                              "targetLiteralExpression": "!@datasource.lastPage \u0026\u0026 !@datasource.loading \u0026\u0026 !@datasource.creating",
                              "type": "BindingInfo"
                            },
                            {
                              "sourceExpression": "text",
                              "targetExpression": "\"Page \" + @datasource.query.pageIndex",
                              "targetLiteralExpression": "\"Page \" + @datasource.query.pageIndex",
                              "type": "BindingInfo"
                            }
                          ],
                          "type": "List[BindingInfo]"
                        }
                      },
                      {
                        "k": "name",
                        "v": "Table1Pager"
                      },
                      {
                        "k": "suffixName",
                        "v": "Pager"
                      },
                      {
                        "k": "constrain_top",
                        "v": false
                      },
                      {
                        "k": "constrain_bottom",
                        "v": true
                      },
                      {
                        "k": "bottom",
                        "v": 10
                      },
                      {
                        "k": "constrain_left",
                        "v": false
                      },
                      {
                        "k": "constrain_right",
                        "v": true
                      },
                      {
                        "k": "right",
                        "v": 10
                      },
                      {
                        "k": "text",
                        "v": "@expr"
                      },
                      {
                        "k": "align",
                        "v": "end"
                      }
                    ],
                    "type": "ComponentInfo"
                  }
                ],
                "type": "List[ComponentInfo]"
              }
            },
            {
              "k": "top",
              "v": 43
            },
            {
              "k": "left",
              "v": 58
            }
          ],
          "type": "ComponentInfo"
        }],
        "type": "List[ComponentInfo]"
      }
    }
  ],
  "type": "ComponentInfo"
}