{
  "dataSources": [{
    "key": "qlHHnPtFlksvQ7gKtUX7Fk9vjHpn9orn_default",
    "modelKey": "qlHHnPtFlksvQ7gKtUX7Fk9vjHpn9orn",
    "name": "Vendors",
    "pageSize": 100,
    "type": "QUERY"
  }],
  "defaultDataSourceKey": "qlHHnPtFlksvQ7gKtUX7Fk9vjHpn9orn_default",
  "eventPermissions": [
    {
      "name": "ON_CREATE",
      "type": "inherited"
    },
    {
      "name": "ON_LOAD",
      "type": "inherited"
    },
    {
      "name": "ON_SAVE",
      "type": "inherited"
    },
    {
      "name": "ON_DELETE",
      "type": "inherited"
    }
  ],
  "events": [],
  "fields": [
    {
      "allowedFilterOperators": [
        "contains",
        "eq",
        "gt",
        "gte",
        "in",
        "lt",
        "lte",
        "ne",
        "notContains",
        "notIn",
        "notStartsWith",
        "startsWith"
      ],
      "columnName": "Name",
      "key": "OWG0Y4aorTSrqdIN",
      "minLength": 0,
      "name": "Name",
      "required": false,
      "type": "String"
    },
    {
      "allowedFilterOperators": [
        "contains",
        "eq",
        "gt",
        "gte",
        "in",
        "lt",
        "lte",
        "ne",
        "notContains",
        "notIn",
        "notStartsWith",
        "startsWith"
      ],
      "columnName": "Email",
      "key": "MUTlifNggmFgdvlA",
      "minLength": 0,
      "name": "Email",
      "required": false,
      "type": "String"
    }
  ],
  "key": "qlHHnPtFlksvQ7gKtUX7Fk9vjHpn9orn",
  "modelPermission": {
    "name": "model permission",
    "permissions": [
      {"type": "nobody"},
      {
        "groupKeys": ["Admins"],
        "type": "groups"
      }
    ],
    "type": "compound"
  },
  "name": "Vendors",
  "type": "BRIX",
  "userIdFieldType": "USER_ID"
}