{
  "dataSources": [{
    "key": "jogldCaErLnR8YiDbx2oBEt4sx4kWZKt_default",
    "modelKey": "jogldCaErLnR8YiDbx2oBEt4sx4kWZKt",
    "name": "CSATPrep",
    "pageSize": 100,
    "type": "QUERY"
  }],
  "defaultDataSourceKey": "jogldCaErLnR8YiDbx2oBEt4sx4kWZKt_default",
  "eventPermissions": [
    {
      "name": "ON_CREATE",
      "type": "inherited"
    },
    {
      "name": "ON_LOAD",
      "type": "inherited"
    },
    {
      "name": "ON_SAVE",
      "type": "inherited"
    },
    {
      "name": "ON_DELETE",
      "type": "inherited"
    }
  ],
  "events": [],
  "fields": [
    {
      "allowedFilterOperators": [
        "eq",
        "gt",
        "gte",
        "in",
        "lt",
        "lte",
        "ne",
        "notIn"
      ],
      "columnName": "Field1",
      "integer": false,
      "key": "ezPcXZO9Jmp3R3HC",
      "name": "Field1",
      "required": false,
      "type": "Number"
    },
    {
      "allowedFilterOperators": [
        "eq",
        "gt",
        "gte",
        "in",
        "lt",
        "lte",
        "ne",
        "notIn"
      ],
      "columnName": "Field2",
      "integer": false,
      "key": "TRQugNeHHhbahJdV",
      "name": "Field2",
      "required": false,
      "type": "Number"
    },
    {
      "allowedFilterOperators": [
        "contains",
        "eq",
        "gt",
        "gte",
        "in",
        "lt",
        "lte",
        "ne",
        "notContains",
        "notIn",
        "notStartsWith",
        "startsWith"
      ],
      "columnName": "Comment",
      "key": "pgFqLgy7bY37q7Cm",
      "minLength": 0,
      "name": "Comment",
      "required": false,
      "type": "String"
    }
  ],
  "key": "jogldCaErLnR8YiDbx2oBEt4sx4kWZKt",
  "modelPermission": {
    "name": "model permission",
    "permissions": [
      {"type": "nobody"},
      {
        "groupKeys": ["Admins"],
        "type": "groups"
      }
    ],
    "type": "compound"
  },
  "name": "CSATPrep",
  "type": "BRIX",
  "userIdFieldType": "USER_ID"
}