{
  "dataSources": [{
    "key": "6OQZgPcxwQjWsR9tN2KximlCduhczKI6_default",
    "modelKey": "6OQZgPcxwQjWsR9tN2KximlCduhczKI6",
    "name": "PPHPrep",
    "pageSize": 100,
    "type": "QUERY"
  }],
  "defaultDataSourceKey": "6OQZgPcxwQjWsR9tN2KximlCduhczKI6_default",
  "eventPermissions": [
    {
      "name": "ON_CREATE",
      "type": "inherited"
    },
    {
      "name": "ON_LOAD",
      "type": "inherited"
    },
    {
      "name": "ON_SAVE",
      "type": "inherited"
    },
    {
      "name": "ON_DELETE",
      "type": "inherited"
    }
  ],
  "events": [],
  "fields": [
    {
      "allowedFilterOperators": [
        "eq",
        "gt",
        "gte",
        "in",
        "lt",
        "lte",
        "ne",
        "notIn"
      ],
      "columnName": "PhoneState",
      "integer": false,
      "key": "Cw3ytwH4bGZKgD5g",
      "name": "PhoneState",
      "required": false,
      "type": "Number"
    },
    {
      "allowedFilterOperators": [
        "eq",
        "gt",
        "gte",
        "in",
        "lt",
        "lte",
        "ne",
        "notIn"
      ],
      "columnName": "ProductiveHours",
      "integer": false,
      "key": "5cgkfNmIrq7qZQ1z",
      "name": "ProductiveHours",
      "required": false,
      "type": "Number"
    },
    {
      "allowedFilterOperators": [
        "eq",
        "gt",
        "gte",
        "in",
        "lt",
        "lte",
        "ne",
        "notIn"
      ],
      "columnName": "AHT",
      "description": "Average Handle Time",
      "integer": false,
      "key": "gz1TmKl5Xdzenrqb",
      "name": "AHT",
      "required": false,
      "type": "Number"
    },
    {
      "allowedFilterOperators": [
        "eq",
        "gt",
        "gte",
        "in",
        "lt",
        "lte",
        "ne",
        "notIn"
      ],
      "columnName": "ACW",
      "description": "After Call Work",
      "integer": false,
      "key": "f3G6vrqHpnwutlrY",
      "name": "ACW",
      "required": false,
      "type": "Number"
    },
    {
      "allowedFilterOperators": [
        "contains",
        "eq",
        "gt",
        "gte",
        "in",
        "lt",
        "lte",
        "ne",
        "notContains",
        "notIn",
        "notStartsWith",
        "startsWith"
      ],
      "columnName": "Comment",
      "key": "xiwNrFTHXfmO34w2",
      "minLength": 0,
      "name": "Comment",
      "required": false,
      "type": "String"
    }
  ],
  "key": "6OQZgPcxwQjWsR9tN2KximlCduhczKI6",
  "modelPermission": {
    "name": "model permission",
    "permissions": [
      {"type": "nobody"},
      {
        "groupKeys": ["Admins"],
        "type": "groups"
      }
    ],
    "type": "compound"
  },
  "name": "PPHPrep",
  "type": "BRIX",
  "userIdFieldType": "USER_ID"
}