{
  "class": "Panel",
  "key": "8vU4YNKaBlvOd5eRjDxqpUknPJ28tPR6",
  "permission": {
    "name": "canRead",
    "type": "compoundEveryone"
  },
  "propList": [
    {
      "k": "styleMap",
      "v": {
        "name": "styleMap",
        "properties": [],
        "type": "PropertyMap[styleMap]"
      }
    },
    {
      "k": "width",
      "v": 960
    },
    {
      "k": "height",
      "v": 960
    },
    {
      "k": "name",
      "v": "CreationPage"
    },
    {
      "k": "variant",
      "v": "Background"
    },
    {
      "k": "top",
      "v": 4
    },
    {
      "k": "left",
      "v": 4
    },
    {
      "k": "children",
      "v": {
        "list": [{
          "class": "Panel",
          "key": "0_750972789",
          "propList": [
            {
              "k": "styleMap",
              "v": {
                "name": "styleMap",
                "properties": [],
                "type": "PropertyMap[styleMap]"
              }
            },
            {
              "k": "width",
              "v": 440
            },
            {
              "k": "height",
              "v": 500
            },
            {
              "k": "name",
              "v": "Form1"
            },
            {
              "k": "layout",
              "v": "vertical"
            },
            {
              "k": "autoHeight",
              "v": true
            },
            {
              "k": "bindings",
              "v": {
                "list": [{
                  "sourceExpression": "_dataSource",
                  "targetExpression": "@datasources.MSrS8eNmLFI5qnxc9TSqh4P1BxU2qPrx_default.modes.create",
                  "targetLiteralExpression": "@datasources.Employee.modes.create",
                  "type": "BindingInfo"
                }],
                "type": "List[BindingInfo]"
              }
            },
            {
              "k": "variant",
              "v": "Paper"
            },
            {
              "k": "styles",
              "v": {
                "list": ["app-Form"],
                "type": "List[String]"
              }
            },
            {
              "k": "children",
              "v": {
                "list": [
                  {
                    "class": "Panel",
                    "key": "0_320269547",
                    "propList": [
                      {
                        "k": "styleMap",
                        "v": {
                          "name": "styleMap",
                          "properties": [],
                          "type": "PropertyMap[styleMap]"
                        }
                      },
                      {
                        "k": "width",
                        "v": 200
                      },
                      {
                        "k": "height",
                        "v": 200
                      },
                      {
                        "k": "name",
                        "v": "Form1Header"
                      },
                      {
                        "k": "suffixName",
                        "v": "Header"
                      },
                      {
                        "k": "layout",
                        "v": "horizontal"
                      },
                      {
                        "k": "variant",
                        "v": "Transparent"
                      },
                      {
                        "k": "styles",
                        "v": {
                          "list": ["app-FormHeader"],
                          "type": "List[String]"
                        }
                      },
                      {
                        "k": "autoWidth",
                        "v": true
                      },
                      {
                        "k": "align",
                        "v": "stretch"
                      },
                      {
                        "k": "autoHeight",
                        "v": true
                      },
                      {
                        "k": "children",
                        "v": {
                          "list": [
                            {
                              "class": "SimpleLabel",
                              "key": "0_1318984940",
                              "propList": [
                                {
                                  "k": "styleMap",
                                  "v": {
                                    "name": "styleMap",
                                    "properties": [],
                                    "type": "PropertyMap[styleMap]"
                                  }
                                },
                                {
                                  "k": "width",
                                  "v": 100
                                },
                                {
                                  "k": "height",
                                  "v": 20
                                },
                                {
                                  "k": "name",
                                  "v": "Title"
                                },
                                {
                                  "k": "text",
                                  "v": "Create Employee"
                                },
                                {
                                  "k": "autoWidth",
                                  "v": true
                                },
                                {
                                  "k": "autoHeight",
                                  "v": true
                                },
                                {
                                  "k": "variant",
                                  "v": "Title"
                                },
                                {
                                  "k": "grow",
                                  "v": 1
                                }
                              ],
                              "type": "ComponentInfo"
                            },
                            {
                              "class": "LoadingIndicator",
                              "key": "0_559704926",
                              "propList": [
                                {
                                  "k": "styleMap",
                                  "v": {
                                    "name": "styleMap",
                                    "properties": [],
                                    "type": "PropertyMap[styleMap]"
                                  }
                                },
                                {
                                  "k": "bindings",
                                  "v": {
                                    "list": [{
                                      "sourceExpression": "visible",
                                      "targetExpression": "@datasource.loading || @datasource.creating || @datasource.deleting",
                                      "targetLiteralExpression": "@datasource.loading || @datasource.creating || @datasource.deleting",
                                      "type": "BindingInfo"
                                    }],
                                    "type": "List[BindingInfo]"
                                  }
                                },
                                {
                                  "k": "width",
                                  "v": 22
                                },
                                {
                                  "k": "height",
                                  "v": 22
                                },
                                {
                                  "k": "name",
                                  "v": "Form1Spinner"
                                },
                                {
                                  "k": "suffixName",
                                  "v": "Spinner"
                                },
                                {
                                  "k": "align",
                                  "v": "center"
                                }
                              ],
                              "type": "ComponentInfo"
                            }
                          ],
                          "type": "List[ComponentInfo]"
                        }
                      },
                      {
                        "k": "justify",
                        "v": "spaceBetween"
                      },
                      {
                        "k": "editorNonInheritedLocked",
                        "v": true
                      }
                    ],
                    "type": "ComponentInfo"
                  },
                  {
                    "class": "Panel",
                    "key": "0_886769331",
                    "propList": [
                      {
                        "k": "styleMap",
                        "v": {
                          "name": "styleMap",
                          "properties": [],
                          "type": "PropertyMap[styleMap]"
                        }
                      },
                      {
                        "k": "width",
                        "v": 200
                      },
                      {
                        "k": "height",
                        "v": 200
                      },
                      {
                        "k": "name",
                        "v": "Form1Body"
                      },
                      {
                        "k": "suffixName",
                        "v": "Body"
                      },
                      {
                        "k": "layout",
                        "v": "vertical"
                      },
                      {
                        "k": "variant",
                        "v": "Transparent"
                      },
                      {
                        "k": "styles",
                        "v": {
                          "list": ["app-FormBody"],
                          "type": "List[String]"
                        }
                      },
                      {
                        "k": "autoWidth",
                        "v": true
                      },
                      {
                        "k": "align",
                        "v": "stretch"
                      },
                      {
                        "k": "autoHeight",
                        "v": true
                      },
                      {
                        "k": "editorNonInheritedLocked",
                        "v": true
                      },
                      {
                        "k": "children",
                        "v": {
                          "list": [
                            {
                              "class": "TextField",
                              "key": "0_1207861094",
                              "propList": [
                                {
                                  "k": "styleMap",
                                  "v": {
                                    "name": "styleMap",
                                    "properties": [],
                                    "type": "PropertyMap[styleMap]"
                                  }
                                },
                                {
                                  "k": "width",
                                  "v": 100
                                },
                                {
                                  "k": "height",
                                  "v": 32
                                },
                                {
                                  "k": "name",
                                  "v": "Field2"
                                },
                                {
                                  "k": "bindings",
                                  "v": {
                                    "list": [
                                      {
                                        "sourceExpression": "value",
                                        "targetExpression": "@datasource.item.9SBjbNgZTXQ6Elod",
                                        "targetLiteralExpression": "@datasource.item.Name",
                                        "type": "BindingInfo"
                                      },
                                      {
                                        "sourceExpression": "label",
                                        "targetExpression": "@models.MSrS8eNmLFI5qnxc9TSqh4P1BxU2qPrx.fields.9SBjbNgZTXQ6Elod.displayName",
                                        "targetLiteralExpression": "@models.Employee.fields.Name.displayName",
                                        "type": "BindingInfo"
                                      }
                                    ],
                                    "type": "List[BindingInfo]"
                                  }
                                },
                                {
                                  "k": "autoWidth",
                                  "v": true
                                },
                                {
                                  "k": "align",
                                  "v": "stretch"
                                },
                                {
                                  "k": "autoHeight",
                                  "v": true
                                }
                              ],
                              "type": "ComponentInfo"
                            },
                            {
                              "class": "TextField",
                              "key": "0_1591367455",
                              "propList": [
                                {
                                  "k": "styleMap",
                                  "v": {
                                    "name": "styleMap",
                                    "properties": [],
                                    "type": "PropertyMap[styleMap]"
                                  }
                                },
                                {
                                  "k": "width",
                                  "v": 100
                                },
                                {
                                  "k": "height",
                                  "v": 32
                                },
                                {
                                  "k": "name",
                                  "v": "Field1"
                                },
                                {
                                  "k": "bindings",
                                  "v": {
                                    "list": [
                                      {
                                        "sourceExpression": "value",
                                        "targetExpression": "@datasource.item.yi85PDJV9qTin6Dw",
                                        "targetLiteralExpression": "@datasource.item.Age",
                                        "type": "BindingInfo"
                                      },
                                      {
                                        "sourceExpression": "label",
                                        "targetExpression": "@models.MSrS8eNmLFI5qnxc9TSqh4P1BxU2qPrx.fields.yi85PDJV9qTin6Dw.displayName",
                                        "targetLiteralExpression": "@models.Employee.fields.Age.displayName",
                                        "type": "BindingInfo"
                                      }
                                    ],
                                    "type": "List[BindingInfo]"
                                  }
                                },
                                {
                                  "k": "autoWidth",
                                  "v": true
                                },
                                {
                                  "k": "align",
                                  "v": "stretch"
                                },
                                {
                                  "k": "autoHeight",
                                  "v": true
                                }
                              ],
                              "type": "ComponentInfo"
                            },
                            {
                              "class": "TextField",
                              "key": "0_630766691",
                              "propList": [
                                {
                                  "k": "styleMap",
                                  "v": {
                                    "name": "styleMap",
                                    "properties": [],
                                    "type": "PropertyMap[styleMap]"
                                  }
                                },
                                {
                                  "k": "width",
                                  "v": 100
                                },
                                {
                                  "k": "height",
                                  "v": 32
                                },
                                {
                                  "k": "name",
                                  "v": "Field"
                                },
                                {
                                  "k": "bindings",
                                  "v": {
                                    "list": [
                                      {
                                        "sourceExpression": "value",
                                        "targetExpression": "@datasource.item.9MCd9S7Xa30Cn9XJ",
                                        "targetLiteralExpression": "@datasource.item.City",
                                        "type": "BindingInfo"
                                      },
                                      {
                                        "sourceExpression": "label",
                                        "targetExpression": "@models.MSrS8eNmLFI5qnxc9TSqh4P1BxU2qPrx.fields.9MCd9S7Xa30Cn9XJ.displayName",
                                        "targetLiteralExpression": "@models.Employee.fields.City.displayName",
                                        "type": "BindingInfo"
                                      }
                                    ],
                                    "type": "List[BindingInfo]"
                                  }
                                },
                                {
                                  "k": "autoWidth",
                                  "v": true
                                },
                                {
                                  "k": "align",
                                  "v": "stretch"
                                },
                                {
                                  "k": "autoHeight",
                                  "v": true
                                }
                              ],
                              "type": "ComponentInfo"
                            }
                          ],
                          "type": "List[ComponentInfo]"
                        }
                      }
                    ],
                    "type": "ComponentInfo"
                  },
                  {
                    "class": "Panel",
                    "key": "0_137584896",
                    "propList": [
                      {
                        "k": "styleMap",
                        "v": {
                          "name": "styleMap",
                          "properties": [],
                          "type": "PropertyMap[styleMap]"
                        }
                      },
                      {
                        "k": "width",
                        "v": 200
                      },
                      {
                        "k": "height",
                        "v": 200
                      },
                      {
                        "k": "name",
                        "v": "Spring"
                      },
                      {
                        "k": "layout",
                        "v": "horizontal"
                      },
                      {
                        "k": "variant",
                        "v": "Transparent"
                      },
                      {
                        "k": "autoWidth",
                        "v": true
                      },
                      {
                        "k": "align",
                        "v": "stretch"
                      },
                      {
                        "k": "autoHeight",
                        "v": true
                      },
                      {
                        "k": "editorNonInheritedLocked",
                        "v": true
                      },
                      {
                        "k": "minHeight",
                        "v": 16
                      },
                      {
                        "k": "grow",
                        "v": 1
                      }
                    ],
                    "type": "ComponentInfo"
                  },
                  {
                    "class": "Panel",
                    "key": "0_693494398",
                    "propList": [
                      {
                        "k": "styleMap",
                        "v": {
                          "name": "styleMap",
                          "properties": [],
                          "type": "PropertyMap[styleMap]"
                        }
                      },
                      {
                        "k": "width",
                        "v": 200
                      },
                      {
                        "k": "height",
                        "v": 200
                      },
                      {
                        "k": "name",
                        "v": "Form1Footer"
                      },
                      {
                        "k": "suffixName",
                        "v": "Footer"
                      },
                      {
                        "k": "layout",
                        "v": "horizontal"
                      },
                      {
                        "k": "variant",
                        "v": "Transparent"
                      },
                      {
                        "k": "styles",
                        "v": {
                          "list": ["app-FormFooter"],
                          "type": "List[String]"
                        }
                      },
                      {
                        "k": "autoWidth",
                        "v": true
                      },
                      {
                        "k": "align",
                        "v": "stretch"
                      },
                      {
                        "k": "autoHeight",
                        "v": true
                      },
                      {
                        "k": "justify",
                        "v": "end"
                      },
                      {
                        "k": "alignChildren",
                        "v": "center"
                      },
                      {
                        "k": "editorNonInheritedLocked",
                        "v": true
                      },
                      {
                        "k": "children",
                        "v": {
                          "list": [
                            {
                              "class": "SimpleButton",
                              "key": "0_1577567832",
                              "propList": [
                                {
                                  "k": "styleMap",
                                  "v": {
                                    "name": "styleMap",
                                    "properties": [],
                                    "type": "PropertyMap[styleMap]"
                                  }
                                },
                                {
                                  "k": "width",
                                  "v": 92
                                },
                                {
                                  "k": "height",
                                  "v": 36
                                },
                                {
                                  "k": "name",
                                  "v": "Form1ClearButton"
                                },
                                {
                                  "k": "suffixName",
                                  "v": "ClearButton"
                                },
                                {
                                  "k": "text",
                                  "v": "Clear"
                                },
                                {
                                  "k": "action",
                                  "v": "widget.datasource.clearChanges();"
                                },
                                {
                                  "k": "title",
                                  "v": "Reset all changes"
                                },
                                {
                                  "k": "autoWidth",
                                  "v": true
                                },
                                {
                                  "k": "autoHeight",
                                  "v": true
                                }
                              ],
                              "type": "ComponentInfo"
                            },
                            {
                              "class": "SimpleButton",
                              "key": "0_1792829657",
                              "propList": [
                                {
                                  "k": "styleMap",
                                  "v": {
                                    "name": "styleMap",
                                    "properties": [],
                                    "type": "PropertyMap[styleMap]"
                                  }
                                },
                                {
                                  "k": "width",
                                  "v": 92
                                },
                                {
                                  "k": "height",
                                  "v": 36
                                },
                                {
                                  "k": "name",
                                  "v": "Form1SubmitButton"
                                },
                                {
                                  "k": "suffixName",
                                  "v": "SubmitButton"
                                },
                                {
                                  "k": "variant",
                                  "v": "FlatColor"
                                },
                                {
                                  "k": "text",
                                  "v": "Submit"
                                },
                                {
                                  "k": "action",
                                  "v": "widget.datasource.createItem();"
                                },
                                {
                                  "k": "bindings",
                                  "v": {
                                    "list": [{
                                      "sourceExpression": "enabled",
                                      "targetExpression": "@widget.parent.parent.valid",
                                      "targetLiteralExpression": "@widget.parent.parent.valid",
                                      "type": "BindingInfo"
                                    }],
                                    "type": "List[BindingInfo]"
                                  }
                                },
                                {
                                  "k": "title",
                                  "v": "Submit item"
                                },
                                {
                                  "k": "autoWidth",
                                  "v": true
                                },
                                {
                                  "k": "autoHeight",
                                  "v": true
                                }
                              ],
                              "type": "ComponentInfo"
                            }
                          ],
                          "type": "List[ComponentInfo]"
                        }
                      }
                    ],
                    "type": "ComponentInfo"
                  }
                ],
                "type": "List[ComponentInfo]"
              }
            },
            {
              "k": "top",
              "v": 68
            },
            {
              "k": "left",
              "v": 66
            }
          ],
          "type": "ComponentInfo"
        }],
        "type": "List[ComponentInfo]"
      }
    }
  ],
  "type": "ComponentInfo"
}