{
  "class": "Panel",
  "customPropertyDescriptions": [{
    "category": "Custom Properties",
    "deprecated": false,
    "designTime": false,
    "experimental": false,
    "hidden": false,
    "key": "tdDZTRzz",
    "name": "DatasourceLength",
    "persisted": true,
    "readonly": false,
    "type": "Number"
  }],
  "customPropertyValues": {
    "name": "CustomProperties",
    "properties": [{
      "name": "tdDZTRzz",
      "value": {
        "isNull": true,
        "type": "Number"
      }
    }],
    "type": "PropertyMap[CustomProperties]"
  },
  "key": "pKJFM8tx2yc2YA8qffO1lYZmTzKZcUkJ",
  "permission": {
    "name": "canRead",
    "type": "compoundEveryone"
  },
  "propList": [
    {
      "k": "styleMap",
      "v": {
        "name": "styleMap",
        "properties": [],
        "type": "PropertyMap[styleMap]"
      }
    },
    {
      "k": "width",
      "v": 960
    },
    {
      "k": "height",
      "v": 960
    },
    {
      "k": "name",
      "v": "RelationsPage"
    },
    {
      "k": "variant",
      "v": "Background"
    },
    {
      "k": "top",
      "v": 4
    },
    {
      "k": "left",
      "v": 4
    },
    {
      "k": "bindings",
      "v": {
        "list": [{
          "sourceExpression": "_dataSource",
          "targetExpression": "@datasources.FXovqvoZXYqpt9jieART5ysxstuIChk4_default",
          "targetLiteralExpression": "@datasources.Cases",
          "type": "BindingInfo"
        }],
        "type": "List[BindingInfo]"
      }
    },
    {
      "k": "children",
      "v": {
        "list": [
          {
            "class": "Panel",
            "key": "0_1825206547",
            "propList": [
              {
                "k": "styleMap",
                "v": {
                  "name": "styleMap",
                  "properties": [],
                  "type": "PropertyMap[styleMap]"
                }
              },
              {
                "k": "width",
                "v": 644
              },
              {
                "k": "height",
                "v": 459
              },
              {
                "k": "name",
                "v": "Table1Panel"
              },
              {
                "k": "layout",
                "v": "vertical"
              },
              {
                "k": "suffixName",
                "v": "Panel"
              },
              {
                "k": "variant",
                "v": "Paper"
              },
              {
                "k": "children",
                "v": {
                  "list": [
                    {
                      "class": "Panel",
                      "key": "0_858074866",
                      "propList": [
                        {
                          "k": "styleMap",
                          "v": {
                            "name": "styleMap",
                            "properties": [],
                            "type": "PropertyMap[styleMap]"
                          }
                        },
                        {
                          "k": "width",
                          "v": 624
                        },
                        {
                          "k": "height",
                          "v": 530
                        },
                        {
                          "k": "name",
                          "v": "Table1"
                        },
                        {
                          "k": "layout",
                          "v": "vertical"
                        },
                        {
                          "k": "onLoad",
                          "v": "// GENERATED CODE: modify at your own risk\nwindow._am \u003d window._am || {};\nif (!window._am.TableState) {\n  window._am.TableState \u003d {};\n  window._am.inFlight \u003d false;\n}\nif (!window._am.sortTableBy) {\n  window._am.sortTableBy \u003d function(datasource, fieldPathSegments, fieldHeader, tableState) {\n    if (!(fieldPathSegments instanceof Array) || (fieldPathSegments.length \u003d\u003d 0)) {\n      throw \"Can\u0027t sort the table because specified field was not found.\";\n    }\n    tableState.inFlight \u003d true;\n    var sortingQuery \u003d datasource.query.sorting;\n    var fieldName \u003d \"\";\n    for (var i \u003d 0, len \u003d fieldPathSegments.length; i \u003c len; i++) {\n      if (fieldPathSegments[i] \u0026\u0026 fieldPathSegments[i].name) {\n        if (sortingQuery[fieldPathSegments[i].name]) {\n          sortingQuery \u003d sortingQuery[fieldPathSegments[i].name];\n          fieldName +\u003d i \u003d\u003d 0 ? fieldPathSegments[i].name : \".\" + fieldPathSegments[i].name;\n        } else {\n          throw \"Can\u0027t sort the table because specified field was not found.\";\n        }\n      } else {\n        throw \"Can\u0027t sort the table because specified field was not found.\";\n      }\n    }\n    if (tableState.sortByField \u003d\u003d\u003d fieldName) {\n      tableState.ascending \u003d !tableState.ascending;\n    } else {\n      if (tableState.fieldHeader) {\n        tableState.fieldHeader.text \u003d tableState.fieldHeaderText;\n        tableState.fieldHeader.ariaLabel \u003d \"\";\n      }\n      tableState.sortByField \u003d fieldName;\n      tableState.ascending \u003d true;\n      tableState.fieldHeader \u003d fieldHeader;\n      tableState.fieldHeaderText \u003d fieldHeader.text;\n    }\n    datasource.query.clearSorting();\n    var sortDirection \u003d tableState.ascending ? \"ascending\" : \"descending\";\n    sortingQuery[\"_\" + sortDirection]();\n    datasource.query.pageIndex \u003d 1;\n    datasource.load(function() {\n      tableState.inFlight \u003d false;\n      fieldHeader.text \u003d fieldHeader.text.replace(/ (\\u25B2|\\u25BC)/g, \"\");\n      if (tableState.sortByField \u003d\u003d\u003d fieldName) {\n        fieldHeader.ariaLabel \u003d fieldHeader.text + \" sort \" + sortDirection;\n        fieldHeader.text \u003d fieldHeader.text + (tableState.ascending ? \" \\u25B2\" : \" \\u25BC\");\n        app.accessibility.announce(fieldHeader.ariaLabel);\n      }\n    });\n  };\n}\n"
                        },
                        {
                          "k": "styles",
                          "v": {
                            "list": ["app-ListTable"],
                            "type": "List[String]"
                          }
                        },
                        {
                          "k": "children",
                          "v": {
                            "list": [
                              {
                                "class": "Panel",
                                "key": "0_1571792699",
                                "propList": [
                                  {
                                    "k": "styleMap",
                                    "v": {
                                      "name": "styleMap",
                                      "properties": [],
                                      "type": "PropertyMap[styleMap]"
                                    }
                                  },
                                  {
                                    "k": "width",
                                    "v": 200
                                  },
                                  {
                                    "k": "height",
                                    "v": 200
                                  },
                                  {
                                    "k": "name",
                                    "v": "Table1Header"
                                  },
                                  {
                                    "k": "layout",
                                    "v": "horizontal"
                                  },
                                  {
                                    "k": "autoWidth",
                                    "v": true
                                  },
                                  {
                                    "k": "align",
                                    "v": "stretch"
                                  },
                                  {
                                    "k": "autoHeight",
                                    "v": true
                                  },
                                  {
                                    "k": "alignChildren",
                                    "v": "center"
                                  },
                                  {
                                    "k": "suffixName",
                                    "v": "Header"
                                  },
                                  {
                                    "k": "styles",
                                    "v": {
                                      "list": ["app-ListTableHeaderPanel"],
                                      "type": "List[String]"
                                    }
                                  },
                                  {
                                    "k": "children",
                                    "v": {
                                      "list": [
                                        {
                                          "class": "Anchor",
                                          "key": "0_1201752754",
                                          "propList": [
                                            {
                                              "k": "styleMap",
                                              "v": {
                                                "name": "styleMap",
                                                "properties": [
                                                  {
                                                    "name": "margin-left",
                                                    "value": "24px"
                                                  },
                                                  {
                                                    "name": "margin-right",
                                                    "value": "18px"
                                                  },
                                                  {
                                                    "name": "margin-top",
                                                    "value": "16px"
                                                  },
                                                  {
                                                    "name": "margin-bottom",
                                                    "value": "16px"
                                                  }
                                                ],
                                                "type": "PropertyMap[styleMap]"
                                              }
                                            },
                                            {
                                              "k": "width",
                                              "v": 100
                                            },
                                            {
                                              "k": "height",
                                              "v": 20
                                            },
                                            {
                                              "k": "name",
                                              "v": "Table1PODHeader"
                                            },
                                            {
                                              "k": "suffixName",
                                              "v": "PODHeader"
                                            },
                                            {
                                              "k": "action",
                                              "v": "// GENERATED CODE: modify at your own risk\nwindow._am.sortTableBy(widget.datasource, [widget.datasource.model.fields.POD], widget, window._am.TableState);"
                                            },
                                            {
                                              "k": "text",
                                              "v": "POD"
                                            },
                                            {
                                              "k": "bindings",
                                              "v": {
                                                "list": [{
                                                  "sourceExpression": "text",
                                                  "targetExpression": "@models.FXovqvoZXYqpt9jieART5ysxstuIChk4.fields.bTfeZYIAXtZ5QkTw.displayName",
                                                  "targetLiteralExpression": "@models.Cases.fields.POD.displayName",
                                                  "type": "BindingInfo"
                                                }],
                                                "type": "List[BindingInfo]"
                                              }
                                            },
                                            {
                                              "k": "autoWidth",
                                              "v": true
                                            },
                                            {
                                              "k": "autoHeight",
                                              "v": true
                                            },
                                            {
                                              "k": "grow",
                                              "v": 1
                                            },
                                            {
                                              "k": "styles",
                                              "v": {
                                                "list": ["app-ListTableHeader"],
                                                "type": "List[String]"
                                              }
                                            }
                                          ],
                                          "type": "ComponentInfo"
                                        },
                                        {
                                          "class": "Anchor",
                                          "key": "0_426794638",
                                          "propList": [
                                            {
                                              "k": "styleMap",
                                              "v": {
                                                "name": "styleMap",
                                                "properties": [
                                                  {
                                                    "name": "margin-left",
                                                    "value": "18px"
                                                  },
                                                  {
                                                    "name": "margin-right",
                                                    "value": "18px"
                                                  },
                                                  {
                                                    "name": "margin-top",
                                                    "value": "16px"
                                                  },
                                                  {
                                                    "name": "margin-bottom",
                                                    "value": "16px"
                                                  }
                                                ],
                                                "type": "PropertyMap[styleMap]"
                                              }
                                            },
                                            {
                                              "k": "width",
                                              "v": 60
                                            },
                                            {
                                              "k": "height",
                                              "v": 20
                                            },
                                            {
                                              "k": "name",
                                              "v": "Table1CaseAgeHeader"
                                            },
                                            {
                                              "k": "suffixName",
                                              "v": "CaseAgeHeader"
                                            },
                                            {
                                              "k": "action",
                                              "v": "// GENERATED CODE: modify at your own risk\nwindow._am.sortTableBy(widget.datasource, [widget.datasource.model.fields.CaseAge], widget, window._am.TableState);"
                                            },
                                            {
                                              "k": "text",
                                              "v": "Case Age"
                                            },
                                            {
                                              "k": "bindings",
                                              "v": {
                                                "list": [{
                                                  "sourceExpression": "text",
                                                  "targetExpression": "@models.FXovqvoZXYqpt9jieART5ysxstuIChk4.fields.ztM7F76pKly1nwnQ.displayName",
                                                  "targetLiteralExpression": "@models.Cases.fields.CaseAge.displayName",
                                                  "type": "BindingInfo"
                                                }],
                                                "type": "List[BindingInfo]"
                                              }
                                            },
                                            {
                                              "k": "autoHeight",
                                              "v": true
                                            },
                                            {
                                              "k": "styles",
                                              "v": {
                                                "list": ["app-ListTableHeader"],
                                                "type": "List[String]"
                                              }
                                            }
                                          ],
                                          "type": "ComponentInfo"
                                        },
                                        {
                                          "class": "Anchor",
                                          "key": "0_844396649",
                                          "propList": [
                                            {
                                              "k": "styleMap",
                                              "v": {
                                                "name": "styleMap",
                                                "properties": [
                                                  {
                                                    "name": "margin-left",
                                                    "value": "18px"
                                                  },
                                                  {
                                                    "name": "margin-right",
                                                    "value": "18px"
                                                  },
                                                  {
                                                    "name": "margin-top",
                                                    "value": "16px"
                                                  },
                                                  {
                                                    "name": "margin-bottom",
                                                    "value": "16px"
                                                  }
                                                ],
                                                "type": "PropertyMap[styleMap]"
                                              }
                                            },
                                            {
                                              "k": "width",
                                              "v": 60
                                            },
                                            {
                                              "k": "height",
                                              "v": 20
                                            },
                                            {
                                              "k": "name",
                                              "v": "Table1CaseNumberHeader"
                                            },
                                            {
                                              "k": "suffixName",
                                              "v": "CaseNumberHeader"
                                            },
                                            {
                                              "k": "action",
                                              "v": "// GENERATED CODE: modify at your own risk\nwindow._am.sortTableBy(widget.datasource, [widget.datasource.model.fields.CaseNumber], widget, window._am.TableState);"
                                            },
                                            {
                                              "k": "text",
                                              "v": "Case Number"
                                            },
                                            {
                                              "k": "bindings",
                                              "v": {
                                                "list": [{
                                                  "sourceExpression": "text",
                                                  "targetExpression": "@models.FXovqvoZXYqpt9jieART5ysxstuIChk4.fields.aqLiDzDysKrIaNM7.displayName",
                                                  "targetLiteralExpression": "@models.Cases.fields.CaseNumber.displayName",
                                                  "type": "BindingInfo"
                                                }],
                                                "type": "List[BindingInfo]"
                                              }
                                            },
                                            {
                                              "k": "autoHeight",
                                              "v": true
                                            },
                                            {
                                              "k": "styles",
                                              "v": {
                                                "list": ["app-ListTableHeader"],
                                                "type": "List[String]"
                                              }
                                            }
                                          ],
                                          "type": "ComponentInfo"
                                        },
                                        {
                                          "class": "Anchor",
                                          "key": "0_1214949900",
                                          "propList": [
                                            {
                                              "k": "styleMap",
                                              "v": {
                                                "name": "styleMap",
                                                "properties": [
                                                  {
                                                    "name": "margin-left",
                                                    "value": "18px"
                                                  },
                                                  {
                                                    "name": "margin-right",
                                                    "value": "18px"
                                                  },
                                                  {
                                                    "name": "margin-top",
                                                    "value": "16px"
                                                  },
                                                  {
                                                    "name": "margin-bottom",
                                                    "value": "16px"
                                                  }
                                                ],
                                                "type": "PropertyMap[styleMap]"
                                              }
                                            },
                                            {
                                              "k": "width",
                                              "v": 100
                                            },
                                            {
                                              "k": "height",
                                              "v": 20
                                            },
                                            {
                                              "k": "name",
                                              "v": "Table1relEmployeeHeader"
                                            },
                                            {
                                              "k": "suffixName",
                                              "v": "relEmployeeHeader"
                                            },
                                            {
                                              "k": "action",
                                              "v": "// GENERATED CODE: modify at your own risk\nwindow._am.sortTableBy(widget.datasource, [widget.datasource.relations.relEmployee, widget.datasource.relations.relEmployee.model.fields.Name], widget, window._am.TableState);"
                                            },
                                            {
                                              "k": "text",
                                              "v": "relEmployee"
                                            },
                                            {
                                              "k": "autoWidth",
                                              "v": true
                                            },
                                            {
                                              "k": "autoHeight",
                                              "v": true
                                            },
                                            {
                                              "k": "grow",
                                              "v": 1
                                            },
                                            {
                                              "k": "styles",
                                              "v": {
                                                "list": ["app-ListTableHeader"],
                                                "type": "List[String]"
                                              }
                                            }
                                          ],
                                          "type": "ComponentInfo"
                                        },
                                        {
                                          "class": "LoadingIndicator",
                                          "key": "0_1336443259",
                                          "propList": [
                                            {
                                              "k": "styleMap",
                                              "v": {
                                                "name": "styleMap",
                                                "properties": [],
                                                "type": "PropertyMap[styleMap]"
                                              }
                                            },
                                            {
                                              "k": "bindings",
                                              "v": {
                                                "list": [{
                                                  "sourceExpression": "visible",
                                                  "targetExpression": "@datasource.loading || @datasource.creating || @datasource.deleting",
                                                  "targetLiteralExpression": "@datasource.loading || @datasource.creating || @datasource.deleting",
                                                  "type": "BindingInfo"
                                                }],
                                                "type": "List[BindingInfo]"
                                              }
                                            },
                                            {
                                              "k": "width",
                                              "v": 22
                                            },
                                            {
                                              "k": "height",
                                              "v": 22
                                            },
                                            {
                                              "k": "name",
                                              "v": "Table1Spinner"
                                            },
                                            {
                                              "k": "invisibilityType",
                                              "v": "hidden"
                                            },
                                            {
                                              "k": "suffixName",
                                              "v": "Spinner"
                                            }
                                          ],
                                          "type": "ComponentInfo"
                                        }
                                      ],
                                      "type": "List[ComponentInfo]"
                                    }
                                  }
                                ],
                                "type": "ComponentInfo"
                              },
                              {
                                "class": "ListPanel",
                                "key": "0_972153022",
                                "propList": [
                                  {
                                    "k": "styleMap",
                                    "v": {
                                      "name": "styleMap",
                                      "properties": [],
                                      "type": "PropertyMap[styleMap]"
                                    }
                                  },
                                  {
                                    "k": "prototype",
                                    "v": {
                                      "appKey": "1_904254902",
                                      "type": "AppChildKey"
                                    }
                                  },
                                  {
                                    "k": "children",
                                    "v": {
                                      "list": [{
                                        "class": "Panel",
                                        "key": "1_904254902",
                                        "propList": [
                                          {
                                            "k": "styleMap",
                                            "v": {
                                              "name": "styleMap",
                                              "properties": [],
                                              "type": "PropertyMap[styleMap]"
                                            }
                                          },
                                          {
                                            "k": "height",
                                            "v": 40
                                          },
                                          {
                                            "k": "autoWidth",
                                            "v": true
                                          },
                                          {
                                            "k": "align",
                                            "v": "stretch"
                                          },
                                          {
                                            "k": "name",
                                            "v": "Table1Row"
                                          },
                                          {
                                            "k": "styleDescriptorName",
                                            "v": "ListPanelRow"
                                          },
                                          {
                                            "k": "suffixName",
                                            "v": "Row"
                                          },
                                          {
                                            "k": "layout",
                                            "v": "horizontal"
                                          },
                                          {
                                            "k": "autoHeight",
                                            "v": true
                                          },
                                          {
                                            "k": "alignChildren",
                                            "v": "center"
                                          },
                                          {
                                            "k": "styles",
                                            "v": {
                                              "list": [
                                                "app-ListTableRow",
                                                "hoverAncestor"
                                              ],
                                              "type": "List[String]"
                                            }
                                          },
                                          {
                                            "k": "children",
                                            "v": {
                                              "list": [
                                                {
                                                  "class": "SimpleLabel",
                                                  "key": "0_373614476",
                                                  "propList": [
                                                    {
                                                      "k": "styleMap",
                                                      "v": {
                                                        "name": "styleMap",
                                                        "properties": [
                                                          {
                                                            "name": "margin-left",
                                                            "value": "24px"
                                                          },
                                                          {
                                                            "name": "margin-right",
                                                            "value": "18px"
                                                          },
                                                          {
                                                            "name": "margin-top",
                                                            "value": "16px"
                                                          },
                                                          {
                                                            "name": "margin-bottom",
                                                            "value": "16px"
                                                          }
                                                        ],
                                                        "type": "PropertyMap[styleMap]"
                                                      }
                                                    },
                                                    {
                                                      "k": "width",
                                                      "v": 100
                                                    },
                                                    {
                                                      "k": "height",
                                                      "v": 20
                                                    },
                                                    {
                                                      "k": "name",
                                                      "v": "Field3"
                                                    },
                                                    {
                                                      "k": "bindings",
                                                      "v": {
                                                        "list": [{
                                                          "sourceExpression": "text",
                                                          "targetExpression": "@datasource.item.bTfeZYIAXtZ5QkTw",
                                                          "targetLiteralExpression": "@datasource.item.POD",
                                                          "type": "BindingInfo"
                                                        }],
                                                        "type": "List[BindingInfo]"
                                                      }
                                                    },
                                                    {
                                                      "k": "text",
                                                      "v": "Label"
                                                    },
                                                    {
                                                      "k": "label",
                                                      "v": ""
                                                    },
                                                    {
                                                      "k": "autoWidth",
                                                      "v": true
                                                    },
                                                    {
                                                      "k": "autoHeight",
                                                      "v": true
                                                    },
                                                    {
                                                      "k": "grow",
                                                      "v": 1
                                                    }
                                                  ],
                                                  "type": "ComponentInfo"
                                                },
                                                {
                                                  "class": "SimpleLabel",
                                                  "key": "0_1098855015",
                                                  "propList": [
                                                    {
                                                      "k": "styleMap",
                                                      "v": {
                                                        "name": "styleMap",
                                                        "properties": [
                                                          {
                                                            "name": "margin-left",
                                                            "value": "18px"
                                                          },
                                                          {
                                                            "name": "margin-right",
                                                            "value": "18px"
                                                          },
                                                          {
                                                            "name": "margin-top",
                                                            "value": "16px"
                                                          },
                                                          {
                                                            "name": "margin-bottom",
                                                            "value": "16px"
                                                          }
                                                        ],
                                                        "type": "PropertyMap[styleMap]"
                                                      }
                                                    },
                                                    {
                                                      "k": "width",
                                                      "v": 60
                                                    },
                                                    {
                                                      "k": "height",
                                                      "v": 20
                                                    },
                                                    {
                                                      "k": "name",
                                                      "v": "Field2"
                                                    },
                                                    {
                                                      "k": "bindings",
                                                      "v": {
                                                        "list": [{
                                                          "sourceExpression": "text",
                                                          "targetExpression": "@datasource.item.ztM7F76pKly1nwnQ",
                                                          "targetLiteralExpression": "@datasource.item.CaseAge",
                                                          "type": "BindingInfo"
                                                        }],
                                                        "type": "List[BindingInfo]"
                                                      }
                                                    },
                                                    {
                                                      "k": "text",
                                                      "v": "Label"
                                                    },
                                                    {
                                                      "k": "label",
                                                      "v": ""
                                                    },
                                                    {
                                                      "k": "autoHeight",
                                                      "v": true
                                                    }
                                                  ],
                                                  "type": "ComponentInfo"
                                                },
                                                {
                                                  "class": "SimpleLabel",
                                                  "key": "0_1235480337",
                                                  "propList": [
                                                    {
                                                      "k": "styleMap",
                                                      "v": {
                                                        "name": "styleMap",
                                                        "properties": [
                                                          {
                                                            "name": "margin-left",
                                                            "value": "18px"
                                                          },
                                                          {
                                                            "name": "margin-right",
                                                            "value": "18px"
                                                          },
                                                          {
                                                            "name": "margin-top",
                                                            "value": "16px"
                                                          },
                                                          {
                                                            "name": "margin-bottom",
                                                            "value": "16px"
                                                          }
                                                        ],
                                                        "type": "PropertyMap[styleMap]"
                                                      }
                                                    },
                                                    {
                                                      "k": "width",
                                                      "v": 60
                                                    },
                                                    {
                                                      "k": "height",
                                                      "v": 20
                                                    },
                                                    {
                                                      "k": "name",
                                                      "v": "Field1"
                                                    },
                                                    {
                                                      "k": "bindings",
                                                      "v": {
                                                        "list": [{
                                                          "sourceExpression": "text",
                                                          "targetExpression": "@datasource.item.aqLiDzDysKrIaNM7",
                                                          "targetLiteralExpression": "@datasource.item.CaseNumber",
                                                          "type": "BindingInfo"
                                                        }],
                                                        "type": "List[BindingInfo]"
                                                      }
                                                    },
                                                    {
                                                      "k": "text",
                                                      "v": "Label"
                                                    },
                                                    {
                                                      "k": "label",
                                                      "v": ""
                                                    },
                                                    {
                                                      "k": "autoHeight",
                                                      "v": true
                                                    }
                                                  ],
                                                  "type": "ComponentInfo"
                                                },
                                                {
                                                  "class": "SimpleLabel",
                                                  "key": "0_1871942573",
                                                  "propList": [
                                                    {
                                                      "k": "styleMap",
                                                      "v": {
                                                        "name": "styleMap",
                                                        "properties": [
                                                          {
                                                            "name": "margin-left",
                                                            "value": "18px"
                                                          },
                                                          {
                                                            "name": "margin-right",
                                                            "value": "18px"
                                                          },
                                                          {
                                                            "name": "margin-top",
                                                            "value": "16px"
                                                          },
                                                          {
                                                            "name": "margin-bottom",
                                                            "value": "16px"
                                                          }
                                                        ],
                                                        "type": "PropertyMap[styleMap]"
                                                      }
                                                    },
                                                    {
                                                      "k": "width",
                                                      "v": 100
                                                    },
                                                    {
                                                      "k": "height",
                                                      "v": 20
                                                    },
                                                    {
                                                      "k": "name",
                                                      "v": "Field"
                                                    },
                                                    {
                                                      "k": "bindings",
                                                      "v": {
                                                        "list": [{
                                                          "sourceExpression": "text",
                                                          "targetExpression": "@datasource.item._ILoCImwkQ0egwi0vERxauBdN3mg8MUg9.9SBjbNgZTXQ6Elod",
                                                          "targetLiteralExpression": "@datasource.item.relEmployee.Name",
                                                          "type": "BindingInfo"
                                                        }],
                                                        "type": "List[BindingInfo]"
                                                      }
                                                    },
                                                    {
                                                      "k": "text",
                                                      "v": "Label"
                                                    },
                                                    {
                                                      "k": "autoWidth",
                                                      "v": true
                                                    },
                                                    {
                                                      "k": "autoHeight",
                                                      "v": true
                                                    },
                                                    {
                                                      "k": "grow",
                                                      "v": 1
                                                    }
                                                  ],
                                                  "type": "ComponentInfo"
                                                },
                                                {
                                                  "class": "SimpleButton",
                                                  "key": "0_832249606",
                                                  "propList": [
                                                    {
                                                      "k": "styleMap",
                                                      "v": {
                                                        "name": "styleMap",
                                                        "properties": [{
                                                          "name": "margin-right",
                                                          "value": "24px"
                                                        }],
                                                        "type": "PropertyMap[styleMap]"
                                                      }
                                                    },
                                                    {
                                                      "k": "width",
                                                      "v": 92
                                                    },
                                                    {
                                                      "k": "height",
                                                      "v": 36
                                                    },
                                                    {
                                                      "k": "name",
                                                      "v": "DeleteButton"
                                                    },
                                                    {
                                                      "k": "variant",
                                                      "v": "Icon"
                                                    },
                                                    {
                                                      "k": "text",
                                                      "v": "Delete"
                                                    },
                                                    {
                                                      "k": "title",
                                                      "v": "Delete"
                                                    },
                                                    {
                                                      "k": "ariaLabel",
                                                      "v": "Delete table row"
                                                    },
                                                    {
                                                      "k": "action",
                                                      "v": "widget.datasource.deleteItem();"
                                                    },
                                                    {
                                                      "k": "constrain_right",
                                                      "v": true
                                                    },
                                                    {
                                                      "k": "constrain_left",
                                                      "v": false
                                                    },
                                                    {
                                                      "k": "right",
                                                      "v": 8
                                                    },
                                                    {
                                                      "k": "top",
                                                      "v": 6
                                                    },
                                                    {
                                                      "k": "left",
                                                      "v": 580
                                                    },
                                                    {
                                                      "k": "autoHeight",
                                                      "v": true
                                                    },
                                                    {
                                                      "k": "autoWidth",
                                                      "v": true
                                                    },
                                                    {
                                                      "k": "styles",
                                                      "v": {
                                                        "list": ["visibleOnAncestorHover"],
                                                        "type": "List[String]"
                                                      }
                                                    }
                                                  ],
                                                  "type": "ComponentInfo"
                                                }
                                              ],
                                              "type": "List[ComponentInfo]"
                                            }
                                          }
                                        ],
                                        "type": "ComponentInfo"
                                      }],
                                      "type": "List[ComponentInfo]"
                                    }
                                  },
                                  {
                                    "k": "width",
                                    "v": 400
                                  },
                                  {
                                    "k": "height",
                                    "v": 200
                                  },
                                  {
                                    "k": "name",
                                    "v": "Table1Body"
                                  },
                                  {
                                    "k": "suffixName",
                                    "v": "Body"
                                  },
                                  {
                                    "k": "autoWidth",
                                    "v": true
                                  },
                                  {
                                    "k": "align",
                                    "v": "stretch"
                                  },
                                  {
                                    "k": "autoHeight",
                                    "v": true
                                  },
                                  {
                                    "k": "grow",
                                    "v": 1
                                  },
                                  {
                                    "k": "editorNonInheritedLocked",
                                    "v": true
                                  },
                                  {
                                    "k": "constrain_width",
                                    "v": false
                                  },
                                  {
                                    "k": "constrain_right",
                                    "v": true
                                  }
                                ],
                                "type": "ComponentInfo"
                              }
                            ],
                            "type": "List[ComponentInfo]"
                          }
                        },
                        {
                          "k": "autoWidth",
                          "v": true
                        },
                        {
                          "k": "align",
                          "v": "stretch"
                        },
                        {
                          "k": "autoHeight",
                          "v": true
                        },
                        {
                          "k": "grow",
                          "v": 1
                        },
                        {
                          "k": "editorNonInheritedLocked",
                          "v": true
                        },
                        {
                          "k": "constrain_width",
                          "v": false
                        },
                        {
                          "k": "constrain_right",
                          "v": true
                        }
                      ],
                      "type": "ComponentInfo"
                    },
                    {
                      "class": "Pager",
                      "key": "0_1690040972",
                      "propList": [
                        {
                          "k": "styleMap",
                          "v": {
                            "name": "styleMap",
                            "properties": [
                              {
                                "name": "margin-right",
                                "value": "14px"
                              },
                              {
                                "name": "margin-bottom",
                                "value": "14px"
                              }
                            ],
                            "type": "PropertyMap[styleMap]"
                          }
                        },
                        {
                          "k": "autoHeight",
                          "v": true
                        },
                        {
                          "k": "width",
                          "v": 140
                        },
                        {
                          "k": "height",
                          "v": 32
                        },
                        {
                          "k": "onPreviousClick",
                          "v": "widget.datasource.prevPage();"
                        },
                        {
                          "k": "onNextClick",
                          "v": "widget.datasource.nextPage();"
                        },
                        {
                          "k": "bindings",
                          "v": {
                            "list": [
                              {
                                "sourceExpression": "visible",
                                "targetExpression": "@datasource.loaded \u0026\u0026 !(@datasource.firstPage \u0026\u0026 @datasource.lastPage)",
                                "targetLiteralExpression": "@datasource.loaded \u0026\u0026 !(@datasource.firstPage \u0026\u0026 @datasource.lastPage)",
                                "type": "BindingInfo"
                              },
                              {
                                "sourceExpression": "previousEnabled",
                                "targetExpression": "!@datasource.firstPage \u0026\u0026 !@datasource.loading \u0026\u0026 !@datasource.creating",
                                "targetLiteralExpression": "!@datasource.firstPage \u0026\u0026 !@datasource.loading \u0026\u0026 !@datasource.creating",
                                "type": "BindingInfo"
                              },
                              {
                                "sourceExpression": "nextEnabled",
                                "targetExpression": "!@datasource.lastPage \u0026\u0026 !@datasource.loading \u0026\u0026 !@datasource.creating",
                                "targetLiteralExpression": "!@datasource.lastPage \u0026\u0026 !@datasource.loading \u0026\u0026 !@datasource.creating",
                                "type": "BindingInfo"
                              },
                              {
                                "sourceExpression": "text",
                                "targetExpression": "\"Page \" + @datasource.query.pageIndex",
                                "targetLiteralExpression": "\"Page \" + @datasource.query.pageIndex",
                                "type": "BindingInfo"
                              }
                            ],
                            "type": "List[BindingInfo]"
                          }
                        },
                        {
                          "k": "name",
                          "v": "Table1Pager"
                        },
                        {
                          "k": "suffixName",
                          "v": "Pager"
                        },
                        {
                          "k": "constrain_top",
                          "v": false
                        },
                        {
                          "k": "constrain_bottom",
                          "v": true
                        },
                        {
                          "k": "bottom",
                          "v": 10
                        },
                        {
                          "k": "constrain_left",
                          "v": false
                        },
                        {
                          "k": "constrain_right",
                          "v": true
                        },
                        {
                          "k": "right",
                          "v": 10
                        },
                        {
                          "k": "text",
                          "v": "@expr"
                        },
                        {
                          "k": "align",
                          "v": "end"
                        }
                      ],
                      "type": "ComponentInfo"
                    }
                  ],
                  "type": "List[ComponentInfo]"
                }
              },
              {
                "k": "top",
                "v": 88
              },
              {
                "k": "left",
                "v": 36
              },
              {
                "k": "right",
                "v": 280
              },
              {
                "k": "bottom",
                "v": 413
              },
              {
                "k": "bindings",
                "v": {
                  "list": [],
                  "type": "List[BindingInfo]"
                }
              }
            ],
            "type": "ComponentInfo"
          },
          {
            "class": "Dropdown",
            "key": "0_1831541211",
            "propList": [
              {
                "k": "styleMap",
                "v": {
                  "name": "styleMap",
                  "properties": [],
                  "type": "PropertyMap[styleMap]"
                }
              },
              {
                "k": "width",
                "v": 150
              },
              {
                "k": "height",
                "v": 32
              },
              {
                "k": "name",
                "v": "Dropdown1"
              },
              {
                "k": "left",
                "v": 36
              },
              {
                "k": "top",
                "v": 38
              },
              {
                "k": "autoHeight",
                "v": true
              },
              {
                "k": "right",
                "v": 774
              },
              {
                "k": "bottom",
                "v": 890
              },
              {
                "k": "bindings",
                "v": {
                  "list": [
                    {
                      "sourceExpression": "options",
                      "targetExpression": "@models.MSrS8eNmLFI5qnxc9TSqh4P1BxU2qPrx.datasources.MSrS8eNmLFI5qnxc9TSqh4P1BxU2qPrx_default.items",
                      "targetLiteralExpression": "@models.Employee.datasources.Employee.items",
                      "type": "BindingInfo"
                    },
                    {
                      "sourceExpression": "value",
                      "targetExpression": "@datasources.FXovqvoZXYqpt9jieART5ysxstuIChk4_default.query.filters._ILoCImwkQ0egwi0vERxauBdN3mg8MUg9.EQ",
                      "targetLiteralExpression": "@datasources.Cases.query.filters.relEmployee._equals",
                      "type": "BindingInfo"
                    }
                  ],
                  "type": "List[BindingInfo]"
                }
              },
              {
                "k": "onValueEdit",
                "v": "widget.datasource.load();"
              }
            ],
            "type": "ComponentInfo"
          },
          {
            "class": "TextAreaComponent",
            "key": "0_292323013",
            "propList": [
              {
                "k": "styleMap",
                "v": {
                  "name": "styleMap",
                  "properties": [],
                  "type": "PropertyMap[styleMap]"
                }
              },
              {
                "k": "width",
                "v": 160
              },
              {
                "k": "height",
                "v": 33
              },
              {
                "k": "name",
                "v": "TextArea1"
              },
              {
                "k": "left",
                "v": 520
              },
              {
                "k": "top",
                "v": 38
              },
              {
                "k": "right",
                "v": 280
              },
              {
                "k": "bottom",
                "v": 889
              },
              {
                "k": "label",
                "v": "Datasource Length"
              },
              {
                "k": "bindings",
                "v": {
                  "list": [{
                    "sourceExpression": "value",
                    "targetExpression": "@properties.tdDZTRzz",
                    "targetLiteralExpression": "@properties.DatasourceLength",
                    "type": "BindingInfo"
                  }],
                  "type": "List[BindingInfo]"
                }
              }
            ],
            "type": "ComponentInfo"
          }
        ],
        "type": "List[ComponentInfo]"
      }
    },
    {
      "k": "onDataLoad",
      "v": "getCasesLength();"
    },
    {
      "k": "onLoad",
      "v": "increasePageSize();"
    }
  ],
  "type": "ComponentInfo"
}