{
  "dataSources": [{
    "key": "XB8pGwB9a42JUZqxE0JbHq8b91OOSnP2_default",
    "modelKey": "XB8pGwB9a42JUZqxE0JbHq8b91OOSnP2",
    "name": "Department",
    "pageSize": 100,
    "type": "QUERY"
  }],
  "defaultDataSourceKey": "XB8pGwB9a42JUZqxE0JbHq8b91OOSnP2_default",
  "displayNameField": "bKPPKY7PYN5Hpx0Y",
  "eventPermissions": [
    {
      "name": "ON_CREATE",
      "type": "inherited"
    },
    {
      "name": "ON_LOAD",
      "type": "inherited"
    },
    {
      "name": "ON_SAVE",
      "type": "inherited"
    },
    {
      "name": "ON_DELETE",
      "type": "inherited"
    }
  ],
  "events": [],
  "fields": [
    {
      "allowedFilterOperators": [
        "contains",
        "eq",
        "gt",
        "gte",
        "in",
        "lt",
        "lte",
        "ne",
        "notContains",
        "notIn",
        "notStartsWith",
        "startsWith"
      ],
      "columnName": "Department",
      "key": "bKPPKY7PYN5Hpx0Y",
      "minLength": 0,
      "name": "Department",
      "required": false,
      "type": "String"
    },
    {
      "allowedFilterOperators": [
        "contains",
        "eq",
        "gt",
        "gte",
        "in",
        "lt",
        "lte",
        "ne",
        "notContains",
        "notIn",
        "notStartsWith",
        "startsWith"
      ],
      "columnName": "Location",
      "key": "u8VEKWJL1gFOSJAB",
      "minLength": 0,
      "name": "Location",
      "required": false,
      "type": "String"
    }
  ],
  "key": "XB8pGwB9a42JUZqxE0JbHq8b91OOSnP2",
  "modelPermission": {
    "name": "model permission",
    "permissions": [
      {"type": "nobody"},
      {
        "groupKeys": ["Admins"],
        "type": "groups"
      }
    ],
    "type": "compound"
  },
  "name": "Department",
  "type": "BRIX",
  "userIdFieldType": "USER_ID"
}