{
  "dataSources": [{
    "key": "uMxgeY3KGVnK9K6H2opDdnbrBxCjBORo_default",
    "modelKey": "uMxgeY3KGVnK9K6H2opDdnbrBxCjBORo",
    "name": "Employee",
    "pageSize": 100,
    "type": "QUERY"
  }],
  "defaultDataSourceKey": "uMxgeY3KGVnK9K6H2opDdnbrBxCjBORo_default",
  "eventPermissions": [
    {
      "name": "ON_CREATE",
      "type": "inherited"
    },
    {
      "name": "ON_LOAD",
      "type": "inherited"
    },
    {
      "name": "ON_SAVE",
      "type": "inherited"
    },
    {
      "name": "ON_DELETE",
      "type": "inherited"
    }
  ],
  "events": [],
  "fields": [
    {
      "allowedFilterOperators": [
        "contains",
        "eq",
        "gt",
        "gte",
        "in",
        "lt",
        "lte",
        "ne",
        "notContains",
        "notIn",
        "notStartsWith",
        "startsWith"
      ],
      "columnName": "FirstName",
      "key": "cnTrh3wV2jT7BHaR",
      "minLength": 0,
      "name": "FirstName",
      "required": false,
      "type": "String"
    },
    {
      "allowedFilterOperators": [
        "contains",
        "eq",
        "gt",
        "gte",
        "in",
        "lt",
        "lte",
        "ne",
        "notContains",
        "notIn",
        "notStartsWith",
        "startsWith"
      ],
      "columnName": "LastName",
      "key": "QQUNqn8Ly3bddoHy",
      "minLength": 0,
      "name": "LastName",
      "required": false,
      "type": "String"
    },
    {
      "allowedFilterOperators": [
        "contains",
        "eq",
        "gt",
        "gte",
        "in",
        "lt",
        "lte",
        "ne",
        "notContains",
        "notIn",
        "notStartsWith",
        "startsWith"
      ],
      "columnName": "Email",
      "key": "w9fmSDUnMdOEbiNd",
      "minLength": 0,
      "name": "Email",
      "required": false,
      "type": "String"
    },
    {
      "allowedFilterOperators": [
        "eq",
        "gt",
        "gte",
        "in",
        "lt",
        "lte",
        "ne",
        "notIn"
      ],
      "columnName": "StartDate",
      "key": "9Q0Yt45D73JayR5g",
      "name": "StartDate",
      "required": false,
      "type": "Date"
    }
  ],
  "key": "uMxgeY3KGVnK9K6H2opDdnbrBxCjBORo",
  "modelPermission": {
    "name": "model permission",
    "permissions": [
      {"type": "nobody"},
      {
        "groupKeys": ["Admins"],
        "type": "groups"
      }
    ],
    "type": "compound"
  },
  "name": "Employee",
  "type": "BRIX",
  "userIdFieldType": "USER_ID"
}