{
  "dataSources": [{
    "key": "qjSic6rhlSJtaaU34mFnL9EWR8XYiHG2_default",
    "modelKey": "qjSic6rhlSJtaaU34mFnL9EWR8XYiHG2",
    "name": "Components",
    "pageSize": 100,
    "type": "QUERY"
  }],
  "defaultDataSourceKey": "qjSic6rhlSJtaaU34mFnL9EWR8XYiHG2_default",
  "eventPermissions": [
    {
      "name": "ON_CREATE",
      "type": "inherited"
    },
    {
      "name": "ON_LOAD",
      "type": "inherited"
    },
    {
      "name": "ON_SAVE",
      "type": "inherited"
    },
    {
      "name": "ON_DELETE",
      "type": "inherited"
    }
  ],
  "events": [],
  "fields": [{
    "allowedFilterOperators": [
      "contains",
      "eq",
      "gt",
      "gte",
      "in",
      "lt",
      "lte",
      "ne",
      "notContains",
      "notIn",
      "notStartsWith",
      "startsWith"
    ],
    "columnName": "Component",
    "key": "8WftvvHOvAn2WooZ",
    "minLength": 0,
    "name": "Component",
    "required": false,
    "type": "String"
  }],
  "key": "qjSic6rhlSJtaaU34mFnL9EWR8XYiHG2",
  "modelPermission": {
    "name": "model permission",
    "permissions": [
      {"type": "nobody"},
      {
        "groupKeys": ["Admins"],
        "type": "groups"
      }
    ],
    "type": "compound"
  },
  "name": "Components",
  "type": "BRIX",
  "userIdFieldType": "USER_ID"
}