{
  "dataSources": [{
    "key": "uMxgeY3KGVnK9K6H2opDdnbrBxCjBORo_default",
    "modelKey": "uMxgeY3KGVnK9K6H2opDdnbrBxCjBORo",
    "name": "Times",
    "pageSize": 100,
    "type": "QUERY"
  }],
  "defaultDataSourceKey": "uMxgeY3KGVnK9K6H2opDdnbrBxCjBORo_default",
  "eventPermissions": [
    {
      "name": "ON_CREATE",
      "type": "inherited"
    },
    {
      "name": "ON_LOAD",
      "type": "inherited"
    },
    {
      "name": "ON_SAVE",
      "type": "inherited"
    },
    {
      "name": "ON_DELETE",
      "type": "inherited"
    }
  ],
  "events": [],
  "fields": [{
    "allowedFilterOperators": [
      "contains",
      "eq",
      "gt",
      "gte",
      "in",
      "lt",
      "lte",
      "ne",
      "notContains",
      "notIn",
      "notStartsWith",
      "startsWith"
    ],
    "columnName": "Time",
    "key": "cnTrh3wV2jT7BHaR",
    "minLength": 0,
    "name": "Time",
    "possibleValues": {
      "list": [
        "12:00 AM",
        "1:00 AM",
        "2:00 AM",
        "3:00 AM",
        "4:00 AM",
        "5:00 AM",
        "6:00 AM",
        "7:00 AM",
        "8:00 AM",
        "9:00 AM",
        "10:00 AM",
        "11:00 AM",
        "12:00 PM",
        "1:00 PM",
        "2:00 PM",
        "3:00 PM",
        "4:00 PM",
        "5:00 PM",
        "6:00 PM",
        "7:00 PM",
        "8:00 PM",
        "9:00 PM",
        "10:00 PM",
        "11:00 PM"
      ],
      "type": "List[String]"
    },
    "required": false,
    "type": "String"
  }],
  "key": "uMxgeY3KGVnK9K6H2opDdnbrBxCjBORo",
  "modelPermission": {
    "name": "model permission",
    "permissions": [
      {"type": "nobody"},
      {
        "groupKeys": ["Admins"],
        "type": "groups"
      }
    ],
    "type": "compound"
  },
  "name": "Times",
  "type": "BRIX",
  "userIdFieldType": "USER_ID"
}