{
  "class": "Panel",
  "key": "fuzHjDgPYE3ET94T6N7TghLzg7rwm0On",
  "permission": {
    "name": "canRead",
    "type": "compoundEveryone"
  },
  "propList": [
    {
      "k": "styleMap",
      "v": {
        "name": "styleMap",
        "properties": [],
        "type": "PropertyMap[styleMap]"
      }
    },
    {
      "k": "width",
      "v": 960
    },
    {
      "k": "height",
      "v": 960
    },
    {
      "k": "name",
      "v": "vendorFinder"
    },
    {
      "k": "variant",
      "v": "Background"
    },
    {
      "k": "top",
      "v": 4
    },
    {
      "k": "left",
      "v": 4
    },
    {
      "k": "children",
      "v": {
        "list": [
          {
            "class": "Panel",
            "key": "0_447143088",
            "propList": [
              {
                "k": "styleMap",
                "v": {
                  "name": "styleMap",
                  "properties": [],
                  "type": "PropertyMap[styleMap]"
                }
              },
              {
                "k": "width",
                "v": 440
              },
              {
                "k": "height",
                "v": 500
              },
              {
                "k": "name",
                "v": "Form1"
              },
              {
                "k": "layout",
                "v": "vertical"
              },
              {
                "k": "autoHeight",
                "v": true
              },
              {
                "k": "bindings",
                "v": {
                  "list": [{
                    "sourceExpression": "_dataSource",
                    "targetExpression": "@datasources.uMxgeY3KGVnK9K6H2opDdnbrBxCjBORo_default.modes.create",
                    "targetLiteralExpression": "@datasources.Times.modes.create",
                    "type": "BindingInfo"
                  }],
                  "type": "List[BindingInfo]"
                }
              },
              {
                "k": "variant",
                "v": "Paper"
              },
              {
                "k": "styles",
                "v": {
                  "list": ["app-Form"],
                  "type": "List[String]"
                }
              },
              {
                "k": "children",
                "v": {
                  "list": [
                    {
                      "class": "Panel",
                      "key": "0_1263376046",
                      "propList": [
                        {
                          "k": "styleMap",
                          "v": {
                            "name": "styleMap",
                            "properties": [],
                            "type": "PropertyMap[styleMap]"
                          }
                        },
                        {
                          "k": "width",
                          "v": 200
                        },
                        {
                          "k": "height",
                          "v": 200
                        },
                        {
                          "k": "name",
                          "v": "Form1Header"
                        },
                        {
                          "k": "suffixName",
                          "v": "Header"
                        },
                        {
                          "k": "layout",
                          "v": "horizontal"
                        },
                        {
                          "k": "variant",
                          "v": "Transparent"
                        },
                        {
                          "k": "styles",
                          "v": {
                            "list": ["app-FormHeader"],
                            "type": "List[String]"
                          }
                        },
                        {
                          "k": "autoWidth",
                          "v": true
                        },
                        {
                          "k": "align",
                          "v": "stretch"
                        },
                        {
                          "k": "autoHeight",
                          "v": true
                        },
                        {
                          "k": "children",
                          "v": {
                            "list": [
                              {
                                "class": "SimpleLabel",
                                "key": "0_933239877",
                                "propList": [
                                  {
                                    "k": "styleMap",
                                    "v": {
                                      "name": "styleMap",
                                      "properties": [],
                                      "type": "PropertyMap[styleMap]"
                                    }
                                  },
                                  {
                                    "k": "width",
                                    "v": 100
                                  },
                                  {
                                    "k": "height",
                                    "v": 20
                                  },
                                  {
                                    "k": "name",
                                    "v": "Title"
                                  },
                                  {
                                    "k": "text",
                                    "v": "Create Times"
                                  },
                                  {
                                    "k": "autoWidth",
                                    "v": true
                                  },
                                  {
                                    "k": "autoHeight",
                                    "v": true
                                  },
                                  {
                                    "k": "variant",
                                    "v": "Title"
                                  },
                                  {
                                    "k": "grow",
                                    "v": 1
                                  }
                                ],
                                "type": "ComponentInfo"
                              },
                              {
                                "class": "LoadingIndicator",
                                "key": "0_2009350670",
                                "propList": [
                                  {
                                    "k": "styleMap",
                                    "v": {
                                      "name": "styleMap",
                                      "properties": [],
                                      "type": "PropertyMap[styleMap]"
                                    }
                                  },
                                  {
                                    "k": "bindings",
                                    "v": {
                                      "list": [{
                                        "sourceExpression": "visible",
                                        "targetExpression": "@datasource.loading || @datasource.creating || @datasource.deleting",
                                        "targetLiteralExpression": "@datasource.loading || @datasource.creating || @datasource.deleting",
                                        "type": "BindingInfo"
                                      }],
                                      "type": "List[BindingInfo]"
                                    }
                                  },
                                  {
                                    "k": "width",
                                    "v": 22
                                  },
                                  {
                                    "k": "height",
                                    "v": 22
                                  },
                                  {
                                    "k": "name",
                                    "v": "Form1Spinner"
                                  },
                                  {
                                    "k": "suffixName",
                                    "v": "Spinner"
                                  },
                                  {
                                    "k": "align",
                                    "v": "center"
                                  }
                                ],
                                "type": "ComponentInfo"
                              }
                            ],
                            "type": "List[ComponentInfo]"
                          }
                        },
                        {
                          "k": "justify",
                          "v": "spaceBetween"
                        },
                        {
                          "k": "editorNonInheritedLocked",
                          "v": true
                        }
                      ],
                      "type": "ComponentInfo"
                    },
                    {
                      "class": "Panel",
                      "key": "0_273489141",
                      "propList": [
                        {
                          "k": "styleMap",
                          "v": {
                            "name": "styleMap",
                            "properties": [],
                            "type": "PropertyMap[styleMap]"
                          }
                        },
                        {
                          "k": "width",
                          "v": 200
                        },
                        {
                          "k": "height",
                          "v": 200
                        },
                        {
                          "k": "name",
                          "v": "Form1Body"
                        },
                        {
                          "k": "suffixName",
                          "v": "Body"
                        },
                        {
                          "k": "layout",
                          "v": "vertical"
                        },
                        {
                          "k": "variant",
                          "v": "Transparent"
                        },
                        {
                          "k": "styles",
                          "v": {
                            "list": ["app-FormBody"],
                            "type": "List[String]"
                          }
                        },
                        {
                          "k": "autoWidth",
                          "v": true
                        },
                        {
                          "k": "align",
                          "v": "stretch"
                        },
                        {
                          "k": "autoHeight",
                          "v": true
                        },
                        {
                          "k": "editorNonInheritedLocked",
                          "v": true
                        },
                        {
                          "k": "children",
                          "v": {
                            "list": [{
                              "class": "Dropdown",
                              "key": "0_1408507007",
                              "propList": [
                                {
                                  "k": "styleMap",
                                  "v": {
                                    "name": "styleMap",
                                    "properties": [],
                                    "type": "PropertyMap[styleMap]"
                                  }
                                },
                                {
                                  "k": "width",
                                  "v": 150
                                },
                                {
                                  "k": "height",
                                  "v": 32
                                },
                                {
                                  "k": "name",
                                  "v": "Field1"
                                },
                                {
                                  "k": "bindings",
                                  "v": {
                                    "list": [
                                      {
                                        "sourceExpression": "value",
                                        "targetExpression": "@datasource.item.cnTrh3wV2jT7BHaR",
                                        "targetLiteralExpression": "@datasource.item.Time",
                                        "type": "BindingInfo"
                                      },
                                      {
                                        "sourceExpression": "options",
                                        "targetExpression": "@datasource.model.fields.cnTrh3wV2jT7BHaR.possibleValues",
                                        "targetLiteralExpression": "@datasource.model.fields.Time.possibleValues",
                                        "type": "BindingInfo"
                                      },
                                      {
                                        "sourceExpression": "label",
                                        "targetExpression": "@models.uMxgeY3KGVnK9K6H2opDdnbrBxCjBORo.fields.cnTrh3wV2jT7BHaR.displayName",
                                        "targetLiteralExpression": "@models.Times.fields.Time.displayName",
                                        "type": "BindingInfo"
                                      }
                                    ],
                                    "type": "List[BindingInfo]"
                                  }
                                },
                                {
                                  "k": "autoWidth",
                                  "v": true
                                },
                                {
                                  "k": "align",
                                  "v": "stretch"
                                },
                                {
                                  "k": "autoHeight",
                                  "v": true
                                }
                              ],
                              "type": "ComponentInfo"
                            }],
                            "type": "List[ComponentInfo]"
                          }
                        }
                      ],
                      "type": "ComponentInfo"
                    },
                    {
                      "class": "Panel",
                      "key": "0_1017568015",
                      "propList": [
                        {
                          "k": "styleMap",
                          "v": {
                            "name": "styleMap",
                            "properties": [],
                            "type": "PropertyMap[styleMap]"
                          }
                        },
                        {
                          "k": "width",
                          "v": 200
                        },
                        {
                          "k": "height",
                          "v": 200
                        },
                        {
                          "k": "name",
                          "v": "Spring"
                        },
                        {
                          "k": "layout",
                          "v": "horizontal"
                        },
                        {
                          "k": "variant",
                          "v": "Transparent"
                        },
                        {
                          "k": "autoWidth",
                          "v": true
                        },
                        {
                          "k": "align",
                          "v": "stretch"
                        },
                        {
                          "k": "autoHeight",
                          "v": true
                        },
                        {
                          "k": "editorNonInheritedLocked",
                          "v": true
                        },
                        {
                          "k": "minHeight",
                          "v": 16
                        },
                        {
                          "k": "grow",
                          "v": 1
                        }
                      ],
                      "type": "ComponentInfo"
                    },
                    {
                      "class": "Panel",
                      "key": "0_230130134",
                      "propList": [
                        {
                          "k": "styleMap",
                          "v": {
                            "name": "styleMap",
                            "properties": [],
                            "type": "PropertyMap[styleMap]"
                          }
                        },
                        {
                          "k": "width",
                          "v": 200
                        },
                        {
                          "k": "height",
                          "v": 200
                        },
                        {
                          "k": "name",
                          "v": "Form1Footer"
                        },
                        {
                          "k": "suffixName",
                          "v": "Footer"
                        },
                        {
                          "k": "layout",
                          "v": "horizontal"
                        },
                        {
                          "k": "variant",
                          "v": "Transparent"
                        },
                        {
                          "k": "styles",
                          "v": {
                            "list": ["app-FormFooter"],
                            "type": "List[String]"
                          }
                        },
                        {
                          "k": "autoWidth",
                          "v": true
                        },
                        {
                          "k": "align",
                          "v": "stretch"
                        },
                        {
                          "k": "autoHeight",
                          "v": true
                        },
                        {
                          "k": "justify",
                          "v": "end"
                        },
                        {
                          "k": "alignChildren",
                          "v": "center"
                        },
                        {
                          "k": "editorNonInheritedLocked",
                          "v": true
                        },
                        {
                          "k": "children",
                          "v": {
                            "list": [
                              {
                                "class": "SimpleButton",
                                "key": "0_1527341864",
                                "propList": [
                                  {
                                    "k": "styleMap",
                                    "v": {
                                      "name": "styleMap",
                                      "properties": [],
                                      "type": "PropertyMap[styleMap]"
                                    }
                                  },
                                  {
                                    "k": "width",
                                    "v": 92
                                  },
                                  {
                                    "k": "height",
                                    "v": 36
                                  },
                                  {
                                    "k": "name",
                                    "v": "Form1ClearButton"
                                  },
                                  {
                                    "k": "suffixName",
                                    "v": "ClearButton"
                                  },
                                  {
                                    "k": "text",
                                    "v": "Clear"
                                  },
                                  {
                                    "k": "action",
                                    "v": "widget.datasource.clearChanges();"
                                  },
                                  {
                                    "k": "title",
                                    "v": "Reset all changes"
                                  },
                                  {
                                    "k": "autoWidth",
                                    "v": true
                                  },
                                  {
                                    "k": "autoHeight",
                                    "v": true
                                  }
                                ],
                                "type": "ComponentInfo"
                              },
                              {
                                "class": "SimpleButton",
                                "key": "0_1548839223",
                                "propList": [
                                  {
                                    "k": "styleMap",
                                    "v": {
                                      "name": "styleMap",
                                      "properties": [],
                                      "type": "PropertyMap[styleMap]"
                                    }
                                  },
                                  {
                                    "k": "width",
                                    "v": 92
                                  },
                                  {
                                    "k": "height",
                                    "v": 36
                                  },
                                  {
                                    "k": "name",
                                    "v": "Form1SubmitButton"
                                  },
                                  {
                                    "k": "suffixName",
                                    "v": "SubmitButton"
                                  },
                                  {
                                    "k": "variant",
                                    "v": "FlatColor"
                                  },
                                  {
                                    "k": "text",
                                    "v": "Submit"
                                  },
                                  {
                                    "k": "action",
                                    "v": "widget.datasource.createItem();"
                                  },
                                  {
                                    "k": "bindings",
                                    "v": {
                                      "list": [{
                                        "sourceExpression": "enabled",
                                        "targetExpression": "@widget.parent.parent.valid",
                                        "targetLiteralExpression": "@widget.parent.parent.valid",
                                        "type": "BindingInfo"
                                      }],
                                      "type": "List[BindingInfo]"
                                    }
                                  },
                                  {
                                    "k": "title",
                                    "v": "Submit item"
                                  },
                                  {
                                    "k": "autoWidth",
                                    "v": true
                                  },
                                  {
                                    "k": "autoHeight",
                                    "v": true
                                  }
                                ],
                                "type": "ComponentInfo"
                              }
                            ],
                            "type": "List[ComponentInfo]"
                          }
                        }
                      ],
                      "type": "ComponentInfo"
                    }
                  ],
                  "type": "List[ComponentInfo]"
                }
              },
              {
                "k": "top",
                "v": 556
              },
              {
                "k": "left",
                "v": 30
              },
              {
                "k": "right",
                "v": 490
              },
              {
                "k": "bottom",
                "v": -96
              }
            ],
            "type": "ComponentInfo"
          },
          {
            "class": "Panel",
            "key": "0_685304067",
            "propList": [
              {
                "k": "styleMap",
                "v": {
                  "name": "styleMap",
                  "properties": [],
                  "type": "PropertyMap[styleMap]"
                }
              },
              {
                "k": "width",
                "v": 440
              },
              {
                "k": "height",
                "v": 500
              },
              {
                "k": "name",
                "v": "Form2"
              },
              {
                "k": "layout",
                "v": "vertical"
              },
              {
                "k": "autoHeight",
                "v": true
              },
              {
                "k": "bindings",
                "v": {
                  "list": [{
                    "sourceExpression": "_dataSource",
                    "targetExpression": "@datasources.uMxgeY3KGVnK9K6H2opDdnbrBxCjBORo_default",
                    "targetLiteralExpression": "@datasources.Times",
                    "type": "BindingInfo"
                  }],
                  "type": "List[BindingInfo]"
                }
              },
              {
                "k": "variant",
                "v": "Paper"
              },
              {
                "k": "styles",
                "v": {
                  "list": ["app-Form"],
                  "type": "List[String]"
                }
              },
              {
                "k": "children",
                "v": {
                  "list": [
                    {
                      "class": "Panel",
                      "key": "0_216845957",
                      "propList": [
                        {
                          "k": "styleMap",
                          "v": {
                            "name": "styleMap",
                            "properties": [],
                            "type": "PropertyMap[styleMap]"
                          }
                        },
                        {
                          "k": "width",
                          "v": 200
                        },
                        {
                          "k": "height",
                          "v": 200
                        },
                        {
                          "k": "name",
                          "v": "Form2Header"
                        },
                        {
                          "k": "suffixName",
                          "v": "Header"
                        },
                        {
                          "k": "layout",
                          "v": "horizontal"
                        },
                        {
                          "k": "variant",
                          "v": "Transparent"
                        },
                        {
                          "k": "styles",
                          "v": {
                            "list": ["app-FormHeader"],
                            "type": "List[String]"
                          }
                        },
                        {
                          "k": "autoWidth",
                          "v": true
                        },
                        {
                          "k": "align",
                          "v": "stretch"
                        },
                        {
                          "k": "autoHeight",
                          "v": true
                        },
                        {
                          "k": "children",
                          "v": {
                            "list": [
                              {
                                "class": "SimpleLabel",
                                "key": "0_1089611448",
                                "propList": [
                                  {
                                    "k": "styleMap",
                                    "v": {
                                      "name": "styleMap",
                                      "properties": [],
                                      "type": "PropertyMap[styleMap]"
                                    }
                                  },
                                  {
                                    "k": "width",
                                    "v": 100
                                  },
                                  {
                                    "k": "height",
                                    "v": 20
                                  },
                                  {
                                    "k": "name",
                                    "v": "Title1"
                                  },
                                  {
                                    "k": "text",
                                    "v": "Edit Times"
                                  },
                                  {
                                    "k": "autoWidth",
                                    "v": true
                                  },
                                  {
                                    "k": "autoHeight",
                                    "v": true
                                  },
                                  {
                                    "k": "variant",
                                    "v": "Title"
                                  },
                                  {
                                    "k": "grow",
                                    "v": 1
                                  }
                                ],
                                "type": "ComponentInfo"
                              },
                              {
                                "class": "LoadingIndicator",
                                "key": "0_1979718126",
                                "propList": [
                                  {
                                    "k": "styleMap",
                                    "v": {
                                      "name": "styleMap",
                                      "properties": [],
                                      "type": "PropertyMap[styleMap]"
                                    }
                                  },
                                  {
                                    "k": "bindings",
                                    "v": {
                                      "list": [{
                                        "sourceExpression": "visible",
                                        "targetExpression": "@datasource.loading || @datasource.creating || @datasource.deleting",
                                        "targetLiteralExpression": "@datasource.loading || @datasource.creating || @datasource.deleting",
                                        "type": "BindingInfo"
                                      }],
                                      "type": "List[BindingInfo]"
                                    }
                                  },
                                  {
                                    "k": "width",
                                    "v": 22
                                  },
                                  {
                                    "k": "height",
                                    "v": 22
                                  },
                                  {
                                    "k": "name",
                                    "v": "Form2Spinner"
                                  },
                                  {
                                    "k": "suffixName",
                                    "v": "Spinner"
                                  },
                                  {
                                    "k": "align",
                                    "v": "center"
                                  }
                                ],
                                "type": "ComponentInfo"
                              },
                              {
                                "class": "SimpleButton",
                                "key": "0_1534266309",
                                "propList": [
                                  {
                                    "k": "styleMap",
                                    "v": {
                                      "name": "styleMap",
                                      "properties": [],
                                      "type": "PropertyMap[styleMap]"
                                    }
                                  },
                                  {
                                    "k": "width",
                                    "v": 92
                                  },
                                  {
                                    "k": "height",
                                    "v": 36
                                  },
                                  {
                                    "k": "name",
                                    "v": "Form2CreateButton"
                                  },
                                  {
                                    "k": "suffixName",
                                    "v": "CreateButton"
                                  },
                                  {
                                    "k": "variant",
                                    "v": "FlatColor"
                                  },
                                  {
                                    "k": "text",
                                    "v": "Create"
                                  },
                                  {
                                    "k": "action",
                                    "v": "// GENERATED CODE: modify at your own risk\nwidget.datasource.createItem(function() {\n  var formName \u003d widget.name.slice(0, -12);\n  widget.root.descendants[formName + \"Body\"].focusFirstWidget();\n});"
                                  },
                                  {
                                    "k": "bindings",
                                    "v": {
                                      "list": [{
                                        "sourceExpression": "enabled",
                                        "targetExpression": "!@datasource.loading \u0026\u0026 !@datasource.creating",
                                        "targetLiteralExpression": "!@datasource.loading \u0026\u0026 !@datasource.creating",
                                        "type": "BindingInfo"
                                      }],
                                      "type": "List[BindingInfo]"
                                    }
                                  },
                                  {
                                    "k": "title",
                                    "v": "Create new item"
                                  },
                                  {
                                    "k": "autoWidth",
                                    "v": true
                                  },
                                  {
                                    "k": "autoHeight",
                                    "v": true
                                  }
                                ],
                                "type": "ComponentInfo"
                              }
                            ],
                            "type": "List[ComponentInfo]"
                          }
                        },
                        {
                          "k": "justify",
                          "v": "spaceBetween"
                        },
                        {
                          "k": "editorNonInheritedLocked",
                          "v": true
                        }
                      ],
                      "type": "ComponentInfo"
                    },
                    {
                      "class": "Panel",
                      "key": "0_1710631134",
                      "propList": [
                        {
                          "k": "styleMap",
                          "v": {
                            "name": "styleMap",
                            "properties": [],
                            "type": "PropertyMap[styleMap]"
                          }
                        },
                        {
                          "k": "width",
                          "v": 200
                        },
                        {
                          "k": "height",
                          "v": 200
                        },
                        {
                          "k": "name",
                          "v": "Form2Body"
                        },
                        {
                          "k": "suffixName",
                          "v": "Body"
                        },
                        {
                          "k": "layout",
                          "v": "vertical"
                        },
                        {
                          "k": "variant",
                          "v": "Transparent"
                        },
                        {
                          "k": "styles",
                          "v": {
                            "list": ["app-FormBody"],
                            "type": "List[String]"
                          }
                        },
                        {
                          "k": "autoWidth",
                          "v": true
                        },
                        {
                          "k": "align",
                          "v": "stretch"
                        },
                        {
                          "k": "autoHeight",
                          "v": true
                        },
                        {
                          "k": "editorNonInheritedLocked",
                          "v": true
                        },
                        {
                          "k": "children",
                          "v": {
                            "list": [{
                              "class": "Dropdown",
                              "key": "0_513671250",
                              "propList": [
                                {
                                  "k": "styleMap",
                                  "v": {
                                    "name": "styleMap",
                                    "properties": [],
                                    "type": "PropertyMap[styleMap]"
                                  }
                                },
                                {
                                  "k": "width",
                                  "v": 150
                                },
                                {
                                  "k": "height",
                                  "v": 32
                                },
                                {
                                  "k": "name",
                                  "v": "Field2"
                                },
                                {
                                  "k": "bindings",
                                  "v": {
                                    "list": [
                                      {
                                        "sourceExpression": "value",
                                        "targetExpression": "@datasource.item.cnTrh3wV2jT7BHaR",
                                        "targetLiteralExpression": "@datasource.item.Time",
                                        "type": "BindingInfo"
                                      },
                                      {
                                        "sourceExpression": "options",
                                        "targetExpression": "@datasource.model.fields.cnTrh3wV2jT7BHaR.possibleValues",
                                        "targetLiteralExpression": "@datasource.model.fields.Time.possibleValues",
                                        "type": "BindingInfo"
                                      },
                                      {
                                        "sourceExpression": "label",
                                        "targetExpression": "@models.uMxgeY3KGVnK9K6H2opDdnbrBxCjBORo.fields.cnTrh3wV2jT7BHaR.displayName",
                                        "targetLiteralExpression": "@models.Times.fields.Time.displayName",
                                        "type": "BindingInfo"
                                      }
                                    ],
                                    "type": "List[BindingInfo]"
                                  }
                                },
                                {
                                  "k": "autoWidth",
                                  "v": true
                                },
                                {
                                  "k": "align",
                                  "v": "stretch"
                                },
                                {
                                  "k": "autoHeight",
                                  "v": true
                                }
                              ],
                              "type": "ComponentInfo"
                            }],
                            "type": "List[ComponentInfo]"
                          }
                        }
                      ],
                      "type": "ComponentInfo"
                    },
                    {
                      "class": "Panel",
                      "key": "0_299923624",
                      "propList": [
                        {
                          "k": "styleMap",
                          "v": {
                            "name": "styleMap",
                            "properties": [],
                            "type": "PropertyMap[styleMap]"
                          }
                        },
                        {
                          "k": "width",
                          "v": 200
                        },
                        {
                          "k": "height",
                          "v": 200
                        },
                        {
                          "k": "name",
                          "v": "Spring1"
                        },
                        {
                          "k": "layout",
                          "v": "horizontal"
                        },
                        {
                          "k": "variant",
                          "v": "Transparent"
                        },
                        {
                          "k": "autoWidth",
                          "v": true
                        },
                        {
                          "k": "align",
                          "v": "stretch"
                        },
                        {
                          "k": "autoHeight",
                          "v": true
                        },
                        {
                          "k": "editorNonInheritedLocked",
                          "v": true
                        },
                        {
                          "k": "minHeight",
                          "v": 16
                        },
                        {
                          "k": "grow",
                          "v": 1
                        }
                      ],
                      "type": "ComponentInfo"
                    },
                    {
                      "class": "Panel",
                      "key": "0_1644136632",
                      "propList": [
                        {
                          "k": "styleMap",
                          "v": {
                            "name": "styleMap",
                            "properties": [],
                            "type": "PropertyMap[styleMap]"
                          }
                        },
                        {
                          "k": "width",
                          "v": 200
                        },
                        {
                          "k": "height",
                          "v": 200
                        },
                        {
                          "k": "name",
                          "v": "Form2Footer"
                        },
                        {
                          "k": "suffixName",
                          "v": "Footer"
                        },
                        {
                          "k": "layout",
                          "v": "horizontal"
                        },
                        {
                          "k": "variant",
                          "v": "Transparent"
                        },
                        {
                          "k": "styles",
                          "v": {
                            "list": ["app-FormFooter"],
                            "type": "List[String]"
                          }
                        },
                        {
                          "k": "autoWidth",
                          "v": true
                        },
                        {
                          "k": "align",
                          "v": "stretch"
                        },
                        {
                          "k": "autoHeight",
                          "v": true
                        },
                        {
                          "k": "justify",
                          "v": "spaceBetween"
                        },
                        {
                          "k": "alignChildren",
                          "v": "center"
                        },
                        {
                          "k": "editorNonInheritedLocked",
                          "v": true
                        },
                        {
                          "k": "children",
                          "v": {
                            "list": [
                              {
                                "class": "SimpleButton",
                                "key": "0_907174927",
                                "propList": [
                                  {
                                    "k": "styleMap",
                                    "v": {
                                      "name": "styleMap",
                                      "properties": [],
                                      "type": "PropertyMap[styleMap]"
                                    }
                                  },
                                  {
                                    "k": "width",
                                    "v": 92
                                  },
                                  {
                                    "k": "height",
                                    "v": 36
                                  },
                                  {
                                    "k": "name",
                                    "v": "Form2DeleteButton"
                                  },
                                  {
                                    "k": "suffixName",
                                    "v": "DeleteButton"
                                  },
                                  {
                                    "k": "variant",
                                    "v": "Icon"
                                  },
                                  {
                                    "k": "text",
                                    "v": "Delete"
                                  },
                                  {
                                    "k": "action",
                                    "v": "// GENERATED CODE: modify at your own risk\nwidget.datasource.deleteItem(function() {\n  if (document.activeElement \u003d\u003d\u003d null || document.activeElement.tagName \u003d\u003d \"BODY\") {\n    widget.focus();\n  }\n});"
                                  },
                                  {
                                    "k": "bindings",
                                    "v": {
                                      "list": [{
                                        "sourceExpression": "enabled",
                                        "targetExpression": "@datasource.item !\u003d null \u0026\u0026 !@datasource.loading \u0026\u0026 !@datasource.creating",
                                        "targetLiteralExpression": "@datasource.item !\u003d null \u0026\u0026 !@datasource.loading \u0026\u0026 !@datasource.creating",
                                        "type": "BindingInfo"
                                      }],
                                      "type": "List[BindingInfo]"
                                    }
                                  },
                                  {
                                    "k": "title",
                                    "v": "Delete item"
                                  },
                                  {
                                    "k": "autoWidth",
                                    "v": true
                                  },
                                  {
                                    "k": "autoHeight",
                                    "v": true
                                  }
                                ],
                                "type": "ComponentInfo"
                              },
                              {
                                "class": "Pager",
                                "key": "0_860030031",
                                "propList": [
                                  {
                                    "k": "styleMap",
                                    "v": {
                                      "name": "styleMap",
                                      "properties": [],
                                      "type": "PropertyMap[styleMap]"
                                    }
                                  },
                                  {
                                    "k": "autoHeight",
                                    "v": true
                                  },
                                  {
                                    "k": "width",
                                    "v": 160
                                  },
                                  {
                                    "k": "height",
                                    "v": 32
                                  },
                                  {
                                    "k": "onPreviousClick",
                                    "v": "widget.datasource.prevItem();"
                                  },
                                  {
                                    "k": "onNextClick",
                                    "v": "widget.datasource.nextItem();"
                                  },
                                  {
                                    "k": "bindings",
                                    "v": {
                                      "list": [
                                        {
                                          "sourceExpression": "previousEnabled",
                                          "targetExpression": "(!@datasource.firstPage || @datasource.itemIndex \u003e 0) \u0026\u0026 !@datasource.loading \u0026\u0026 !@datasource.creating",
                                          "targetLiteralExpression": "(!@datasource.firstPage || @datasource.itemIndex \u003e 0) \u0026\u0026 !@datasource.loading \u0026\u0026 !@datasource.creating",
                                          "type": "BindingInfo"
                                        },
                                        {
                                          "sourceExpression": "nextEnabled",
                                          "targetExpression": "(!@datasource.lastPage || (@datasource.itemIndex \u003c @datasource.items.length - 1)) \u0026\u0026 !@datasource.loading \u0026\u0026 !@datasource.creating",
                                          "targetLiteralExpression": "(!@datasource.lastPage || (@datasource.itemIndex \u003c @datasource.items.length - 1)) \u0026\u0026 !@datasource.loading \u0026\u0026 !@datasource.creating",
                                          "type": "BindingInfo"
                                        },
                                        {
                                          "sourceExpression": "text",
                                          "targetExpression": "@datasource.loading || @datasource.items.length \u003d\u003d 0 ? \"\" : ((@widget.datasource.itemIndex + 1) + (@datasource.query.pageIndex - 1) * @datasource.query.pageSize + \" of \" + (@widget.datasource.lastPage ? @datasource.items.length + (@datasource.query.pageIndex - 1) * @datasource.query.pageSize : \"many\"))",
                                          "targetLiteralExpression": "@datasource.loading || @datasource.items.length \u003d\u003d 0 ? \"\" : ((@widget.datasource.itemIndex + 1) + (@datasource.query.pageIndex - 1) * @datasource.query.pageSize + \" of \" + (@widget.datasource.lastPage ? @datasource.items.length + (@datasource.query.pageIndex - 1) * @datasource.query.pageSize : \"many\"))",
                                          "type": "BindingInfo"
                                        }
                                      ],
                                      "type": "List[BindingInfo]"
                                    }
                                  },
                                  {
                                    "k": "name",
                                    "v": "Form2Pager"
                                  },
                                  {
                                    "k": "suffixName",
                                    "v": "Pager"
                                  },
                                  {
                                    "k": "text",
                                    "v": "@expr"
                                  }
                                ],
                                "type": "ComponentInfo"
                              }
                            ],
                            "type": "List[ComponentInfo]"
                          }
                        }
                      ],
                      "type": "ComponentInfo"
                    }
                  ],
                  "type": "List[ComponentInfo]"
                }
              },
              {
                "k": "top",
                "v": 557
              },
              {
                "k": "left",
                "v": 481
              },
              {
                "k": "right",
                "v": 39
              },
              {
                "k": "bottom",
                "v": -97
              }
            ],
            "type": "ComponentInfo"
          },
          {
            "class": "Dropdown",
            "key": "0_239372263",
            "propList": [
              {
                "k": "styleMap",
                "v": {
                  "name": "styleMap",
                  "properties": [],
                  "type": "PropertyMap[styleMap]"
                }
              },
              {
                "k": "width",
                "v": 150
              },
              {
                "k": "height",
                "v": 32
              },
              {
                "k": "name",
                "v": "Dropdown1"
              },
              {
                "k": "left",
                "v": 76
              },
              {
                "k": "top",
                "v": 45
              },
              {
                "k": "autoHeight",
                "v": true
              },
              {
                "k": "right",
                "v": 734
              },
              {
                "k": "bottom",
                "v": 883
              },
              {
                "k": "bindings",
                "v": {
                  "list": [
                    {
                      "sourceExpression": "options",
                      "targetExpression": "@datasource.items",
                      "targetLiteralExpression": "@datasource.items",
                      "type": "BindingInfo"
                    },
                    {
                      "sourceExpression": "value",
                      "targetExpression": "@datasource.item",
                      "targetLiteralExpression": "@datasource.item",
                      "type": "BindingInfo"
                    }
                  ],
                  "type": "List[BindingInfo]"
                }
              }
            ],
            "type": "ComponentInfo"
          },
          {
            "class": "Panel",
            "key": "0_19035817",
            "propList": [
              {
                "k": "styleMap",
                "v": {
                  "name": "styleMap",
                  "properties": [],
                  "type": "PropertyMap[styleMap]"
                }
              },
              {
                "k": "width",
                "v": 246
              },
              {
                "k": "height",
                "v": 530
              },
              {
                "k": "name",
                "v": "Table1"
              },
              {
                "k": "layout",
                "v": "vertical"
              },
              {
                "k": "styles",
                "v": {
                  "list": ["app-ListTable"],
                  "type": "List[String]"
                }
              },
              {
                "k": "children",
                "v": {
                  "list": [
                    {
                      "class": "Panel",
                      "key": "0_1128146577",
                      "propList": [
                        {
                          "k": "styleMap",
                          "v": {
                            "name": "styleMap",
                            "properties": [],
                            "type": "PropertyMap[styleMap]"
                          }
                        },
                        {
                          "k": "width",
                          "v": 200
                        },
                        {
                          "k": "height",
                          "v": 200
                        },
                        {
                          "k": "name",
                          "v": "Table1Header"
                        },
                        {
                          "k": "layout",
                          "v": "horizontal"
                        },
                        {
                          "k": "autoWidth",
                          "v": true
                        },
                        {
                          "k": "align",
                          "v": "stretch"
                        },
                        {
                          "k": "autoHeight",
                          "v": true
                        },
                        {
                          "k": "alignChildren",
                          "v": "center"
                        },
                        {
                          "k": "suffixName",
                          "v": "Header"
                        },
                        {
                          "k": "styles",
                          "v": {
                            "list": ["app-ListTableHeaderPanel"],
                            "type": "List[String]"
                          }
                        },
                        {
                          "k": "children",
                          "v": {
                            "list": [
                              {
                                "class": "SimpleLabel",
                                "key": "0_528338052",
                                "propList": [
                                  {
                                    "k": "styleMap",
                                    "v": {
                                      "name": "styleMap",
                                      "properties": [
                                        {
                                          "name": "margin-left",
                                          "value": "24px"
                                        },
                                        {
                                          "name": "margin-right",
                                          "value": "18px"
                                        },
                                        {
                                          "name": "margin-top",
                                          "value": "16px"
                                        },
                                        {
                                          "name": "margin-bottom",
                                          "value": "16px"
                                        }
                                      ],
                                      "type": "PropertyMap[styleMap]"
                                    }
                                  },
                                  {
                                    "k": "width",
                                    "v": 100
                                  },
                                  {
                                    "k": "height",
                                    "v": 20
                                  },
                                  {
                                    "k": "name",
                                    "v": "Table1VendorHeader"
                                  },
                                  {
                                    "k": "suffixName",
                                    "v": "VendorHeader"
                                  },
                                  {
                                    "k": "text",
                                    "v": "Vendor"
                                  },
                                  {
                                    "k": "bindings",
                                    "v": {
                                      "list": [{
                                        "sourceExpression": "text",
                                        "targetExpression": "@models.XB8pGwB9a42JUZqxE0JbHq8b91OOSnP2.fields.bKPPKY7PYN5Hpx0Y.displayName",
                                        "targetLiteralExpression": "@models.Vendor.fields.Vendor.displayName",
                                        "type": "BindingInfo"
                                      }],
                                      "type": "List[BindingInfo]"
                                    }
                                  },
                                  {
                                    "k": "autoWidth",
                                    "v": true
                                  },
                                  {
                                    "k": "autoHeight",
                                    "v": true
                                  },
                                  {
                                    "k": "grow",
                                    "v": 1
                                  },
                                  {
                                    "k": "styles",
                                    "v": {
                                      "list": ["app-ListTableHeader"],
                                      "type": "List[String]"
                                    }
                                  }
                                ],
                                "type": "ComponentInfo"
                              },
                              {
                                "class": "LoadingIndicator",
                                "key": "0_1973089188",
                                "propList": [
                                  {
                                    "k": "styleMap",
                                    "v": {
                                      "name": "styleMap",
                                      "properties": [],
                                      "type": "PropertyMap[styleMap]"
                                    }
                                  },
                                  {
                                    "k": "bindings",
                                    "v": {
                                      "list": [{
                                        "sourceExpression": "visible",
                                        "targetExpression": "@datasource.loading || @datasource.creating || @datasource.deleting",
                                        "targetLiteralExpression": "@datasource.loading || @datasource.creating || @datasource.deleting",
                                        "type": "BindingInfo"
                                      }],
                                      "type": "List[BindingInfo]"
                                    }
                                  },
                                  {
                                    "k": "width",
                                    "v": 22
                                  },
                                  {
                                    "k": "height",
                                    "v": 22
                                  },
                                  {
                                    "k": "name",
                                    "v": "Table1Spinner"
                                  },
                                  {
                                    "k": "invisibilityType",
                                    "v": "hidden"
                                  },
                                  {
                                    "k": "suffixName",
                                    "v": "Spinner"
                                  }
                                ],
                                "type": "ComponentInfo"
                              }
                            ],
                            "type": "List[ComponentInfo]"
                          }
                        }
                      ],
                      "type": "ComponentInfo"
                    },
                    {
                      "class": "ListPanel",
                      "key": "0_1121893481",
                      "propList": [
                        {
                          "k": "styleMap",
                          "v": {
                            "name": "styleMap",
                            "properties": [],
                            "type": "PropertyMap[styleMap]"
                          }
                        },
                        {
                          "k": "prototype",
                          "v": {
                            "appKey": "1_330670581",
                            "type": "AppChildKey"
                          }
                        },
                        {
                          "k": "children",
                          "v": {
                            "list": [{
                              "class": "Panel",
                              "key": "1_330670581",
                              "propList": [
                                {
                                  "k": "styleMap",
                                  "v": {
                                    "name": "styleMap",
                                    "properties": [],
                                    "type": "PropertyMap[styleMap]"
                                  }
                                },
                                {
                                  "k": "height",
                                  "v": 40
                                },
                                {
                                  "k": "autoWidth",
                                  "v": true
                                },
                                {
                                  "k": "align",
                                  "v": "stretch"
                                },
                                {
                                  "k": "name",
                                  "v": "Table1Row"
                                },
                                {
                                  "k": "styleDescriptorName",
                                  "v": "ListPanelRow"
                                },
                                {
                                  "k": "suffixName",
                                  "v": "Row"
                                },
                                {
                                  "k": "layout",
                                  "v": "horizontal"
                                },
                                {
                                  "k": "autoHeight",
                                  "v": true
                                },
                                {
                                  "k": "alignChildren",
                                  "v": "center"
                                },
                                {
                                  "k": "styles",
                                  "v": {
                                    "list": [
                                      "app-ListTableRow",
                                      "hoverAncestor"
                                    ],
                                    "type": "List[String]"
                                  }
                                },
                                {
                                  "k": "children",
                                  "v": {
                                    "list": [
                                      {
                                        "class": "SimpleLabel",
                                        "key": "0_1536888783",
                                        "propList": [
                                          {
                                            "k": "styleMap",
                                            "v": {
                                              "name": "styleMap",
                                              "properties": [
                                                {
                                                  "name": "margin-left",
                                                  "value": "24px"
                                                },
                                                {
                                                  "name": "margin-right",
                                                  "value": "18px"
                                                },
                                                {
                                                  "name": "margin-top",
                                                  "value": "16px"
                                                },
                                                {
                                                  "name": "margin-bottom",
                                                  "value": "16px"
                                                }
                                              ],
                                              "type": "PropertyMap[styleMap]"
                                            }
                                          },
                                          {
                                            "k": "width",
                                            "v": 100
                                          },
                                          {
                                            "k": "height",
                                            "v": 20
                                          },
                                          {
                                            "k": "name",
                                            "v": "Field"
                                          },
                                          {
                                            "k": "bindings",
                                            "v": {
                                              "list": [{
                                                "sourceExpression": "text",
                                                "targetExpression": "@datasource.item.bKPPKY7PYN5Hpx0Y",
                                                "targetLiteralExpression": "@datasource.item.Vendor",
                                                "type": "BindingInfo"
                                              }],
                                              "type": "List[BindingInfo]"
                                            }
                                          },
                                          {
                                            "k": "text",
                                            "v": "Label"
                                          },
                                          {
                                            "k": "label",
                                            "v": ""
                                          },
                                          {
                                            "k": "autoWidth",
                                            "v": true
                                          },
                                          {
                                            "k": "autoHeight",
                                            "v": true
                                          },
                                          {
                                            "k": "grow",
                                            "v": 1
                                          }
                                        ],
                                        "type": "ComponentInfo"
                                      },
                                      {
                                        "class": "SimpleButton",
                                        "key": "0_402058393",
                                        "propList": [
                                          {
                                            "k": "styleMap",
                                            "v": {
                                              "name": "styleMap",
                                              "properties": [{
                                                "name": "margin-right",
                                                "value": "24px"
                                              }],
                                              "type": "PropertyMap[styleMap]"
                                            }
                                          },
                                          {
                                            "k": "width",
                                            "v": 92
                                          },
                                          {
                                            "k": "height",
                                            "v": 36
                                          },
                                          {
                                            "k": "name",
                                            "v": "DeleteButton"
                                          },
                                          {
                                            "k": "variant",
                                            "v": "Icon"
                                          },
                                          {
                                            "k": "text",
                                            "v": "Delete"
                                          },
                                          {
                                            "k": "title",
                                            "v": "Delete"
                                          },
                                          {
                                            "k": "ariaLabel",
                                            "v": "Delete table row"
                                          },
                                          {
                                            "k": "action",
                                            "v": "widget.datasource.deleteItem();"
                                          },
                                          {
                                            "k": "constrain_right",
                                            "v": true
                                          },
                                          {
                                            "k": "constrain_left",
                                            "v": false
                                          },
                                          {
                                            "k": "right",
                                            "v": 8
                                          },
                                          {
                                            "k": "top",
                                            "v": 6
                                          },
                                          {
                                            "k": "left",
                                            "v": 202
                                          },
                                          {
                                            "k": "autoHeight",
                                            "v": true
                                          },
                                          {
                                            "k": "autoWidth",
                                            "v": true
                                          },
                                          {
                                            "k": "styles",
                                            "v": {
                                              "list": ["visibleOnAncestorHover"],
                                              "type": "List[String]"
                                            }
                                          }
                                        ],
                                        "type": "ComponentInfo"
                                      }
                                    ],
                                    "type": "List[ComponentInfo]"
                                  }
                                }
                              ],
                              "type": "ComponentInfo"
                            }],
                            "type": "List[ComponentInfo]"
                          }
                        },
                        {
                          "k": "width",
                          "v": 400
                        },
                        {
                          "k": "height",
                          "v": 200
                        },
                        {
                          "k": "name",
                          "v": "Table1Body"
                        },
                        {
                          "k": "suffixName",
                          "v": "Body"
                        },
                        {
                          "k": "autoWidth",
                          "v": true
                        },
                        {
                          "k": "align",
                          "v": "stretch"
                        },
                        {
                          "k": "autoHeight",
                          "v": true
                        },
                        {
                          "k": "grow",
                          "v": 1
                        },
                        {
                          "k": "editorNonInheritedLocked",
                          "v": true
                        },
                        {
                          "k": "constrain_width",
                          "v": false
                        },
                        {
                          "k": "constrain_right",
                          "v": true
                        }
                      ],
                      "type": "ComponentInfo"
                    }
                  ],
                  "type": "List[ComponentInfo]"
                }
              },
              {
                "k": "bindings",
                "v": {
                  "list": [{
                    "sourceExpression": "_dataSource",
                    "targetExpression": "@widget.parent.datasource.relations._xf4YO9u5Wacs5FJNv8AQu8C6X0qV8fJn",
                    "targetLiteralExpression": "@widget.parent.datasource.relations.relVendor",
                    "type": "BindingInfo"
                  }],
                  "type": "List[BindingInfo]"
                }
              },
              {
                "k": "variant",
                "v": "Paper"
              },
              {
                "k": "top",
                "v": 139
              },
              {
                "k": "left",
                "v": 76
              }
            ],
            "type": "ComponentInfo"
          }
        ],
        "type": "List[ComponentInfo]"
      }
    },
    {
      "k": "bindings",
      "v": {
        "list": [{
          "sourceExpression": "_dataSource",
          "targetExpression": "@datasources.uMxgeY3KGVnK9K6H2opDdnbrBxCjBORo_default",
          "targetLiteralExpression": "@datasources.Times",
          "type": "BindingInfo"
        }],
        "type": "List[BindingInfo]"
      }
    }
  ],
  "type": "ComponentInfo"
}