{
  "class": "Panel",
  "key": "WUQtOvH9awk8YYBHh53vGblXXPBWZqYh",
  "permission": {
    "name": "canRead",
    "permissions": [
      {"type": "everyone"},
      {
        "groupKeys": ["Admins"],
        "type": "groups"
      }
    ],
    "type": "compound"
  },
  "propList": [
    {
      "k": "styleMap",
      "v": {
        "name": "styleMap",
        "properties": [],
        "type": "PropertyMap[styleMap]"
      }
    },
    {
      "k": "name",
      "v": "EditDepartments"
    },
    {
      "k": "styles",
      "v": {
        "list": [],
        "type": "List[String]"
      }
    },
    {
      "k": "constrain_left",
      "v": true
    },
    {
      "k": "left",
      "v": 25
    },
    {
      "k": "constrain_right",
      "v": false
    },
    {
      "k": "right",
      "v": 0
    },
    {
      "k": "constrain_width",
      "v": true
    },
    {
      "k": "width",
      "v": 960
    },
    {
      "k": "constrain_minWidth",
      "v": false
    },
    {
      "k": "minWidth",
      "v": 0
    },
    {
      "k": "constrain_maxWidth",
      "v": false
    },
    {
      "k": "maxWidth",
      "v": 0
    },
    {
      "k": "constrain_top",
      "v": true
    },
    {
      "k": "top",
      "v": 5
    },
    {
      "k": "constrain_bottom",
      "v": false
    },
    {
      "k": "bottom",
      "v": 0
    },
    {
      "k": "constrain_height",
      "v": true
    },
    {
      "k": "height",
      "v": 960
    },
    {
      "k": "constrain_minHeight",
      "v": false
    },
    {
      "k": "minHeight",
      "v": 0
    },
    {
      "k": "constrain_maxHeight",
      "v": false
    },
    {
      "k": "maxHeight",
      "v": 0
    },
    {
      "k": "autoHeight",
      "v": false
    },
    {
      "k": "autoWidth",
      "v": false
    },
    {
      "k": "align",
      "v": "inherited"
    },
    {
      "k": "grow",
      "v": 0
    },
    {
      "k": "validationDisplay",
      "v": false
    },
    {
      "k": "variant",
      "v": "Background"
    },
    {
      "k": "createChildrenOnInit",
      "v": "ON_INIT"
    },
    {
      "k": "layout",
      "v": "fixed"
    },
    {
      "k": "wrap",
      "v": "nowrap"
    },
    {
      "k": "justify",
      "v": "start"
    },
    {
      "k": "alignChildren",
      "v": "baseline"
    },
    {
      "k": "wrapAlign",
      "v": "stretch"
    },
    {
      "k": "title",
      "v": ""
    },
    {
      "k": "visible",
      "v": true
    },
    {
      "k": "bindings",
      "v": {
        "list": [{
          "sourceExpression": "_dataSource",
          "targetExpression": "@datasources.XB8pGwB9a42JUZqxE0JbHq8b91OOSnP2_default",
          "targetLiteralExpression": "@datasources.Department",
          "type": "BindingInfo"
        }],
        "type": "List[BindingInfo]"
      }
    },
    {
      "k": "children",
      "v": {
        "list": [{
          "class": "Panel",
          "key": "0_535274536",
          "propList": [
            {
              "k": "styleMap",
              "v": {
                "name": "styleMap",
                "properties": [],
                "type": "PropertyMap[styleMap]"
              }
            },
            {
              "k": "width",
              "v": 440
            },
            {
              "k": "height",
              "v": 500
            },
            {
              "k": "name",
              "v": "Form1"
            },
            {
              "k": "layout",
              "v": "vertical"
            },
            {
              "k": "autoHeight",
              "v": true
            },
            {
              "k": "bindings",
              "v": {
                "list": [{
                  "sourceExpression": "_dataSource",
                  "targetExpression": "@widget.parent.datasource.modes.create",
                  "targetLiteralExpression": "@widget.parent.datasource.modes.create",
                  "type": "BindingInfo"
                }],
                "type": "List[BindingInfo]"
              }
            },
            {
              "k": "variant",
              "v": "Paper"
            },
            {
              "k": "styles",
              "v": {
                "list": ["app-Form"],
                "type": "List[String]"
              }
            },
            {
              "k": "children",
              "v": {
                "list": [
                  {
                    "class": "Panel",
                    "key": "0_30789553",
                    "propList": [
                      {
                        "k": "styleMap",
                        "v": {
                          "name": "styleMap",
                          "properties": [],
                          "type": "PropertyMap[styleMap]"
                        }
                      },
                      {
                        "k": "width",
                        "v": 200
                      },
                      {
                        "k": "height",
                        "v": 200
                      },
                      {
                        "k": "name",
                        "v": "Form1Header"
                      },
                      {
                        "k": "suffixName",
                        "v": "Header"
                      },
                      {
                        "k": "layout",
                        "v": "horizontal"
                      },
                      {
                        "k": "variant",
                        "v": "Transparent"
                      },
                      {
                        "k": "styles",
                        "v": {
                          "list": ["app-FormHeader"],
                          "type": "List[String]"
                        }
                      },
                      {
                        "k": "autoWidth",
                        "v": true
                      },
                      {
                        "k": "align",
                        "v": "stretch"
                      },
                      {
                        "k": "autoHeight",
                        "v": true
                      },
                      {
                        "k": "children",
                        "v": {
                          "list": [
                            {
                              "class": "SimpleLabel",
                              "key": "0_852186245",
                              "propList": [
                                {
                                  "k": "styleMap",
                                  "v": {
                                    "name": "styleMap",
                                    "properties": [],
                                    "type": "PropertyMap[styleMap]"
                                  }
                                },
                                {
                                  "k": "width",
                                  "v": 100
                                },
                                {
                                  "k": "height",
                                  "v": 20
                                },
                                {
                                  "k": "name",
                                  "v": "Title"
                                },
                                {
                                  "k": "text",
                                  "v": "Create Department"
                                },
                                {
                                  "k": "autoWidth",
                                  "v": true
                                },
                                {
                                  "k": "autoHeight",
                                  "v": true
                                },
                                {
                                  "k": "variant",
                                  "v": "Title"
                                },
                                {
                                  "k": "grow",
                                  "v": 1
                                }
                              ],
                              "type": "ComponentInfo"
                            },
                            {
                              "class": "LoadingIndicator",
                              "key": "0_530631933",
                              "propList": [
                                {
                                  "k": "styleMap",
                                  "v": {
                                    "name": "styleMap",
                                    "properties": [],
                                    "type": "PropertyMap[styleMap]"
                                  }
                                },
                                {
                                  "k": "bindings",
                                  "v": {
                                    "list": [{
                                      "sourceExpression": "visible",
                                      "targetExpression": "@datasource.loading || @datasource.creating || @datasource.deleting",
                                      "targetLiteralExpression": "@datasource.loading || @datasource.creating || @datasource.deleting",
                                      "type": "BindingInfo"
                                    }],
                                    "type": "List[BindingInfo]"
                                  }
                                },
                                {
                                  "k": "width",
                                  "v": 22
                                },
                                {
                                  "k": "height",
                                  "v": 22
                                },
                                {
                                  "k": "name",
                                  "v": "Form1Spinner"
                                },
                                {
                                  "k": "suffixName",
                                  "v": "Spinner"
                                },
                                {
                                  "k": "align",
                                  "v": "center"
                                }
                              ],
                              "type": "ComponentInfo"
                            }
                          ],
                          "type": "List[ComponentInfo]"
                        }
                      },
                      {
                        "k": "justify",
                        "v": "spaceBetween"
                      },
                      {
                        "k": "editorNonInheritedLocked",
                        "v": true
                      }
                    ],
                    "type": "ComponentInfo"
                  },
                  {
                    "class": "Panel",
                    "key": "0_935327172",
                    "propList": [
                      {
                        "k": "styleMap",
                        "v": {
                          "name": "styleMap",
                          "properties": [],
                          "type": "PropertyMap[styleMap]"
                        }
                      },
                      {
                        "k": "width",
                        "v": 200
                      },
                      {
                        "k": "height",
                        "v": 200
                      },
                      {
                        "k": "name",
                        "v": "Form1Body"
                      },
                      {
                        "k": "suffixName",
                        "v": "Body"
                      },
                      {
                        "k": "layout",
                        "v": "vertical"
                      },
                      {
                        "k": "variant",
                        "v": "Transparent"
                      },
                      {
                        "k": "styles",
                        "v": {
                          "list": ["app-FormBody"],
                          "type": "List[String]"
                        }
                      },
                      {
                        "k": "autoWidth",
                        "v": true
                      },
                      {
                        "k": "align",
                        "v": "stretch"
                      },
                      {
                        "k": "autoHeight",
                        "v": true
                      },
                      {
                        "k": "editorNonInheritedLocked",
                        "v": true
                      },
                      {
                        "k": "children",
                        "v": {
                          "list": [
                            {
                              "class": "TextField",
                              "key": "0_1754527579",
                              "propList": [
                                {
                                  "k": "styleMap",
                                  "v": {
                                    "name": "styleMap",
                                    "properties": [],
                                    "type": "PropertyMap[styleMap]"
                                  }
                                },
                                {
                                  "k": "width",
                                  "v": 100
                                },
                                {
                                  "k": "height",
                                  "v": 32
                                },
                                {
                                  "k": "name",
                                  "v": "Field1"
                                },
                                {
                                  "k": "bindings",
                                  "v": {
                                    "list": [
                                      {
                                        "sourceExpression": "value",
                                        "targetExpression": "@datasource.item.bKPPKY7PYN5Hpx0Y",
                                        "targetLiteralExpression": "@datasource.item.Department",
                                        "type": "BindingInfo"
                                      },
                                      {
                                        "sourceExpression": "label",
                                        "targetExpression": "@models.XB8pGwB9a42JUZqxE0JbHq8b91OOSnP2.fields.bKPPKY7PYN5Hpx0Y.displayName",
                                        "targetLiteralExpression": "@models.Department.fields.Department.displayName",
                                        "type": "BindingInfo"
                                      }
                                    ],
                                    "type": "List[BindingInfo]"
                                  }
                                },
                                {
                                  "k": "autoWidth",
                                  "v": true
                                },
                                {
                                  "k": "align",
                                  "v": "stretch"
                                },
                                {
                                  "k": "autoHeight",
                                  "v": true
                                }
                              ],
                              "type": "ComponentInfo"
                            },
                            {
                              "class": "TextField",
                              "key": "0_165371010",
                              "propList": [
                                {
                                  "k": "styleMap",
                                  "v": {
                                    "name": "styleMap",
                                    "properties": [],
                                    "type": "PropertyMap[styleMap]"
                                  }
                                },
                                {
                                  "k": "width",
                                  "v": 100
                                },
                                {
                                  "k": "height",
                                  "v": 32
                                },
                                {
                                  "k": "name",
                                  "v": "Field"
                                },
                                {
                                  "k": "bindings",
                                  "v": {
                                    "list": [
                                      {
                                        "sourceExpression": "value",
                                        "targetExpression": "@datasource.item.u8VEKWJL1gFOSJAB",
                                        "targetLiteralExpression": "@datasource.item.Location",
                                        "type": "BindingInfo"
                                      },
                                      {
                                        "sourceExpression": "label",
                                        "targetExpression": "@models.XB8pGwB9a42JUZqxE0JbHq8b91OOSnP2.fields.u8VEKWJL1gFOSJAB.displayName",
                                        "targetLiteralExpression": "@models.Department.fields.Location.displayName",
                                        "type": "BindingInfo"
                                      }
                                    ],
                                    "type": "List[BindingInfo]"
                                  }
                                },
                                {
                                  "k": "autoWidth",
                                  "v": true
                                },
                                {
                                  "k": "align",
                                  "v": "stretch"
                                },
                                {
                                  "k": "autoHeight",
                                  "v": true
                                }
                              ],
                              "type": "ComponentInfo"
                            }
                          ],
                          "type": "List[ComponentInfo]"
                        }
                      }
                    ],
                    "type": "ComponentInfo"
                  },
                  {
                    "class": "Panel",
                    "key": "0_1130117253",
                    "propList": [
                      {
                        "k": "styleMap",
                        "v": {
                          "name": "styleMap",
                          "properties": [],
                          "type": "PropertyMap[styleMap]"
                        }
                      },
                      {
                        "k": "width",
                        "v": 200
                      },
                      {
                        "k": "height",
                        "v": 200
                      },
                      {
                        "k": "name",
                        "v": "Spring"
                      },
                      {
                        "k": "layout",
                        "v": "horizontal"
                      },
                      {
                        "k": "variant",
                        "v": "Transparent"
                      },
                      {
                        "k": "autoWidth",
                        "v": true
                      },
                      {
                        "k": "align",
                        "v": "stretch"
                      },
                      {
                        "k": "autoHeight",
                        "v": true
                      },
                      {
                        "k": "editorNonInheritedLocked",
                        "v": true
                      },
                      {
                        "k": "minHeight",
                        "v": 16
                      },
                      {
                        "k": "grow",
                        "v": 1
                      }
                    ],
                    "type": "ComponentInfo"
                  },
                  {
                    "class": "Panel",
                    "key": "0_1473380794",
                    "propList": [
                      {
                        "k": "styleMap",
                        "v": {
                          "name": "styleMap",
                          "properties": [],
                          "type": "PropertyMap[styleMap]"
                        }
                      },
                      {
                        "k": "width",
                        "v": 200
                      },
                      {
                        "k": "height",
                        "v": 200
                      },
                      {
                        "k": "name",
                        "v": "Form1Footer"
                      },
                      {
                        "k": "suffixName",
                        "v": "Footer"
                      },
                      {
                        "k": "layout",
                        "v": "horizontal"
                      },
                      {
                        "k": "variant",
                        "v": "Transparent"
                      },
                      {
                        "k": "styles",
                        "v": {
                          "list": ["app-FormFooter"],
                          "type": "List[String]"
                        }
                      },
                      {
                        "k": "autoWidth",
                        "v": true
                      },
                      {
                        "k": "align",
                        "v": "stretch"
                      },
                      {
                        "k": "autoHeight",
                        "v": true
                      },
                      {
                        "k": "justify",
                        "v": "end"
                      },
                      {
                        "k": "alignChildren",
                        "v": "center"
                      },
                      {
                        "k": "editorNonInheritedLocked",
                        "v": true
                      },
                      {
                        "k": "children",
                        "v": {
                          "list": [
                            {
                              "class": "SimpleButton",
                              "key": "0_516913455",
                              "propList": [
                                {
                                  "k": "styleMap",
                                  "v": {
                                    "name": "styleMap",
                                    "properties": [],
                                    "type": "PropertyMap[styleMap]"
                                  }
                                },
                                {
                                  "k": "width",
                                  "v": 92
                                },
                                {
                                  "k": "height",
                                  "v": 36
                                },
                                {
                                  "k": "name",
                                  "v": "Form1ClearButton"
                                },
                                {
                                  "k": "suffixName",
                                  "v": "ClearButton"
                                },
                                {
                                  "k": "text",
                                  "v": "Clear"
                                },
                                {
                                  "k": "action",
                                  "v": "widget.datasource.clearChanges();"
                                },
                                {
                                  "k": "title",
                                  "v": "Reset all changes"
                                },
                                {
                                  "k": "autoWidth",
                                  "v": true
                                },
                                {
                                  "k": "autoHeight",
                                  "v": true
                                }
                              ],
                              "type": "ComponentInfo"
                            },
                            {
                              "class": "SimpleButton",
                              "key": "0_270634444",
                              "propList": [
                                {
                                  "k": "styleMap",
                                  "v": {
                                    "name": "styleMap",
                                    "properties": [],
                                    "type": "PropertyMap[styleMap]"
                                  }
                                },
                                {
                                  "k": "width",
                                  "v": 92
                                },
                                {
                                  "k": "height",
                                  "v": 36
                                },
                                {
                                  "k": "name",
                                  "v": "Form1SubmitButton"
                                },
                                {
                                  "k": "suffixName",
                                  "v": "SubmitButton"
                                },
                                {
                                  "k": "variant",
                                  "v": "FlatColor"
                                },
                                {
                                  "k": "text",
                                  "v": "Submit"
                                },
                                {
                                  "k": "action",
                                  "v": "widget.datasource.createItem();"
                                },
                                {
                                  "k": "bindings",
                                  "v": {
                                    "list": [{
                                      "sourceExpression": "enabled",
                                      "targetExpression": "@widget.parent.parent.valid",
                                      "targetLiteralExpression": "@widget.parent.parent.valid",
                                      "type": "BindingInfo"
                                    }],
                                    "type": "List[BindingInfo]"
                                  }
                                },
                                {
                                  "k": "title",
                                  "v": "Submit item"
                                },
                                {
                                  "k": "autoWidth",
                                  "v": true
                                },
                                {
                                  "k": "autoHeight",
                                  "v": true
                                }
                              ],
                              "type": "ComponentInfo"
                            }
                          ],
                          "type": "List[ComponentInfo]"
                        }
                      }
                    ],
                    "type": "ComponentInfo"
                  }
                ],
                "type": "List[ComponentInfo]"
              }
            },
            {
              "k": "top",
              "v": 31
            },
            {
              "k": "left",
              "v": 34
            },
            {
              "k": "right",
              "v": 486
            },
            {
              "k": "bottom",
              "v": 429
            }
          ],
          "type": "ComponentInfo"
        }],
        "type": "List[ComponentInfo]"
      }
    }
  ],
  "type": "ComponentInfo"
}