{
  "class": "Panel",
  "key": "SMXYz08fk4YWBAD6arNFPNYczLMhKrLF",
  "permission": {
    "name": "canRead",
    "type": "compoundEveryone"
  },
  "propList": [
    {
      "k": "styleMap",
      "v": {
        "name": "styleMap",
        "properties": [],
        "type": "PropertyMap[styleMap]"
      }
    },
    {
      "k": "width",
      "v": 960
    },
    {
      "k": "height",
      "v": 960
    },
    {
      "k": "name",
      "v": "EditEmployees"
    },
    {
      "k": "variant",
      "v": "Background"
    },
    {
      "k": "top",
      "v": 4
    },
    {
      "k": "left",
      "v": 4
    },
    {
      "k": "bindings",
      "v": {
        "list": [{
          "sourceExpression": "_dataSource",
          "targetExpression": "@datasources.uMxgeY3KGVnK9K6H2opDdnbrBxCjBORo_default",
          "targetLiteralExpression": "@datasources.Employee",
          "type": "BindingInfo"
        }],
        "type": "List[BindingInfo]"
      }
    },
    {
      "k": "children",
      "v": {
        "list": [{
          "class": "Panel",
          "key": "0_1668102714",
          "propList": [
            {
              "k": "styleMap",
              "v": {
                "name": "styleMap",
                "properties": [],
                "type": "PropertyMap[styleMap]"
              }
            },
            {
              "k": "width",
              "v": 440
            },
            {
              "k": "height",
              "v": 500
            },
            {
              "k": "name",
              "v": "Form1"
            },
            {
              "k": "layout",
              "v": "vertical"
            },
            {
              "k": "autoHeight",
              "v": true
            },
            {
              "k": "bindings",
              "v": {
                "list": [{
                  "sourceExpression": "_dataSource",
                  "targetExpression": "@widget.parent.datasource.modes.create",
                  "targetLiteralExpression": "@widget.parent.datasource.modes.create",
                  "type": "BindingInfo"
                }],
                "type": "List[BindingInfo]"
              }
            },
            {
              "k": "variant",
              "v": "Paper"
            },
            {
              "k": "styles",
              "v": {
                "list": ["app-Form"],
                "type": "List[String]"
              }
            },
            {
              "k": "children",
              "v": {
                "list": [
                  {
                    "class": "Panel",
                    "key": "0_664778505",
                    "propList": [
                      {
                        "k": "styleMap",
                        "v": {
                          "name": "styleMap",
                          "properties": [],
                          "type": "PropertyMap[styleMap]"
                        }
                      },
                      {
                        "k": "width",
                        "v": 200
                      },
                      {
                        "k": "height",
                        "v": 200
                      },
                      {
                        "k": "name",
                        "v": "Form1Header"
                      },
                      {
                        "k": "suffixName",
                        "v": "Header"
                      },
                      {
                        "k": "layout",
                        "v": "horizontal"
                      },
                      {
                        "k": "variant",
                        "v": "Transparent"
                      },
                      {
                        "k": "styles",
                        "v": {
                          "list": ["app-FormHeader"],
                          "type": "List[String]"
                        }
                      },
                      {
                        "k": "autoWidth",
                        "v": true
                      },
                      {
                        "k": "align",
                        "v": "stretch"
                      },
                      {
                        "k": "autoHeight",
                        "v": true
                      },
                      {
                        "k": "children",
                        "v": {
                          "list": [
                            {
                              "class": "SimpleLabel",
                              "key": "0_1019523982",
                              "propList": [
                                {
                                  "k": "styleMap",
                                  "v": {
                                    "name": "styleMap",
                                    "properties": [],
                                    "type": "PropertyMap[styleMap]"
                                  }
                                },
                                {
                                  "k": "width",
                                  "v": 100
                                },
                                {
                                  "k": "height",
                                  "v": 20
                                },
                                {
                                  "k": "name",
                                  "v": "Title"
                                },
                                {
                                  "k": "text",
                                  "v": "Create Employee"
                                },
                                {
                                  "k": "autoWidth",
                                  "v": true
                                },
                                {
                                  "k": "autoHeight",
                                  "v": true
                                },
                                {
                                  "k": "variant",
                                  "v": "Title"
                                },
                                {
                                  "k": "grow",
                                  "v": 1
                                }
                              ],
                              "type": "ComponentInfo"
                            },
                            {
                              "class": "LoadingIndicator",
                              "key": "0_2072028415",
                              "propList": [
                                {
                                  "k": "styleMap",
                                  "v": {
                                    "name": "styleMap",
                                    "properties": [],
                                    "type": "PropertyMap[styleMap]"
                                  }
                                },
                                {
                                  "k": "bindings",
                                  "v": {
                                    "list": [{
                                      "sourceExpression": "visible",
                                      "targetExpression": "@datasource.loading || @datasource.creating || @datasource.deleting",
                                      "targetLiteralExpression": "@datasource.loading || @datasource.creating || @datasource.deleting",
                                      "type": "BindingInfo"
                                    }],
                                    "type": "List[BindingInfo]"
                                  }
                                },
                                {
                                  "k": "width",
                                  "v": 22
                                },
                                {
                                  "k": "height",
                                  "v": 22
                                },
                                {
                                  "k": "name",
                                  "v": "Form1Spinner"
                                },
                                {
                                  "k": "suffixName",
                                  "v": "Spinner"
                                },
                                {
                                  "k": "align",
                                  "v": "center"
                                }
                              ],
                              "type": "ComponentInfo"
                            }
                          ],
                          "type": "List[ComponentInfo]"
                        }
                      },
                      {
                        "k": "justify",
                        "v": "spaceBetween"
                      },
                      {
                        "k": "editorNonInheritedLocked",
                        "v": true
                      }
                    ],
                    "type": "ComponentInfo"
                  },
                  {
                    "class": "Panel",
                    "key": "0_1302176273",
                    "propList": [
                      {
                        "k": "styleMap",
                        "v": {
                          "name": "styleMap",
                          "properties": [],
                          "type": "PropertyMap[styleMap]"
                        }
                      },
                      {
                        "k": "width",
                        "v": 200
                      },
                      {
                        "k": "height",
                        "v": 200
                      },
                      {
                        "k": "name",
                        "v": "Form1Body"
                      },
                      {
                        "k": "suffixName",
                        "v": "Body"
                      },
                      {
                        "k": "layout",
                        "v": "vertical"
                      },
                      {
                        "k": "variant",
                        "v": "Transparent"
                      },
                      {
                        "k": "styles",
                        "v": {
                          "list": ["app-FormBody"],
                          "type": "List[String]"
                        }
                      },
                      {
                        "k": "autoWidth",
                        "v": true
                      },
                      {
                        "k": "align",
                        "v": "stretch"
                      },
                      {
                        "k": "autoHeight",
                        "v": true
                      },
                      {
                        "k": "editorNonInheritedLocked",
                        "v": true
                      },
                      {
                        "k": "children",
                        "v": {
                          "list": [
                            {
                              "class": "TextField",
                              "key": "0_1501592943",
                              "propList": [
                                {
                                  "k": "styleMap",
                                  "v": {
                                    "name": "styleMap",
                                    "properties": [],
                                    "type": "PropertyMap[styleMap]"
                                  }
                                },
                                {
                                  "k": "width",
                                  "v": 100
                                },
                                {
                                  "k": "height",
                                  "v": 32
                                },
                                {
                                  "k": "name",
                                  "v": "Field4"
                                },
                                {
                                  "k": "bindings",
                                  "v": {
                                    "list": [
                                      {
                                        "sourceExpression": "value",
                                        "targetExpression": "@datasource.item.cnTrh3wV2jT7BHaR",
                                        "targetLiteralExpression": "@datasource.item.FirstName",
                                        "type": "BindingInfo"
                                      },
                                      {
                                        "sourceExpression": "label",
                                        "targetExpression": "@models.uMxgeY3KGVnK9K6H2opDdnbrBxCjBORo.fields.cnTrh3wV2jT7BHaR.displayName",
                                        "targetLiteralExpression": "@models.Employee.fields.FirstName.displayName",
                                        "type": "BindingInfo"
                                      }
                                    ],
                                    "type": "List[BindingInfo]"
                                  }
                                },
                                {
                                  "k": "autoWidth",
                                  "v": true
                                },
                                {
                                  "k": "align",
                                  "v": "stretch"
                                },
                                {
                                  "k": "autoHeight",
                                  "v": true
                                }
                              ],
                              "type": "ComponentInfo"
                            },
                            {
                              "class": "TextField",
                              "key": "0_64124344",
                              "propList": [
                                {
                                  "k": "styleMap",
                                  "v": {
                                    "name": "styleMap",
                                    "properties": [],
                                    "type": "PropertyMap[styleMap]"
                                  }
                                },
                                {
                                  "k": "width",
                                  "v": 100
                                },
                                {
                                  "k": "height",
                                  "v": 32
                                },
                                {
                                  "k": "name",
                                  "v": "Field3"
                                },
                                {
                                  "k": "bindings",
                                  "v": {
                                    "list": [
                                      {
                                        "sourceExpression": "value",
                                        "targetExpression": "@datasource.item.QQUNqn8Ly3bddoHy",
                                        "targetLiteralExpression": "@datasource.item.LastName",
                                        "type": "BindingInfo"
                                      },
                                      {
                                        "sourceExpression": "label",
                                        "targetExpression": "@models.uMxgeY3KGVnK9K6H2opDdnbrBxCjBORo.fields.QQUNqn8Ly3bddoHy.displayName",
                                        "targetLiteralExpression": "@models.Employee.fields.LastName.displayName",
                                        "type": "BindingInfo"
                                      }
                                    ],
                                    "type": "List[BindingInfo]"
                                  }
                                },
                                {
                                  "k": "autoWidth",
                                  "v": true
                                },
                                {
                                  "k": "align",
                                  "v": "stretch"
                                },
                                {
                                  "k": "autoHeight",
                                  "v": true
                                }
                              ],
                              "type": "ComponentInfo"
                            },
                            {
                              "class": "TextField",
                              "key": "0_1038195449",
                              "propList": [
                                {
                                  "k": "styleMap",
                                  "v": {
                                    "name": "styleMap",
                                    "properties": [],
                                    "type": "PropertyMap[styleMap]"
                                  }
                                },
                                {
                                  "k": "width",
                                  "v": 100
                                },
                                {
                                  "k": "height",
                                  "v": 32
                                },
                                {
                                  "k": "name",
                                  "v": "Field2"
                                },
                                {
                                  "k": "bindings",
                                  "v": {
                                    "list": [
                                      {
                                        "sourceExpression": "value",
                                        "targetExpression": "@datasource.item.w9fmSDUnMdOEbiNd",
                                        "targetLiteralExpression": "@datasource.item.Email",
                                        "type": "BindingInfo"
                                      },
                                      {
                                        "sourceExpression": "label",
                                        "targetExpression": "@models.uMxgeY3KGVnK9K6H2opDdnbrBxCjBORo.fields.w9fmSDUnMdOEbiNd.displayName",
                                        "targetLiteralExpression": "@models.Employee.fields.Email.displayName",
                                        "type": "BindingInfo"
                                      }
                                    ],
                                    "type": "List[BindingInfo]"
                                  }
                                },
                                {
                                  "k": "autoWidth",
                                  "v": true
                                },
                                {
                                  "k": "align",
                                  "v": "stretch"
                                },
                                {
                                  "k": "autoHeight",
                                  "v": true
                                }
                              ],
                              "type": "ComponentInfo"
                            },
                            {
                              "class": "DateTextBox",
                              "key": "0_380658581",
                              "propList": [
                                {
                                  "k": "styleMap",
                                  "v": {
                                    "name": "styleMap",
                                    "properties": [],
                                    "type": "PropertyMap[styleMap]"
                                  }
                                },
                                {
                                  "k": "width",
                                  "v": 100
                                },
                                {
                                  "k": "height",
                                  "v": 32
                                },
                                {
                                  "k": "name",
                                  "v": "Field1"
                                },
                                {
                                  "k": "bindings",
                                  "v": {
                                    "list": [
                                      {
                                        "sourceExpression": "value",
                                        "targetExpression": "@datasource.item.9Q0Yt45D73JayR5g",
                                        "targetLiteralExpression": "@datasource.item.StartDate",
                                        "type": "BindingInfo"
                                      },
                                      {
                                        "sourceExpression": "label",
                                        "targetExpression": "@models.uMxgeY3KGVnK9K6H2opDdnbrBxCjBORo.fields.9Q0Yt45D73JayR5g.displayName",
                                        "targetLiteralExpression": "@models.Employee.fields.StartDate.displayName",
                                        "type": "BindingInfo"
                                      }
                                    ],
                                    "type": "List[BindingInfo]"
                                  }
                                },
                                {
                                  "k": "autoWidth",
                                  "v": true
                                },
                                {
                                  "k": "align",
                                  "v": "stretch"
                                },
                                {
                                  "k": "autoHeight",
                                  "v": true
                                }
                              ],
                              "type": "ComponentInfo"
                            },
                            {
                              "class": "Dropdown",
                              "key": "0_1125854503",
                              "propList": [
                                {
                                  "k": "styleMap",
                                  "v": {
                                    "name": "styleMap",
                                    "properties": [],
                                    "type": "PropertyMap[styleMap]"
                                  }
                                },
                                {
                                  "k": "width",
                                  "v": 150
                                },
                                {
                                  "k": "height",
                                  "v": 32
                                },
                                {
                                  "k": "name",
                                  "v": "Field"
                                },
                                {
                                  "k": "bindings",
                                  "v": {
                                    "list": [
                                      {
                                        "sourceExpression": "options",
                                        "targetExpression": "@datasources.XB8pGwB9a42JUZqxE0JbHq8b91OOSnP2_default.items",
                                        "targetLiteralExpression": "@datasources.Department.items",
                                        "type": "BindingInfo"
                                      },
                                      {
                                        "sourceExpression": "value",
                                        "targetExpression": "@datasource.item._xf4YO9u5Wacs5FJNv8AQu8C6X0qV8fJn",
                                        "targetLiteralExpression": "@datasource.item.Department",
                                        "type": "BindingInfo"
                                      }
                                    ],
                                    "type": "List[BindingInfo]"
                                  }
                                },
                                {
                                  "k": "label",
                                  "v": "Department"
                                },
                                {
                                  "k": "autoWidth",
                                  "v": true
                                },
                                {
                                  "k": "align",
                                  "v": "stretch"
                                },
                                {
                                  "k": "autoHeight",
                                  "v": true
                                }
                              ],
                              "type": "ComponentInfo"
                            }
                          ],
                          "type": "List[ComponentInfo]"
                        }
                      }
                    ],
                    "type": "ComponentInfo"
                  },
                  {
                    "class": "Panel",
                    "key": "0_1891692430",
                    "propList": [
                      {
                        "k": "styleMap",
                        "v": {
                          "name": "styleMap",
                          "properties": [],
                          "type": "PropertyMap[styleMap]"
                        }
                      },
                      {
                        "k": "width",
                        "v": 200
                      },
                      {
                        "k": "height",
                        "v": 200
                      },
                      {
                        "k": "name",
                        "v": "Spring"
                      },
                      {
                        "k": "layout",
                        "v": "horizontal"
                      },
                      {
                        "k": "variant",
                        "v": "Transparent"
                      },
                      {
                        "k": "autoWidth",
                        "v": true
                      },
                      {
                        "k": "align",
                        "v": "stretch"
                      },
                      {
                        "k": "autoHeight",
                        "v": true
                      },
                      {
                        "k": "editorNonInheritedLocked",
                        "v": true
                      },
                      {
                        "k": "minHeight",
                        "v": 16
                      },
                      {
                        "k": "grow",
                        "v": 1
                      }
                    ],
                    "type": "ComponentInfo"
                  },
                  {
                    "class": "Panel",
                    "key": "0_1795232461",
                    "propList": [
                      {
                        "k": "styleMap",
                        "v": {
                          "name": "styleMap",
                          "properties": [],
                          "type": "PropertyMap[styleMap]"
                        }
                      },
                      {
                        "k": "width",
                        "v": 200
                      },
                      {
                        "k": "height",
                        "v": 200
                      },
                      {
                        "k": "name",
                        "v": "Form1Footer"
                      },
                      {
                        "k": "suffixName",
                        "v": "Footer"
                      },
                      {
                        "k": "layout",
                        "v": "horizontal"
                      },
                      {
                        "k": "variant",
                        "v": "Transparent"
                      },
                      {
                        "k": "styles",
                        "v": {
                          "list": ["app-FormFooter"],
                          "type": "List[String]"
                        }
                      },
                      {
                        "k": "autoWidth",
                        "v": true
                      },
                      {
                        "k": "align",
                        "v": "stretch"
                      },
                      {
                        "k": "autoHeight",
                        "v": true
                      },
                      {
                        "k": "justify",
                        "v": "end"
                      },
                      {
                        "k": "alignChildren",
                        "v": "center"
                      },
                      {
                        "k": "editorNonInheritedLocked",
                        "v": true
                      },
                      {
                        "k": "children",
                        "v": {
                          "list": [
                            {
                              "class": "SimpleButton",
                              "key": "0_1875595520",
                              "propList": [
                                {
                                  "k": "styleMap",
                                  "v": {
                                    "name": "styleMap",
                                    "properties": [],
                                    "type": "PropertyMap[styleMap]"
                                  }
                                },
                                {
                                  "k": "width",
                                  "v": 92
                                },
                                {
                                  "k": "height",
                                  "v": 36
                                },
                                {
                                  "k": "name",
                                  "v": "Form1ClearButton"
                                },
                                {
                                  "k": "suffixName",
                                  "v": "ClearButton"
                                },
                                {
                                  "k": "text",
                                  "v": "Clear"
                                },
                                {
                                  "k": "action",
                                  "v": "widget.datasource.clearChanges();"
                                },
                                {
                                  "k": "title",
                                  "v": "Reset all changes"
                                },
                                {
                                  "k": "autoWidth",
                                  "v": true
                                },
                                {
                                  "k": "autoHeight",
                                  "v": true
                                }
                              ],
                              "type": "ComponentInfo"
                            },
                            {
                              "class": "SimpleButton",
                              "key": "0_1740685698",
                              "propList": [
                                {
                                  "k": "styleMap",
                                  "v": {
                                    "name": "styleMap",
                                    "properties": [],
                                    "type": "PropertyMap[styleMap]"
                                  }
                                },
                                {
                                  "k": "width",
                                  "v": 92
                                },
                                {
                                  "k": "height",
                                  "v": 36
                                },
                                {
                                  "k": "name",
                                  "v": "Form1SubmitButton"
                                },
                                {
                                  "k": "suffixName",
                                  "v": "SubmitButton"
                                },
                                {
                                  "k": "variant",
                                  "v": "FlatColor"
                                },
                                {
                                  "k": "text",
                                  "v": "Submit"
                                },
                                {
                                  "k": "action",
                                  "v": "widget.datasource.createItem();"
                                },
                                {
                                  "k": "bindings",
                                  "v": {
                                    "list": [{
                                      "sourceExpression": "enabled",
                                      "targetExpression": "@widget.parent.parent.valid",
                                      "targetLiteralExpression": "@widget.parent.parent.valid",
                                      "type": "BindingInfo"
                                    }],
                                    "type": "List[BindingInfo]"
                                  }
                                },
                                {
                                  "k": "title",
                                  "v": "Submit item"
                                },
                                {
                                  "k": "autoWidth",
                                  "v": true
                                },
                                {
                                  "k": "autoHeight",
                                  "v": true
                                }
                              ],
                              "type": "ComponentInfo"
                            }
                          ],
                          "type": "List[ComponentInfo]"
                        }
                      }
                    ],
                    "type": "ComponentInfo"
                  }
                ],
                "type": "List[ComponentInfo]"
              }
            },
            {
              "k": "top",
              "v": 28
            },
            {
              "k": "left",
              "v": 34
            },
            {
              "k": "right",
              "v": 486
            },
            {
              "k": "bottom",
              "v": 432
            }
          ],
          "type": "ComponentInfo"
        }],
        "type": "List[ComponentInfo]"
      }
    }
  ],
  "type": "ComponentInfo"
}