{
  "class": "Panel",
  "key": "mYnUD6pojiSLYSLRkORklCQ1cyS8DaIu",
  "permission": {
    "name": "canRead",
    "type": "compoundEveryone"
  },
  "propList": [
    {
      "k": "styleMap",
      "v": {
        "name": "styleMap",
        "properties": [],
        "type": "PropertyMap[styleMap]"
      }
    },
    {
      "k": "width",
      "v": 960
    },
    {
      "k": "height",
      "v": 960
    },
    {
      "k": "name",
      "v": "RelationDatasource"
    },
    {
      "k": "variant",
      "v": "Background"
    },
    {
      "k": "top",
      "v": 4
    },
    {
      "k": "left",
      "v": 4
    },
    {
      "k": "bindings",
      "v": {
        "list": [{
          "sourceExpression": "_dataSource",
          "targetExpression": "@datasources.XB8pGwB9a42JUZqxE0JbHq8b91OOSnP2_default",
          "targetLiteralExpression": "@datasources.Department",
          "type": "BindingInfo"
        }],
        "type": "List[BindingInfo]"
      }
    },
    {
      "k": "children",
      "v": {
        "list": [
          {
            "class": "Dropdown",
            "key": "0_2134010202",
            "propList": [
              {
                "k": "styleMap",
                "v": {
                  "name": "styleMap",
                  "properties": [],
                  "type": "PropertyMap[styleMap]"
                }
              },
              {
                "k": "width",
                "v": 150
              },
              {
                "k": "height",
                "v": 32
              },
              {
                "k": "name",
                "v": "Dropdown1"
              },
              {
                "k": "left",
                "v": 50
              },
              {
                "k": "top",
                "v": 46
              },
              {
                "k": "autoHeight",
                "v": true
              },
              {
                "k": "right",
                "v": 760
              },
              {
                "k": "bottom",
                "v": 882
              },
              {
                "k": "bindings",
                "v": {
                  "list": [
                    {
                      "sourceExpression": "value",
                      "targetExpression": "@datasource.item",
                      "targetLiteralExpression": "@datasource.item",
                      "type": "BindingInfo"
                    },
                    {
                      "sourceExpression": "options",
                      "targetExpression": "@datasource.items",
                      "targetLiteralExpression": "@datasource.items",
                      "type": "BindingInfo"
                    }
                  ],
                  "type": "List[BindingInfo]"
                }
              },
              {
                "k": "label",
                "v": "Select a department"
              }
            ],
            "type": "ComponentInfo"
          },
          {
            "class": "Panel",
            "key": "0_1828780013",
            "propList": [
              {
                "k": "styleMap",
                "v": {
                  "name": "styleMap",
                  "properties": [],
                  "type": "PropertyMap[styleMap]"
                }
              },
              {
                "k": "width",
                "v": 915
              },
              {
                "k": "height",
                "v": 530
              },
              {
                "k": "name",
                "v": "Table1"
              },
              {
                "k": "layout",
                "v": "vertical"
              },
              {
                "k": "styles",
                "v": {
                  "list": ["app-ListTable"],
                  "type": "List[String]"
                }
              },
              {
                "k": "children",
                "v": {
                  "list": [
                    {
                      "class": "Panel",
                      "key": "0_175564844",
                      "propList": [
                        {
                          "k": "styleMap",
                          "v": {
                            "name": "styleMap",
                            "properties": [],
                            "type": "PropertyMap[styleMap]"
                          }
                        },
                        {
                          "k": "width",
                          "v": 200
                        },
                        {
                          "k": "height",
                          "v": 200
                        },
                        {
                          "k": "name",
                          "v": "Table1Header"
                        },
                        {
                          "k": "layout",
                          "v": "horizontal"
                        },
                        {
                          "k": "autoWidth",
                          "v": true
                        },
                        {
                          "k": "align",
                          "v": "stretch"
                        },
                        {
                          "k": "autoHeight",
                          "v": true
                        },
                        {
                          "k": "alignChildren",
                          "v": "center"
                        },
                        {
                          "k": "suffixName",
                          "v": "Header"
                        },
                        {
                          "k": "styles",
                          "v": {
                            "list": ["app-ListTableHeaderPanel"],
                            "type": "List[String]"
                          }
                        },
                        {
                          "k": "children",
                          "v": {
                            "list": [
                              {
                                "class": "SimpleLabel",
                                "key": "0_196334918",
                                "propList": [
                                  {
                                    "k": "styleMap",
                                    "v": {
                                      "name": "styleMap",
                                      "properties": [
                                        {
                                          "name": "margin-left",
                                          "value": "24px"
                                        },
                                        {
                                          "name": "margin-right",
                                          "value": "18px"
                                        },
                                        {
                                          "name": "margin-top",
                                          "value": "16px"
                                        },
                                        {
                                          "name": "margin-bottom",
                                          "value": "16px"
                                        }
                                      ],
                                      "type": "PropertyMap[styleMap]"
                                    }
                                  },
                                  {
                                    "k": "width",
                                    "v": 100
                                  },
                                  {
                                    "k": "height",
                                    "v": 20
                                  },
                                  {
                                    "k": "name",
                                    "v": "Table1FirstNameHeader"
                                  },
                                  {
                                    "k": "suffixName",
                                    "v": "FirstNameHeader"
                                  },
                                  {
                                    "k": "text",
                                    "v": "First Name"
                                  },
                                  {
                                    "k": "bindings",
                                    "v": {
                                      "list": [{
                                        "sourceExpression": "text",
                                        "targetExpression": "@models.uMxgeY3KGVnK9K6H2opDdnbrBxCjBORo.fields.cnTrh3wV2jT7BHaR.displayName",
                                        "targetLiteralExpression": "@models.Employee.fields.FirstName.displayName",
                                        "type": "BindingInfo"
                                      }],
                                      "type": "List[BindingInfo]"
                                    }
                                  },
                                  {
                                    "k": "autoWidth",
                                    "v": true
                                  },
                                  {
                                    "k": "autoHeight",
                                    "v": true
                                  },
                                  {
                                    "k": "grow",
                                    "v": 1
                                  },
                                  {
                                    "k": "styles",
                                    "v": {
                                      "list": ["app-ListTableHeader"],
                                      "type": "List[String]"
                                    }
                                  }
                                ],
                                "type": "ComponentInfo"
                              },
                              {
                                "class": "SimpleLabel",
                                "key": "0_116560080",
                                "propList": [
                                  {
                                    "k": "styleMap",
                                    "v": {
                                      "name": "styleMap",
                                      "properties": [
                                        {
                                          "name": "margin-left",
                                          "value": "18px"
                                        },
                                        {
                                          "name": "margin-right",
                                          "value": "18px"
                                        },
                                        {
                                          "name": "margin-top",
                                          "value": "16px"
                                        },
                                        {
                                          "name": "margin-bottom",
                                          "value": "16px"
                                        }
                                      ],
                                      "type": "PropertyMap[styleMap]"
                                    }
                                  },
                                  {
                                    "k": "width",
                                    "v": 100
                                  },
                                  {
                                    "k": "height",
                                    "v": 20
                                  },
                                  {
                                    "k": "name",
                                    "v": "Table1LastNameHeader"
                                  },
                                  {
                                    "k": "suffixName",
                                    "v": "LastNameHeader"
                                  },
                                  {
                                    "k": "text",
                                    "v": "Last Name"
                                  },
                                  {
                                    "k": "bindings",
                                    "v": {
                                      "list": [{
                                        "sourceExpression": "text",
                                        "targetExpression": "@models.uMxgeY3KGVnK9K6H2opDdnbrBxCjBORo.fields.QQUNqn8Ly3bddoHy.displayName",
                                        "targetLiteralExpression": "@models.Employee.fields.LastName.displayName",
                                        "type": "BindingInfo"
                                      }],
                                      "type": "List[BindingInfo]"
                                    }
                                  },
                                  {
                                    "k": "autoWidth",
                                    "v": true
                                  },
                                  {
                                    "k": "autoHeight",
                                    "v": true
                                  },
                                  {
                                    "k": "grow",
                                    "v": 1
                                  },
                                  {
                                    "k": "styles",
                                    "v": {
                                      "list": ["app-ListTableHeader"],
                                      "type": "List[String]"
                                    }
                                  }
                                ],
                                "type": "ComponentInfo"
                              },
                              {
                                "class": "SimpleLabel",
                                "key": "0_380176935",
                                "propList": [
                                  {
                                    "k": "styleMap",
                                    "v": {
                                      "name": "styleMap",
                                      "properties": [
                                        {
                                          "name": "margin-left",
                                          "value": "18px"
                                        },
                                        {
                                          "name": "margin-right",
                                          "value": "18px"
                                        },
                                        {
                                          "name": "margin-top",
                                          "value": "16px"
                                        },
                                        {
                                          "name": "margin-bottom",
                                          "value": "16px"
                                        }
                                      ],
                                      "type": "PropertyMap[styleMap]"
                                    }
                                  },
                                  {
                                    "k": "width",
                                    "v": 100
                                  },
                                  {
                                    "k": "height",
                                    "v": 20
                                  },
                                  {
                                    "k": "name",
                                    "v": "Table1EmailHeader"
                                  },
                                  {
                                    "k": "suffixName",
                                    "v": "EmailHeader"
                                  },
                                  {
                                    "k": "text",
                                    "v": "Email"
                                  },
                                  {
                                    "k": "bindings",
                                    "v": {
                                      "list": [{
                                        "sourceExpression": "text",
                                        "targetExpression": "@models.uMxgeY3KGVnK9K6H2opDdnbrBxCjBORo.fields.w9fmSDUnMdOEbiNd.displayName",
                                        "targetLiteralExpression": "@models.Employee.fields.Email.displayName",
                                        "type": "BindingInfo"
                                      }],
                                      "type": "List[BindingInfo]"
                                    }
                                  },
                                  {
                                    "k": "autoWidth",
                                    "v": true
                                  },
                                  {
                                    "k": "autoHeight",
                                    "v": true
                                  },
                                  {
                                    "k": "grow",
                                    "v": 1
                                  },
                                  {
                                    "k": "styles",
                                    "v": {
                                      "list": ["app-ListTableHeader"],
                                      "type": "List[String]"
                                    }
                                  }
                                ],
                                "type": "ComponentInfo"
                              },
                              {
                                "class": "SimpleLabel",
                                "key": "0_91364298",
                                "propList": [
                                  {
                                    "k": "styleMap",
                                    "v": {
                                      "name": "styleMap",
                                      "properties": [
                                        {
                                          "name": "margin-left",
                                          "value": "18px"
                                        },
                                        {
                                          "name": "margin-right",
                                          "value": "18px"
                                        },
                                        {
                                          "name": "margin-top",
                                          "value": "16px"
                                        },
                                        {
                                          "name": "margin-bottom",
                                          "value": "16px"
                                        }
                                      ],
                                      "type": "PropertyMap[styleMap]"
                                    }
                                  },
                                  {
                                    "k": "width",
                                    "v": 75
                                  },
                                  {
                                    "k": "height",
                                    "v": 20
                                  },
                                  {
                                    "k": "name",
                                    "v": "Table1StartDateHeader"
                                  },
                                  {
                                    "k": "suffixName",
                                    "v": "StartDateHeader"
                                  },
                                  {
                                    "k": "text",
                                    "v": "Start Date"
                                  },
                                  {
                                    "k": "bindings",
                                    "v": {
                                      "list": [{
                                        "sourceExpression": "text",
                                        "targetExpression": "@models.uMxgeY3KGVnK9K6H2opDdnbrBxCjBORo.fields.9Q0Yt45D73JayR5g.displayName",
                                        "targetLiteralExpression": "@models.Employee.fields.StartDate.displayName",
                                        "type": "BindingInfo"
                                      }],
                                      "type": "List[BindingInfo]"
                                    }
                                  },
                                  {
                                    "k": "autoHeight",
                                    "v": true
                                  },
                                  {
                                    "k": "styles",
                                    "v": {
                                      "list": ["app-ListTableHeader"],
                                      "type": "List[String]"
                                    }
                                  }
                                ],
                                "type": "ComponentInfo"
                              },
                              {
                                "class": "SimpleLabel",
                                "key": "0_381131525",
                                "propList": [
                                  {
                                    "k": "styleMap",
                                    "v": {
                                      "name": "styleMap",
                                      "properties": [
                                        {
                                          "name": "margin-left",
                                          "value": "18px"
                                        },
                                        {
                                          "name": "margin-right",
                                          "value": "18px"
                                        },
                                        {
                                          "name": "margin-top",
                                          "value": "16px"
                                        },
                                        {
                                          "name": "margin-bottom",
                                          "value": "16px"
                                        }
                                      ],
                                      "type": "PropertyMap[styleMap]"
                                    }
                                  },
                                  {
                                    "k": "width",
                                    "v": 100
                                  },
                                  {
                                    "k": "height",
                                    "v": 20
                                  },
                                  {
                                    "k": "name",
                                    "v": "Table1DepartmentHeader"
                                  },
                                  {
                                    "k": "suffixName",
                                    "v": "DepartmentHeader"
                                  },
                                  {
                                    "k": "text",
                                    "v": "Department"
                                  },
                                  {
                                    "k": "autoWidth",
                                    "v": true
                                  },
                                  {
                                    "k": "autoHeight",
                                    "v": true
                                  },
                                  {
                                    "k": "grow",
                                    "v": 1
                                  },
                                  {
                                    "k": "styles",
                                    "v": {
                                      "list": ["app-ListTableHeader"],
                                      "type": "List[String]"
                                    }
                                  }
                                ],
                                "type": "ComponentInfo"
                              },
                              {
                                "class": "LoadingIndicator",
                                "key": "0_405909206",
                                "propList": [
                                  {
                                    "k": "styleMap",
                                    "v": {
                                      "name": "styleMap",
                                      "properties": [],
                                      "type": "PropertyMap[styleMap]"
                                    }
                                  },
                                  {
                                    "k": "bindings",
                                    "v": {
                                      "list": [{
                                        "sourceExpression": "visible",
                                        "targetExpression": "@datasource.loading || @datasource.creating || @datasource.deleting",
                                        "targetLiteralExpression": "@datasource.loading || @datasource.creating || @datasource.deleting",
                                        "type": "BindingInfo"
                                      }],
                                      "type": "List[BindingInfo]"
                                    }
                                  },
                                  {
                                    "k": "width",
                                    "v": 22
                                  },
                                  {
                                    "k": "height",
                                    "v": 22
                                  },
                                  {
                                    "k": "name",
                                    "v": "Table1Spinner"
                                  },
                                  {
                                    "k": "invisibilityType",
                                    "v": "hidden"
                                  },
                                  {
                                    "k": "suffixName",
                                    "v": "Spinner"
                                  }
                                ],
                                "type": "ComponentInfo"
                              }
                            ],
                            "type": "List[ComponentInfo]"
                          }
                        }
                      ],
                      "type": "ComponentInfo"
                    },
                    {
                      "class": "ListPanel",
                      "key": "0_96424453",
                      "propList": [
                        {
                          "k": "styleMap",
                          "v": {
                            "name": "styleMap",
                            "properties": [],
                            "type": "PropertyMap[styleMap]"
                          }
                        },
                        {
                          "k": "prototype",
                          "v": {
                            "appKey": "1_443800730",
                            "type": "AppChildKey"
                          }
                        },
                        {
                          "k": "children",
                          "v": {
                            "list": [{
                              "class": "Panel",
                              "key": "1_443800730",
                              "propList": [
                                {
                                  "k": "styleMap",
                                  "v": {
                                    "name": "styleMap",
                                    "properties": [],
                                    "type": "PropertyMap[styleMap]"
                                  }
                                },
                                {
                                  "k": "height",
                                  "v": 40
                                },
                                {
                                  "k": "autoWidth",
                                  "v": true
                                },
                                {
                                  "k": "align",
                                  "v": "stretch"
                                },
                                {
                                  "k": "name",
                                  "v": "Table1Row"
                                },
                                {
                                  "k": "styleDescriptorName",
                                  "v": "ListPanelRow"
                                },
                                {
                                  "k": "suffixName",
                                  "v": "Row"
                                },
                                {
                                  "k": "layout",
                                  "v": "horizontal"
                                },
                                {
                                  "k": "autoHeight",
                                  "v": true
                                },
                                {
                                  "k": "alignChildren",
                                  "v": "center"
                                },
                                {
                                  "k": "styles",
                                  "v": {
                                    "list": [
                                      "app-ListTableRow",
                                      "hoverAncestor"
                                    ],
                                    "type": "List[String]"
                                  }
                                },
                                {
                                  "k": "children",
                                  "v": {
                                    "list": [
                                      {
                                        "class": "SimpleLabel",
                                        "key": "0_1397914328",
                                        "propList": [
                                          {
                                            "k": "styleMap",
                                            "v": {
                                              "name": "styleMap",
                                              "properties": [
                                                {
                                                  "name": "margin-left",
                                                  "value": "24px"
                                                },
                                                {
                                                  "name": "margin-right",
                                                  "value": "18px"
                                                },
                                                {
                                                  "name": "margin-top",
                                                  "value": "16px"
                                                },
                                                {
                                                  "name": "margin-bottom",
                                                  "value": "16px"
                                                }
                                              ],
                                              "type": "PropertyMap[styleMap]"
                                            }
                                          },
                                          {
                                            "k": "width",
                                            "v": 100
                                          },
                                          {
                                            "k": "height",
                                            "v": 20
                                          },
                                          {
                                            "k": "name",
                                            "v": "Field4"
                                          },
                                          {
                                            "k": "bindings",
                                            "v": {
                                              "list": [{
                                                "sourceExpression": "text",
                                                "targetExpression": "@datasource.item.cnTrh3wV2jT7BHaR",
                                                "targetLiteralExpression": "@datasource.item.FirstName",
                                                "type": "BindingInfo"
                                              }],
                                              "type": "List[BindingInfo]"
                                            }
                                          },
                                          {
                                            "k": "text",
                                            "v": "Label"
                                          },
                                          {
                                            "k": "label",
                                            "v": ""
                                          },
                                          {
                                            "k": "autoWidth",
                                            "v": true
                                          },
                                          {
                                            "k": "autoHeight",
                                            "v": true
                                          },
                                          {
                                            "k": "grow",
                                            "v": 1
                                          }
                                        ],
                                        "type": "ComponentInfo"
                                      },
                                      {
                                        "class": "SimpleLabel",
                                        "key": "0_1063483846",
                                        "propList": [
                                          {
                                            "k": "styleMap",
                                            "v": {
                                              "name": "styleMap",
                                              "properties": [
                                                {
                                                  "name": "margin-left",
                                                  "value": "18px"
                                                },
                                                {
                                                  "name": "margin-right",
                                                  "value": "18px"
                                                },
                                                {
                                                  "name": "margin-top",
                                                  "value": "16px"
                                                },
                                                {
                                                  "name": "margin-bottom",
                                                  "value": "16px"
                                                }
                                              ],
                                              "type": "PropertyMap[styleMap]"
                                            }
                                          },
                                          {
                                            "k": "width",
                                            "v": 100
                                          },
                                          {
                                            "k": "height",
                                            "v": 20
                                          },
                                          {
                                            "k": "name",
                                            "v": "Field3"
                                          },
                                          {
                                            "k": "bindings",
                                            "v": {
                                              "list": [{
                                                "sourceExpression": "text",
                                                "targetExpression": "@datasource.item.QQUNqn8Ly3bddoHy",
                                                "targetLiteralExpression": "@datasource.item.LastName",
                                                "type": "BindingInfo"
                                              }],
                                              "type": "List[BindingInfo]"
                                            }
                                          },
                                          {
                                            "k": "text",
                                            "v": "Label"
                                          },
                                          {
                                            "k": "label",
                                            "v": ""
                                          },
                                          {
                                            "k": "autoWidth",
                                            "v": true
                                          },
                                          {
                                            "k": "autoHeight",
                                            "v": true
                                          },
                                          {
                                            "k": "grow",
                                            "v": 1
                                          }
                                        ],
                                        "type": "ComponentInfo"
                                      },
                                      {
                                        "class": "SimpleLabel",
                                        "key": "0_1250221461",
                                        "propList": [
                                          {
                                            "k": "styleMap",
                                            "v": {
                                              "name": "styleMap",
                                              "properties": [
                                                {
                                                  "name": "margin-left",
                                                  "value": "18px"
                                                },
                                                {
                                                  "name": "margin-right",
                                                  "value": "18px"
                                                },
                                                {
                                                  "name": "margin-top",
                                                  "value": "16px"
                                                },
                                                {
                                                  "name": "margin-bottom",
                                                  "value": "16px"
                                                }
                                              ],
                                              "type": "PropertyMap[styleMap]"
                                            }
                                          },
                                          {
                                            "k": "width",
                                            "v": 100
                                          },
                                          {
                                            "k": "height",
                                            "v": 20
                                          },
                                          {
                                            "k": "name",
                                            "v": "Field2"
                                          },
                                          {
                                            "k": "bindings",
                                            "v": {
                                              "list": [{
                                                "sourceExpression": "text",
                                                "targetExpression": "@datasource.item.w9fmSDUnMdOEbiNd",
                                                "targetLiteralExpression": "@datasource.item.Email",
                                                "type": "BindingInfo"
                                              }],
                                              "type": "List[BindingInfo]"
                                            }
                                          },
                                          {
                                            "k": "text",
                                            "v": "Label"
                                          },
                                          {
                                            "k": "label",
                                            "v": ""
                                          },
                                          {
                                            "k": "autoWidth",
                                            "v": true
                                          },
                                          {
                                            "k": "autoHeight",
                                            "v": true
                                          },
                                          {
                                            "k": "grow",
                                            "v": 1
                                          }
                                        ],
                                        "type": "ComponentInfo"
                                      },
                                      {
                                        "class": "SimpleLabel",
                                        "key": "0_571510116",
                                        "propList": [
                                          {
                                            "k": "styleMap",
                                            "v": {
                                              "name": "styleMap",
                                              "properties": [
                                                {
                                                  "name": "margin-left",
                                                  "value": "18px"
                                                },
                                                {
                                                  "name": "margin-right",
                                                  "value": "18px"
                                                },
                                                {
                                                  "name": "margin-top",
                                                  "value": "16px"
                                                },
                                                {
                                                  "name": "margin-bottom",
                                                  "value": "16px"
                                                }
                                              ],
                                              "type": "PropertyMap[styleMap]"
                                            }
                                          },
                                          {
                                            "k": "width",
                                            "v": 75
                                          },
                                          {
                                            "k": "height",
                                            "v": 20
                                          },
                                          {
                                            "k": "name",
                                            "v": "Field1"
                                          },
                                          {
                                            "k": "bindings",
                                            "v": {
                                              "list": [{
                                                "sourceExpression": "text",
                                                "targetExpression": "@datasource.item.9Q0Yt45D73JayR5g",
                                                "targetLiteralExpression": "@datasource.item.StartDate",
                                                "type": "BindingInfo"
                                              }],
                                              "type": "List[BindingInfo]"
                                            }
                                          },
                                          {
                                            "k": "text",
                                            "v": "Label"
                                          },
                                          {
                                            "k": "label",
                                            "v": ""
                                          },
                                          {
                                            "k": "autoHeight",
                                            "v": true
                                          }
                                        ],
                                        "type": "ComponentInfo"
                                      },
                                      {
                                        "class": "SimpleLabel",
                                        "key": "0_1087230599",
                                        "propList": [
                                          {
                                            "k": "styleMap",
                                            "v": {
                                              "name": "styleMap",
                                              "properties": [
                                                {
                                                  "name": "margin-left",
                                                  "value": "18px"
                                                },
                                                {
                                                  "name": "margin-right",
                                                  "value": "18px"
                                                },
                                                {
                                                  "name": "margin-top",
                                                  "value": "16px"
                                                },
                                                {
                                                  "name": "margin-bottom",
                                                  "value": "16px"
                                                }
                                              ],
                                              "type": "PropertyMap[styleMap]"
                                            }
                                          },
                                          {
                                            "k": "width",
                                            "v": 100
                                          },
                                          {
                                            "k": "height",
                                            "v": 20
                                          },
                                          {
                                            "k": "name",
                                            "v": "Field"
                                          },
                                          {
                                            "k": "bindings",
                                            "v": {
                                              "list": [{
                                                "sourceExpression": "text",
                                                "targetExpression": "@datasource.item._xf4YO9u5Wacs5FJNv8AQu8C6X0qV8fJn.bKPPKY7PYN5Hpx0Y",
                                                "targetLiteralExpression": "@datasource.item.Department.Department",
                                                "type": "BindingInfo"
                                              }],
                                              "type": "List[BindingInfo]"
                                            }
                                          },
                                          {
                                            "k": "text",
                                            "v": "Label"
                                          },
                                          {
                                            "k": "autoWidth",
                                            "v": true
                                          },
                                          {
                                            "k": "autoHeight",
                                            "v": true
                                          },
                                          {
                                            "k": "grow",
                                            "v": 1
                                          }
                                        ],
                                        "type": "ComponentInfo"
                                      },
                                      {
                                        "class": "SimpleButton",
                                        "key": "0_1967844760",
                                        "propList": [
                                          {
                                            "k": "styleMap",
                                            "v": {
                                              "name": "styleMap",
                                              "properties": [{
                                                "name": "margin-right",
                                                "value": "24px"
                                              }],
                                              "type": "PropertyMap[styleMap]"
                                            }
                                          },
                                          {
                                            "k": "width",
                                            "v": 92
                                          },
                                          {
                                            "k": "height",
                                            "v": 36
                                          },
                                          {
                                            "k": "name",
                                            "v": "DeleteButton"
                                          },
                                          {
                                            "k": "variant",
                                            "v": "Icon"
                                          },
                                          {
                                            "k": "text",
                                            "v": "Delete"
                                          },
                                          {
                                            "k": "title",
                                            "v": "Delete"
                                          },
                                          {
                                            "k": "ariaLabel",
                                            "v": "Delete table row"
                                          },
                                          {
                                            "k": "action",
                                            "v": "widget.datasource.deleteItem();"
                                          },
                                          {
                                            "k": "constrain_right",
                                            "v": true
                                          },
                                          {
                                            "k": "constrain_left",
                                            "v": false
                                          },
                                          {
                                            "k": "right",
                                            "v": 8
                                          },
                                          {
                                            "k": "top",
                                            "v": 6
                                          },
                                          {
                                            "k": "left",
                                            "v": 871
                                          },
                                          {
                                            "k": "autoHeight",
                                            "v": true
                                          },
                                          {
                                            "k": "autoWidth",
                                            "v": true
                                          },
                                          {
                                            "k": "styles",
                                            "v": {
                                              "list": ["visibleOnAncestorHover"],
                                              "type": "List[String]"
                                            }
                                          }
                                        ],
                                        "type": "ComponentInfo"
                                      }
                                    ],
                                    "type": "List[ComponentInfo]"
                                  }
                                }
                              ],
                              "type": "ComponentInfo"
                            }],
                            "type": "List[ComponentInfo]"
                          }
                        },
                        {
                          "k": "width",
                          "v": 400
                        },
                        {
                          "k": "height",
                          "v": 200
                        },
                        {
                          "k": "name",
                          "v": "Table1Body"
                        },
                        {
                          "k": "suffixName",
                          "v": "Body"
                        },
                        {
                          "k": "autoWidth",
                          "v": true
                        },
                        {
                          "k": "align",
                          "v": "stretch"
                        },
                        {
                          "k": "autoHeight",
                          "v": true
                        },
                        {
                          "k": "grow",
                          "v": 1
                        },
                        {
                          "k": "editorNonInheritedLocked",
                          "v": true
                        },
                        {
                          "k": "constrain_width",
                          "v": false
                        },
                        {
                          "k": "constrain_right",
                          "v": true
                        }
                      ],
                      "type": "ComponentInfo"
                    }
                  ],
                  "type": "List[ComponentInfo]"
                }
              },
              {
                "k": "bindings",
                "v": {
                  "list": [{
                    "sourceExpression": "_dataSource",
                    "targetExpression": "@widget.parent.datasource.relations.xf4YO9u5Wacs5FJNv8AQu8C6X0qV8fJn",
                    "targetLiteralExpression": "@widget.parent.datasource.relations.Employee",
                    "type": "BindingInfo"
                  }],
                  "type": "List[BindingInfo]"
                }
              },
              {
                "k": "variant",
                "v": "Paper"
              },
              {
                "k": "top",
                "v": 113
              },
              {
                "k": "left",
                "v": 50
              },
              {
                "k": "right",
                "v": -5
              },
              {
                "k": "bottom",
                "v": 300
              }
            ],
            "type": "ComponentInfo"
          }
        ],
        "type": "List[ComponentInfo]"
      }
    }
  ],
  "type": "ComponentInfo"
}