{
  "executionMode": "USER",
  "globalCss": "/* Button CSS */\n\n\n.z-depth-1, nav, .card-panel, .card, .toast, .btn, .btn-large, .btn-floating, .dropdown-content, .collapsible, .side-nav {\n  -webkit-box-shadow: 0 2px 2px 0 rgba(0, 0, 0, 0.14), 0 1px 5px 0 rgba(0, 0, 0, 0.12), 0 3px 1px -2px rgba(0, 0, 0, 0.2);\n          box-shadow: 0 2px 2px 0 rgba(0, 0, 0, 0.14), 0 1px 5px 0 rgba(0, 0, 0, 0.12), 0 3px 1px -2px rgba(0, 0, 0, 0.2);\n}\n\n.z-depth-1-half, .btn:hover, .btn-large:hover, .btn-floating:hover {\n  -webkit-box-shadow: 0 3px 3px 0 rgba(0, 0, 0, 0.14), 0 1px 7px 0 rgba(0, 0, 0, 0.12), 0 3px 1px -1px rgba(0, 0, 0, 0.2);\n          box-shadow: 0 3px 3px 0 rgba(0, 0, 0, 0.14), 0 1px 7px 0 rgba(0, 0, 0, 0.12), 0 3px 1px -1px rgba(0, 0, 0, 0.2);\n}\n\n.btn:hover, .btn-large:hover {\n  background-color: #ffff72;\n}",
  "groups": [],
  "initialViewKey": "WUQtOvH9awk8YYBHh53vGblXXPBWZqYh",
  "libraries": [
    "https://canvasjs.com/assets/script/canvasjs.min.js",
    "https://www.gstatic.com/charts/loader.js",
    "https://cdnjs.cloudflare.com/ajax/libs/materialize/0.100.2/js/materialize.min.js"
  ],
  "templateKey": "sqlTemplate.blank"
}